Order_ID,Order_Date,Country,Region,Product,Category,Quantity,Unit_Price,Unit_Cost,Revenue,Cost,Profit,Profit_Margin,Month
102707,2025-01-01,Germany,Europe,Monitor,Electronics,14,322.82,234.87,4519.48,3288.18,1231.2999999999997,0.2724428474072238,2025-01
104038,2025-01-01,Mexico,North America,Monitor,Electronics,14,358.28,230.71,5015.92,3229.94,1785.98,0.35606229764430053,2025-01
103153,2025-01-01,USA,North America,Tablet,Electronics,15,405.59,290.24,6083.85,4353.6,1730.25,0.2844005029709805,2025-01
103617,2025-01-01,South Korea,Asia,Smartwatch,Wearables,11,223.53,127.81,2458.83,1405.91,1052.9199999999998,0.4282199257370375,2025-01
102562,2025-01-01,Mexico,North America,Smartwatch,Wearables,3,201.58,139.86,604.74,419.58,185.16000000000003,0.3061811687667428,2025-01
100813,2025-01-01,France,Europe,Phone,Electronics,10,591.98,467.63,5919.8,4676.3,1243.5,0.21005777222203453,2025-01
102525,2025-01-01,Canada,North America,Smartwatch,Wearables,6,240.38,140.9,1442.28,845.4,596.88,0.41384474581911973,2025-01
103504,2025-01-02,Italy,Europe,Mouse,Accessories,15,49.73,23.38,745.95,350.7,395.25000000000006,0.529861250754072,2025-01
104589,2025-01-02,USA,North America,Smartwatch,Wearables,4,215.08,145.0,860.32,580.0,280.32000000000005,0.3258322484656872,2025-01
102226,2025-01-02,India,Asia,Monitor,Electronics,3,373.45,246.96,1120.35,740.88,379.4699999999999,0.33870665417057166,2025-01
100007,2025-01-02,UK,Europe,Laptop,Electronics,5,997.26,638.07,4986.3,3190.35,1795.9500000000003,0.36017688466397935,2025-01
103275,2025-01-02,Mexico,North America,Smartwatch,Wearables,3,213.22,127.94,639.66,383.82,255.83999999999997,0.3999624800675359,2025-01
102513,2025-01-02,Japan,Asia,Headphones,Accessories,7,128.91,70.71,902.37,494.97,407.4,0.4514777751919944,2025-01
104454,2025-01-03,Canada,North America,Tablet,Electronics,10,412.58,292.54,4125.8,2925.4,1200.4,0.29094963401037377,2025-01
104665,2025-01-03,USA,North America,Tablet,Electronics,6,433.99,317.44,2603.94,1904.64,699.3,0.26855457499020713,2025-01
101077,2025-01-03,Singapore,Asia,Monitor,Electronics,6,318.27,231.83,1909.62,1390.98,518.6399999999999,0.27159330128507236,2025-01
102784,2025-01-03,Canada,North America,Keyboard,Accessories,4,63.55,35.93,254.2,143.72,110.47999999999999,0.434618410700236,2025-01
102651,2025-01-03,France,Europe,Headphones,Accessories,9,119.61,69.25,1076.49,623.25,453.24,0.4210350305158432,2025-01
101459,2025-01-03,Spain,Europe,Mouse,Accessories,1,41.53,24.49,41.53,24.49,17.040000000000003,0.4103058030339514,2025-01
101170,2025-01-03,Netherlands,Europe,Keyboard,Accessories,10,65.63,36.51,656.3,365.1,291.19999999999993,0.44369952765503573,2025-01
104835,2025-01-04,Japan,Asia,Laptop,Electronics,11,917.71,642.59,10094.81,7068.49,3026.3199999999997,0.29978969391202015,2025-01
100023,2025-01-04,Germany,Europe,Smartwatch,Wearables,12,211.65,131.22,2539.8,1574.64,965.1600000000001,0.3800141743444366,2025-01
100871,2025-01-04,Japan,Asia,Tablet,Electronics,15,486.68,313.38,7300.2,4700.7,2599.5,0.3560861346264486,2025-01
100093,2025-01-04,Canada,North America,Tablet,Electronics,3,429.1,290.31,1287.3,870.93,416.37,0.32344441855045447,2025-01
102187,2025-01-04,Australia,Australia & Oceania,Keyboard,Accessories,9,73.51,40.53,661.59,364.77,296.82000000000005,0.4486464426608625,2025-01
101388,2025-01-04,UK,Europe,Phone,Electronics,11,598.28,449.35,6581.08,4942.85,1638.2299999999996,0.2489302667647255,2025-01
104218,2025-01-05,South Korea,Asia,Keyboard,Accessories,6,65.88,38.35,395.28,230.1,165.17999999999998,0.41788099574984816,2025-01
101750,2025-01-05,Italy,Europe,Monitor,Electronics,9,364.37,230.19,3279.33,2071.71,1207.62,0.3682520514861267,2025-01
102138,2025-01-05,USA,North America,Keyboard,Accessories,4,76.82,35.7,307.28,142.8,164.47999999999996,0.5352772715438687,2025-01
104646,2025-01-05,Canada,North America,Smartwatch,Wearables,8,233.51,142.67,1868.08,1141.36,726.72,0.3890197421951951,2025-01
100802,2025-01-05,Italy,Europe,Tablet,Electronics,14,419.44,303.6,5872.16,4250.4,1621.7600000000002,0.2761777608239558,2025-01
104304,2025-01-05,South Korea,Asia,Monitor,Electronics,5,336.9,225.76,1684.5,1128.8,555.7,0.3298901751261502,2025-01
104315,2025-01-05,Australia,Australia & Oceania,Laptop,Electronics,8,855.51,678.42,6844.08,5427.36,1416.7200000000003,0.20699933373075713,2025-01
101088,2025-01-05,France,Europe,Smartwatch,Wearables,5,237.65,130.7,1188.25,653.5,534.75,0.45003155901535874,2025-01
104939,2025-01-05,Mexico,North America,Smartwatch,Wearables,15,209.71,143.92,3145.65,2158.8,986.8499999999999,0.31371894521005195,2025-01
104161,2025-01-05,Singapore,Asia,Headphones,Accessories,5,111.36,66.13,556.8,330.65,226.14999999999998,0.4061602011494253,2025-01
100248,2025-01-05,New Zealand,Australia & Oceania,Monitor,Electronics,12,334.17,225.42,4010.04,2705.04,1305.0,0.3254331627614687,2025-01
104098,2025-01-05,France,Europe,Smartwatch,Wearables,2,204.01,132.91,408.02,265.82,142.2,0.3485123278270673,2025-01
103047,2025-01-05,Japan,Asia,Tablet,Electronics,9,442.92,305.47,3986.28,2749.23,1237.0500000000002,0.3103269213401969,2025-01
100004,2025-01-05,Singapore,Asia,Smartwatch,Wearables,13,214.1,129.22,2783.3,1679.86,1103.4400000000003,0.39645025688930413,2025-01
103379,2025-01-06,Italy,Europe,Keyboard,Accessories,5,72.1,38.8,360.5,194.0,166.5,0.4618585298196949,2025-01
103864,2025-01-06,Germany,Europe,Phone,Electronics,15,678.1,461.34,10171.5,6920.1,3251.3999999999996,0.31965786757115466,2025-01
102810,2025-01-06,Canada,North America,Tablet,Electronics,11,424.18,316.83,4665.98,3485.13,1180.8499999999995,0.25307652411712,2025-01
104334,2025-01-06,Mexico,North America,Headphones,Accessories,4,128.81,70.5,515.24,282.0,233.24,0.4526822451673007,2025-01
101360,2025-01-06,Singapore,Asia,Smartwatch,Wearables,14,233.43,142.52,3268.02,1995.28,1272.74,0.38945294092447413,2025-01
100355,2025-01-06,Italy,Europe,Laptop,Electronics,4,890.84,635.07,3563.36,2540.28,1023.0799999999999,0.28711104126442455,2025-01
100751,2025-01-06,France,Europe,Monitor,Electronics,9,385.53,227.46,3469.77,2047.14,1422.6299999999999,0.41000700334604306,2025-01
103820,2025-01-06,UAE,Asia,Mouse,Accessories,15,45.49,23.41,682.35,351.15,331.20000000000005,0.48538140250604533,2025-01
103677,2025-01-06,Germany,Europe,Monitor,Electronics,8,364.44,231.45,2915.52,1851.6,1063.92,0.36491603556140934,2025-01
103327,2025-01-06,USA,North America,Smartwatch,Wearables,8,199.4,133.5,1595.2,1068.0,527.2,0.3304914744232698,2025-01
101481,2025-01-06,USA,North America,Headphones,Accessories,8,119.95,72.76,959.6,582.08,377.52,0.39341392246769485,2025-01
100722,2025-01-06,Italy,Europe,Headphones,Accessories,5,121.67,68.93,608.35,344.65,263.70000000000005,0.43346757623078824,2025-01
100132,2025-01-07,Germany,Europe,Phone,Electronics,14,692.51,445.46,9695.14,6236.44,3458.7,0.356745750963885,2025-01
102709,2025-01-07,Spain,Europe,Tablet,Electronics,1,447.38,325.52,447.38,325.52,121.86000000000001,0.27238589118869866,2025-01
100228,2025-01-07,South Korea,Asia,Keyboard,Accessories,11,77.73,38.74,855.03,426.14,428.89,0.501608130708864,2025-01
102868,2025-01-07,Mexico,North America,Monitor,Electronics,10,346.83,217.98,3468.3,2179.8,1288.5,0.3715076550471412,2025-01
100766,2025-01-07,South Korea,Asia,Phone,Electronics,14,656.52,437.24,9191.28,6121.36,3069.920000000001,0.33400353378419556,2025-01
100966,2025-01-07,India,Asia,Smartwatch,Wearables,1,241.03,129.42,241.03,129.42,111.61000000000001,0.4630543915695142,2025-01
103625,2025-01-07,France,Europe,Mouse,Accessories,2,48.5,22.83,97.0,45.66,51.34,0.5292783505154639,2025-01
100932,2025-01-07,Canada,North America,Laptop,Electronics,5,952.46,636.38,4762.3,3181.9,1580.4,0.33185645591415913,2025-01
104981,2025-01-07,New Zealand,Australia & Oceania,Monitor,Electronics,9,350.58,224.89,3155.22,2024.01,1131.2099999999998,0.35852016658109415,2025-01
103393,2025-01-07,New Zealand,Australia & Oceania,Tablet,Electronics,15,440.84,291.63,6612.6,4374.45,2238.1500000000005,0.338467471191362,2025-01
102279,2025-01-07,Canada,North America,Smartwatch,Wearables,12,216.97,142.15,2603.64,1705.8,897.8399999999999,0.3448403005023736,2025-01
104593,2025-01-07,South Korea,Asia,Phone,Electronics,8,720.97,450.23,5767.76,3601.84,2165.92,0.3755218663744677,2025-01
103316,2025-01-07,USA,North America,Keyboard,Accessories,9,66.18,35.43,595.62,318.87,276.75,0.46464188576609244,2025-01
102988,2025-01-07,Singapore,Asia,Phone,Electronics,5,641.5,451.56,3207.5,2257.8,949.6999999999998,0.2960872954014029,2025-01
102715,2025-01-08,Netherlands,Europe,Keyboard,Accessories,10,75.39,40.12,753.9,401.2,352.7,0.4678339302294734,2025-01
103062,2025-01-08,Germany,Europe,Keyboard,Accessories,6,71.07,38.69,426.42,232.14,194.28000000000003,0.45560714788236956,2025-01
100259,2025-01-08,South Korea,Asia,Headphones,Accessories,9,133.81,67.27,1204.29,605.43,598.86,0.4972722517001719,2025-01
102882,2025-01-08,New Zealand,Australia & Oceania,Laptop,Electronics,6,818.07,672.78,4908.42,4036.68,871.7400000000002,0.1776009387949687,2025-01
104174,2025-01-08,India,Asia,Smartwatch,Wearables,15,228.32,140.61,3424.8,2109.15,1315.65,0.38415381920112124,2025-01
104244,2025-01-08,UAE,Asia,Keyboard,Accessories,6,64.95,37.57,389.7,225.42,164.28,0.42155504234026175,2025-01
103413,2025-01-08,Germany,Europe,Phone,Electronics,6,632.4,464.03,3794.4,2784.18,1010.2200000000003,0.2662397216951297,2025-01
101622,2025-01-08,UK,Europe,Phone,Electronics,2,676.57,449.67,1353.14,899.34,453.80000000000007,0.33536810677387413,2025-01
100153,2025-01-08,Spain,Europe,Monitor,Electronics,4,345.35,240.66,1381.4,962.64,418.7600000000001,0.3031417402635008,2025-01
102272,2025-01-08,Singapore,Asia,Keyboard,Accessories,3,77.12,37.39,231.36,112.17,119.19000000000001,0.5151711618257262,2025-01
100580,2025-01-08,Spain,Europe,Tablet,Electronics,1,423.5,330.54,423.5,330.54,92.95999999999998,0.2195041322314049,2025-01
104039,2025-01-09,Mexico,North America,Keyboard,Accessories,11,78.3,40.01,861.3,440.11,421.18999999999994,0.4890166028097062,2025-01
104070,2025-01-09,Mexico,North America,Tablet,Electronics,10,450.45,302.1,4504.5,3021.0,1483.5,0.32933732933732934,2025-01
100543,2025-01-09,UK,Europe,Laptop,Electronics,10,847.96,633.19,8479.6,6331.9,2147.7000000000007,0.25327845653096853,2025-01
100850,2025-01-09,Singapore,Asia,Smartwatch,Wearables,9,202.56,143.45,1823.04,1291.05,531.99,0.29181477093206953,2025-01
104950,2025-01-09,Canada,North America,Laptop,Electronics,4,982.48,662.28,3929.92,2649.12,1280.8000000000002,0.32590994218711833,2025-01
103211,2025-01-10,Italy,Europe,Monitor,Electronics,11,386.38,222.53,4250.18,2447.83,1802.3500000000004,0.4240643925669031,2025-01
100684,2025-01-10,USA,North America,Phone,Electronics,1,627.35,418.41,627.35,418.41,208.94,0.33305172551207457,2025-01
103802,2025-01-10,Australia,Australia & Oceania,Phone,Electronics,5,609.22,458.7,3046.1,2293.5,752.5999999999999,0.24707002396507008,2025-01
104818,2025-01-10,Mexico,North America,Tablet,Electronics,12,482.2,296.21,5786.4,3554.52,2231.8799999999997,0.3857113231024471,2025-01
103161,2025-01-10,Japan,Asia,Mouse,Accessories,4,42.06,24.28,168.24,97.12,71.12,0.42272943414170233,2025-01
100925,2025-01-10,Japan,Asia,Smartwatch,Wearables,3,202.27,140.51,606.81,421.53,185.27999999999997,0.30533445394769365,2025-01
104156,2025-01-11,Netherlands,Europe,Tablet,Electronics,15,453.59,333.21,6803.85,4998.15,1805.7000000000007,0.2653938578892834,2025-01
101599,2025-01-11,UK,Europe,Headphones,Accessories,1,122.8,66.84,122.8,66.84,55.959999999999994,0.455700325732899,2025-01
104429,2025-01-11,Netherlands,Europe,Keyboard,Accessories,13,65.0,40.48,845.0,526.24,318.76,0.3772307692307692,2025-01
101097,2025-01-11,Italy,Europe,Keyboard,Accessories,1,66.9,35.74,66.9,35.74,31.160000000000004,0.4657698056801196,2025-01
102845,2025-01-11,South Korea,Asia,Tablet,Electronics,15,417.25,314.39,6258.75,4715.85,1542.8999999999996,0.24651887357699215,2025-01
103064,2025-01-11,USA,North America,Smartwatch,Wearables,15,246.23,136.72,3693.45,2050.8,1642.6499999999996,0.4447467814644844,2025-01
101366,2025-01-11,Germany,Europe,Phone,Electronics,14,612.78,450.26,8578.92,6303.64,2275.2799999999997,0.26521753320930835,2025-01
101194,2025-01-11,USA,North America,Tablet,Electronics,11,425.16,301.05,4676.76,3311.55,1365.21,0.29191363251481794,2025-01
100579,2025-01-11,Japan,Asia,Mouse,Accessories,4,42.63,24.24,170.52,96.96,73.56000000000002,0.43138634764250533,2025-01
101115,2025-01-11,Singapore,Asia,Keyboard,Accessories,14,70.59,39.72,988.26,556.08,432.17999999999995,0.4373140671483213,2025-01
101884,2025-01-12,Mexico,North America,Headphones,Accessories,2,120.32,73.0,240.64,146.0,94.63999999999999,0.39328457446808507,2025-01
101849,2025-01-12,New Zealand,Australia & Oceania,Mouse,Accessories,14,49.59,23.5,694.26,329.0,365.26,0.5261141359144988,2025-01
101615,2025-01-12,India,Asia,Phone,Electronics,2,670.37,428.75,1340.74,857.5,483.24,0.36042782344078644,2025-01
102771,2025-01-12,Netherlands,Europe,Keyboard,Accessories,8,65.64,35.56,525.12,284.48,240.64,0.4582571602681292,2025-01
103972,2025-01-12,India,Asia,Monitor,Electronics,10,342.72,223.24,3427.2,2232.4,1194.7999999999997,0.3486227824463118,2025-01
100070,2025-01-12,Australia,Australia & Oceania,Laptop,Electronics,4,916.49,610.7,3665.96,2442.8,1223.1599999999999,0.3336533950179489,2025-01
104168,2025-01-12,UK,Europe,Keyboard,Accessories,8,73.97,36.94,591.76,295.52,296.24,0.5006083547384075,2025-01
104592,2025-01-12,Germany,Europe,Keyboard,Accessories,14,63.55,37.76,889.7,528.64,361.06000000000006,0.40582218725413066,2025-01
102566,2025-01-12,Germany,Europe,Phone,Electronics,10,623.29,414.86,6232.9,4148.6,2084.2999999999993,0.3344029264066485,2025-01
102323,2025-01-13,Canada,North America,Mouse,Accessories,10,46.05,22.45,460.5,224.5,236.0,0.512486427795874,2025-01
100187,2025-01-13,Mexico,North America,Laptop,Electronics,15,817.88,660.25,12268.2,9903.75,2364.4500000000007,0.1927299848388517,2025-01
100083,2025-01-13,Japan,Asia,Mouse,Accessories,8,42.18,23.72,337.44,189.76,147.68,0.43764817449027976,2025-01
102605,2025-01-13,Germany,Europe,Smartwatch,Wearables,11,205.67,137.9,2262.37,1516.9,745.4699999999998,0.32950843584382744,2025-01
101948,2025-01-14,UK,Europe,Headphones,Accessories,10,134.1,70.37,1341.0,703.7,637.3,0.47524235645041013,2025-01
103167,2025-01-14,Australia,Australia & Oceania,Smartwatch,Wearables,14,213.04,139.24,2982.56,1949.36,1033.2,0.34641381900112656,2025-01
104510,2025-01-14,Australia,Australia & Oceania,Phone,Electronics,14,614.75,416.5,8606.5,5831.0,2775.5,0.3224888165921106,2025-01
102681,2025-01-14,Germany,Europe,Phone,Electronics,6,682.78,416.6,4096.68,2499.6,1597.0800000000004,0.3898473886171242,2025-01
100451,2025-01-14,Mexico,North America,Tablet,Electronics,7,475.02,329.56,3325.14,2306.92,1018.2199999999998,0.3062186855290303,2025-01
101417,2025-01-14,Netherlands,Europe,Keyboard,Accessories,13,76.97,37.33,1000.61,485.29,515.3199999999999,0.5150058464336754,2025-01
104065,2025-01-14,New Zealand,Australia & Oceania,Smartwatch,Wearables,10,235.8,136.0,2358.0,1360.0,998.0,0.42324003392705684,2025-01
103902,2025-01-14,South Korea,Asia,Mouse,Accessories,6,43.39,23.66,260.34,141.96,118.37999999999997,0.4547130675270799,2025-01
103589,2025-01-14,Spain,Europe,Monitor,Electronics,14,338.14,224.58,4733.96,3144.12,1589.8400000000001,0.33583722718400666,2025-01
101649,2025-01-14,Mexico,North America,Tablet,Electronics,11,425.89,317.72,4684.79,3494.92,1189.87,0.2539857709737256,2025-01
104208,2025-01-14,Singapore,Asia,Mouse,Accessories,15,49.06,24.5,735.9,367.5,368.4,0.5006114961271911,2025-01
103400,2025-01-14,India,Asia,Tablet,Electronics,15,472.54,320.47,7088.1,4807.05,2281.05,0.3218140263258137,2025-01
101020,2025-01-15,UK,Europe,Keyboard,Accessories,4,70.64,39.4,282.56,157.6,124.96000000000001,0.44224235560588904,2025-01
104015,2025-01-15,USA,North America,Keyboard,Accessories,14,70.37,39.58,985.18,554.12,431.05999999999995,0.4375444081284638,2025-01
100492,2025-01-15,USA,North America,Headphones,Accessories,11,132.17,66.25,1453.87,728.75,725.1199999999999,0.4987516077778618,2025-01
100933,2025-01-15,Australia,Australia & Oceania,Monitor,Electronics,1,349.04,216.63,349.04,216.63,132.41000000000003,0.37935480174192077,2025-01
103741,2025-01-16,New Zealand,Australia & Oceania,Phone,Electronics,4,671.67,411.9,2686.68,1647.6,1039.08,0.38675242306489793,2025-01
101960,2025-01-16,USA,North America,Keyboard,Accessories,12,75.75,40.7,909.0,488.4,420.6,0.4627062706270627,2025-01
101244,2025-01-16,USA,North America,Monitor,Electronics,3,323.13,247.62,969.39,742.86,226.52999999999997,0.2336830377866493,2025-01
103239,2025-01-16,Canada,North America,Headphones,Accessories,9,132.0,69.41,1188.0,624.69,563.31,0.4741666666666666,2025-01
102613,2025-01-16,Germany,Europe,Phone,Electronics,2,633.75,456.29,1267.5,912.58,354.91999999999996,0.28001577909270214,2025-01
100027,2025-01-16,Germany,Europe,Monitor,Electronics,10,346.13,223.0,3461.3,2230.0,1231.3000000000002,0.3557333949672089,2025-01
102616,2025-01-16,Germany,Europe,Headphones,Accessories,10,129.92,68.04,1299.2,680.4,618.8000000000001,0.4762931034482759,2025-01
101368,2025-01-16,Australia,Australia & Oceania,Tablet,Electronics,6,443.05,305.48,2658.3,1832.88,825.4200000000001,0.31050671481774067,2025-01
102338,2025-01-16,Japan,Asia,Phone,Electronics,5,631.2,425.01,3156.0,2125.05,1030.9499999999998,0.32666349809885925,2025-01
103673,2025-01-16,USA,North America,Monitor,Electronics,3,339.07,217.3,1017.21,651.9,365.31000000000006,0.35912938331318023,2025-01
102388,2025-01-16,Canada,North America,Monitor,Electronics,5,380.79,221.52,1903.95,1107.6,796.3500000000001,0.4182620341920744,2025-01
104812,2025-01-16,Australia,Australia & Oceania,Laptop,Electronics,9,821.02,658.14,7389.18,5923.26,1465.92,0.19838737180580254,2025-01
103313,2025-01-16,Canada,North America,Mouse,Accessories,14,41.12,23.48,575.68,328.72,246.95999999999992,0.42898832684824895,2025-01
100947,2025-01-17,Germany,Europe,Smartwatch,Wearables,7,206.2,139.61,1443.4,977.27,466.1300000000001,0.32293889427740063,2025-01
102803,2025-01-17,Australia,Australia & Oceania,Headphones,Accessories,8,111.94,65.25,895.52,522.0,373.52,0.4170984455958549,2025-01
104590,2025-01-17,Canada,North America,Phone,Electronics,14,663.23,420.52,9285.22,5887.28,3397.9399999999996,0.3659514798787751,2025-01
104415,2025-01-17,Singapore,Asia,Tablet,Electronics,12,492.32,321.71,5907.84,3860.52,2047.3200000000002,0.3465428989275268,2025-01
103203,2025-01-17,Netherlands,Europe,Mouse,Accessories,3,50.14,22.53,150.42,67.59,82.82999999999998,0.550658157159952,2025-01
104190,2025-01-17,Canada,North America,Smartwatch,Wearables,4,201.05,142.02,804.2,568.08,236.12,0.2936085550857995,2025-01
100907,2025-01-18,Mexico,North America,Monitor,Electronics,8,376.59,217.5,3012.72,1740.0,1272.7199999999998,0.42244881701585274,2025-01
103314,2025-01-18,Spain,Europe,Keyboard,Accessories,8,71.04,40.8,568.32,326.4,241.92000000000007,0.42567567567567577,2025-01
104309,2025-01-18,USA,North America,Mouse,Accessories,6,43.16,23.08,258.96,138.48,120.47999999999999,0.4652455977757183,2025-01
104625,2025-01-18,Australia,Australia & Oceania,Phone,Electronics,13,688.49,461.99,8950.37,6005.87,2944.500000000001,0.32898081308370497,2025-01
104345,2025-01-18,South Korea,Asia,Keyboard,Accessories,6,75.97,38.43,455.82,230.58,225.23999999999998,0.49414242464130576,2025-01
102530,2025-01-18,New Zealand,Australia & Oceania,Tablet,Electronics,14,479.28,301.64,6709.92,4222.96,2486.96,0.37063929227174097,2025-01
101975,2025-01-18,France,Europe,Smartwatch,Wearables,13,206.86,134.18,2689.18,1744.34,944.8399999999999,0.3513487382770956,2025-01
100018,2025-01-18,UAE,Asia,Headphones,Accessories,3,111.41,68.52,334.23,205.56,128.67000000000002,0.384974418813392,2025-01
102063,2025-01-18,USA,North America,Laptop,Electronics,5,873.72,626.97,4368.6,3134.85,1233.7500000000005,0.28241313006455165,2025-01
104303,2025-01-18,Mexico,North America,Laptop,Electronics,2,949.99,622.53,1899.98,1245.06,654.9200000000001,0.34469836524595,2025-01
100342,2025-01-19,India,Asia,Headphones,Accessories,7,126.45,71.59,885.15,501.13,384.02,0.43384737050217476,2025-01
101334,2025-01-19,New Zealand,Australia & Oceania,Keyboard,Accessories,13,65.69,36.28,853.97,471.64,382.33000000000004,0.4477089359110976,2025-01
100294,2025-01-19,Japan,Asia,Phone,Electronics,11,714.94,460.73,7864.34,5068.03,2796.3100000000004,0.3555682994377151,2025-01
100578,2025-01-19,Australia,Australia & Oceania,Tablet,Electronics,13,501.24,299.3,6516.12,3890.9,2625.22,0.4028808554784135,2025-01
102584,2025-01-19,UAE,Asia,Smartwatch,Wearables,8,229.24,136.55,1833.92,1092.4,741.52,0.40433606700401326,2025-01
101117,2025-01-19,France,Europe,Smartwatch,Wearables,8,214.77,137.7,1718.16,1101.6,616.5600000000002,0.3588490012571589,2025-01
100672,2025-01-19,New Zealand,Australia & Oceania,Phone,Electronics,12,630.67,438.96,7568.04,5267.52,2300.5199999999995,0.3039783087827231,2025-01
100116,2025-01-19,Australia,Australia & Oceania,Headphones,Accessories,14,120.75,69.96,1690.5,979.44,711.06,0.4206211180124223,2025-01
103620,2025-01-19,Spain,Europe,Laptop,Electronics,6,905.9,665.83,5435.4,3994.98,1440.4199999999996,0.26500717518489897,2025-01
103072,2025-01-19,Mexico,North America,Tablet,Electronics,4,477.37,310.54,1909.48,1242.16,667.3199999999999,0.3494773446173827,2025-01
104167,2025-01-19,France,Europe,Laptop,Electronics,4,950.82,666.99,3803.28,2667.96,1135.3200000000002,0.29851075913422104,2025-01
104979,2025-01-20,Italy,Europe,Headphones,Accessories,5,127.79,73.08,638.95,365.4,273.55000000000007,0.4281242663745208,2025-01
103844,2025-01-20,Singapore,Asia,Tablet,Electronics,2,467.76,302.24,935.52,604.48,331.03999999999996,0.3538566786386181,2025-01
103019,2025-01-20,Italy,Europe,Headphones,Accessories,14,122.39,65.11,1713.46,911.54,801.9200000000001,0.4680120924912166,2025-01
102019,2025-01-20,Germany,Europe,Smartwatch,Wearables,15,239.05,142.37,3585.75,2135.55,1450.1999999999998,0.4044342187826814,2025-01
100038,2025-01-20,Netherlands,Europe,Laptop,Electronics,10,820.43,641.38,8204.3,6413.8,1790.499999999999,0.21823921602086702,2025-01
102293,2025-01-20,Netherlands,Europe,Headphones,Accessories,3,131.24,67.62,393.72,202.86,190.86,0.48476074367570865,2025-01
101352,2025-01-20,UAE,Asia,Tablet,Electronics,15,454.9,290.16,6823.5,4352.4,2471.1000000000004,0.36214552648933834,2025-01
104084,2025-01-20,Canada,North America,Mouse,Accessories,3,44.09,22.29,132.27,66.87,65.4,0.49444318439555457,2025-01
100525,2025-01-21,Mexico,North America,Headphones,Accessories,14,110.63,64.05,1548.82,896.7,652.1199999999999,0.42104311669529054,2025-01
101122,2025-01-21,Australia,Australia & Oceania,Phone,Electronics,8,632.59,418.02,5060.72,3344.16,1716.5600000000004,0.33919284212523126,2025-01
103369,2025-01-21,UK,Europe,Headphones,Accessories,10,130.52,64.98,1305.2,649.8,655.4000000000001,0.5021452650934723,2025-01
104363,2025-01-21,Mexico,North America,Headphones,Accessories,10,115.88,69.64,1158.8,696.4,462.4,0.39903348291335866,2025-01
101333,2025-01-21,Germany,Europe,Tablet,Electronics,3,480.26,306.9,1440.78,920.7,520.0799999999999,0.3609711406321575,2025-01
103109,2025-01-21,India,Asia,Headphones,Accessories,15,109.26,72.43,1638.9,1086.45,552.45,0.3370858502654219,2025-01
103819,2025-01-21,Mexico,North America,Tablet,Electronics,11,407.95,317.87,4487.45,3496.57,990.8799999999997,0.22081137394288508,2025-01
101631,2025-01-21,USA,North America,Monitor,Electronics,5,323.5,218.2,1617.5,1091.0,526.5,0.32550231839258115,2025-01
100398,2025-01-21,India,Asia,Mouse,Accessories,12,46.62,24.55,559.44,294.6,264.84000000000003,0.47340197340197343,2025-01
101081,2025-01-21,USA,North America,Smartwatch,Wearables,8,215.18,141.78,1721.44,1134.24,587.2,0.34110976856585185,2025-01
103753,2025-01-21,France,Europe,Headphones,Accessories,1,133.59,67.78,133.59,67.78,65.81,0.49262669361479156,2025-01
100354,2025-01-21,Germany,Europe,Smartwatch,Wearables,12,223.38,133.63,2680.56,1603.56,1077.0,0.4017817172531113,2025-01
103418,2025-01-22,USA,North America,Keyboard,Accessories,1,74.31,37.9,74.31,37.9,36.410000000000004,0.48997443143587677,2025-01
103422,2025-01-22,Mexico,North America,Headphones,Accessories,1,112.41,64.51,112.41,64.51,47.89999999999999,0.4261186727159505,2025-01
103104,2025-01-22,UAE,Asia,Laptop,Electronics,11,849.83,624.55,9348.13,6870.05,2478.079999999999,0.26508831178000297,2025-01
102001,2025-01-22,Netherlands,Europe,Smartwatch,Wearables,11,238.87,141.34,2627.57,1554.74,1072.8300000000002,0.40829740025955547,2025-01
102010,2025-01-22,South Korea,Asia,Phone,Electronics,7,651.52,444.18,4560.64,3109.26,1451.38,0.31824042239685657,2025-01
103244,2025-01-22,USA,North America,Phone,Electronics,3,698.64,413.03,2095.92,1239.09,856.8300000000002,0.4088085423107753,2025-01
103655,2025-01-22,Germany,Europe,Phone,Electronics,6,627.1,449.84,3762.6,2699.04,1063.56,0.2826662414287992,2025-01
101048,2025-01-22,UK,Europe,Phone,Electronics,4,693.8,461.08,2775.2,1844.32,930.8799999999999,0.33542807725569324,2025-01
100801,2025-01-22,USA,North America,Mouse,Accessories,7,46.97,23.33,328.79,163.31,165.48000000000002,0.5032999787098148,2025-01
100381,2025-01-23,Italy,Europe,Monitor,Electronics,5,385.76,239.27,1928.8,1196.35,732.45,0.3797438822065533,2025-01
101290,2025-01-23,UK,Europe,Monitor,Electronics,4,331.22,235.66,1324.88,942.64,382.2400000000001,0.28850914799830935,2025-01
102922,2025-01-23,Canada,North America,Laptop,Electronics,15,863.35,623.32,12950.25,9349.8,3600.4500000000007,0.2780216598135172,2025-01
100233,2025-01-23,UAE,Asia,Keyboard,Accessories,10,75.75,36.91,757.5,369.1,388.4,0.5127392739273927,2025-01
100660,2025-01-23,India,Asia,Tablet,Electronics,1,454.14,325.17,454.14,325.17,128.96999999999997,0.2839873166864843,2025-01
103414,2025-01-23,India,Asia,Phone,Electronics,4,721.94,453.05,2887.76,1812.2,1075.5600000000002,0.37245477463501125,2025-01
101131,2025-01-23,Mexico,North America,Smartwatch,Wearables,9,206.93,138.94,1862.37,1250.46,611.9099999999999,0.32856521529019467,2025-01
104511,2025-01-23,Italy,Europe,Mouse,Accessories,14,49.17,22.35,688.38,312.9,375.48,0.5454545454545455,2025-01
100795,2025-01-23,Netherlands,Europe,Monitor,Electronics,13,369.27,243.3,4800.51,3162.9,1637.6100000000001,0.3411325046713787,2025-01
104568,2025-01-23,UK,Europe,Smartwatch,Wearables,8,240.05,135.27,1920.4,1082.16,838.24,0.43649239741720475,2025-01
100382,2025-01-23,USA,North America,Laptop,Electronics,2,942.65,627.93,1885.3,1255.86,629.44,0.3338672890256193,2025-01
102654,2025-01-23,France,Europe,Phone,Electronics,5,621.14,468.32,3105.7,2341.6,764.0999999999999,0.24603149048523681,2025-01
102666,2025-01-23,Germany,Europe,Monitor,Electronics,2,318.88,246.75,637.76,493.5,144.26,0.2261979427997993,2025-01
101422,2025-01-24,Japan,Asia,Tablet,Electronics,3,497.64,331.82,1492.92,995.46,497.46000000000004,0.333212764247247,2025-01
101224,2025-01-24,Australia,Australia & Oceania,Mouse,Accessories,15,49.71,24.04,745.65,360.6,385.04999999999995,0.516395091530879,2025-01
101006,2025-01-24,Mexico,North America,Headphones,Accessories,15,132.66,69.38,1989.9,1040.7,949.2,0.4770088949193427,2025-01
103992,2025-01-24,France,Europe,Laptop,Electronics,15,905.03,674.88,13575.45,10123.2,3452.25,0.2543009623990365,2025-01
104421,2025-01-24,Italy,Europe,Smartwatch,Wearables,15,235.85,135.94,3537.75,2039.1,1498.65,0.4236167055331779,2025-01
100739,2025-01-24,South Korea,Asia,Headphones,Accessories,6,119.44,70.16,716.64,420.96,295.68,0.4125920964501005,2025-01
101072,2025-01-24,France,Europe,Monitor,Electronics,10,390.89,234.2,3908.9,2342.0,1566.9,0.4008544603341094,2025-01
101450,2025-01-24,Mexico,North America,Tablet,Electronics,8,463.54,295.45,3708.32,2363.6,1344.7200000000003,0.3626224274064806,2025-01
104289,2025-01-24,India,Asia,Headphones,Accessories,4,127.11,67.2,508.44,268.8,239.64,0.4713240500354024,2025-01
104173,2025-01-24,South Korea,Asia,Keyboard,Accessories,15,64.32,36.93,964.8,553.95,410.8499999999999,0.4258395522388059,2025-01
102452,2025-01-24,Australia,Australia & Oceania,Keyboard,Accessories,8,74.7,39.17,597.6,313.36,284.24,0.47563587684069614,2025-01
103788,2025-01-24,UAE,Asia,Tablet,Electronics,7,429.11,311.77,3003.77,2182.39,821.3800000000001,0.2734496982125796,2025-01
104434,2025-01-24,Australia,Australia & Oceania,Monitor,Electronics,1,389.26,219.65,389.26,219.65,169.60999999999999,0.4357241946257,2025-01
102697,2025-01-25,Canada,North America,Monitor,Electronics,6,374.3,235.24,2245.8,1411.44,834.3600000000001,0.3715201709858403,2025-01
104018,2025-01-25,New Zealand,Australia & Oceania,Smartwatch,Wearables,3,217.84,132.81,653.52,398.43,255.08999999999997,0.3903323540213,2025-01
100601,2025-01-25,Spain,Europe,Monitor,Electronics,7,337.85,225.16,2364.95,1576.12,788.8299999999999,0.3335503921858813,2025-01
103710,2025-01-25,Australia,Australia & Oceania,Smartwatch,Wearables,4,231.62,144.58,926.48,578.32,348.15999999999997,0.3757879285035834,2025-01
104558,2025-01-25,USA,North America,Keyboard,Accessories,10,76.39,37.22,763.9,372.2,391.7,0.5127634507134442,2025-01
104876,2025-01-25,USA,North America,Laptop,Electronics,2,821.56,673.14,1643.12,1346.28,296.8399999999999,0.1806563123813233,2025-01
101703,2025-01-25,France,Europe,Mouse,Accessories,1,48.06,23.73,48.06,23.73,24.330000000000002,0.5062421972534332,2025-01
103896,2025-01-25,Canada,North America,Laptop,Electronics,11,949.39,609.94,10443.29,6709.34,3733.9500000000007,0.35754537123837415,2025-01
101667,2025-01-25,Italy,Europe,Keyboard,Accessories,13,64.67,35.81,840.71,465.53,375.18000000000006,0.4462656564094635,2025-01
102475,2025-01-25,UAE,Asia,Smartwatch,Wearables,5,205.7,132.54,1028.5,662.7,365.79999999999995,0.3556635877491492,2025-01
103498,2025-01-25,Australia,Australia & Oceania,Laptop,Electronics,14,986.04,639.44,13804.56,8952.16,4852.4,0.3515070382540262,2025-01
102177,2025-01-25,UK,Europe,Smartwatch,Wearables,11,198.46,135.29,2183.06,1488.19,694.8699999999999,0.31830091706137253,2025-01
101027,2025-01-26,New Zealand,Australia & Oceania,Smartwatch,Wearables,13,245.55,131.67,3192.15,1711.71,1480.44,0.4637751985339035,2025-01
101221,2025-01-26,Australia,Australia & Oceania,Mouse,Accessories,11,48.94,23.82,538.34,262.02,276.32000000000005,0.5132815692684921,2025-01
104942,2025-01-26,Singapore,Asia,Phone,Electronics,7,632.05,438.71,4424.35,3070.97,1353.3800000000006,0.305893521082193,2025-01
100931,2025-01-26,France,Europe,Laptop,Electronics,6,880.0,666.45,5280.0,3998.7,1281.3000000000002,0.24267045454545458,2025-01
100996,2025-01-26,Germany,Europe,Phone,Electronics,3,692.04,416.88,2076.12,1250.64,825.4799999999998,0.39760707473556434,2025-01
100778,2025-01-26,Mexico,North America,Tablet,Electronics,12,473.24,316.22,5678.88,3794.64,1884.2400000000002,0.3317978192883104,2025-01
102891,2025-01-26,Japan,Asia,Keyboard,Accessories,4,70.43,36.24,281.72,144.96,136.76000000000002,0.48544654266647735,2025-01
100680,2025-01-26,New Zealand,Australia & Oceania,Mouse,Accessories,5,46.06,24.54,230.3,122.7,107.60000000000001,0.467216673903604,2025-01
101759,2025-01-27,UK,Europe,Monitor,Electronics,1,350.88,246.18,350.88,246.18,104.69999999999999,0.2983926128590971,2025-01
104544,2025-01-27,Netherlands,Europe,Keyboard,Accessories,14,63.47,37.58,888.58,526.12,362.46000000000004,0.4079092484638412,2025-01
100253,2025-01-27,Australia,Australia & Oceania,Headphones,Accessories,8,129.66,66.71,1037.28,533.68,503.6,0.4855005398735154,2025-01
104129,2025-01-27,Italy,Europe,Monitor,Electronics,9,364.25,246.49,3278.25,2218.41,1059.8400000000001,0.3232944406314345,2025-01
100703,2025-01-27,South Korea,Asia,Monitor,Electronics,10,381.58,248.09,3815.8,2480.9,1334.9,0.3498348970071807,2025-01
100693,2025-01-27,South Korea,Asia,Laptop,Electronics,13,961.35,625.73,12497.55,8134.49,4363.0599999999995,0.3491132261923337,2025-01
104535,2025-01-27,India,Asia,Smartwatch,Wearables,12,230.05,144.78,2760.6,1737.36,1023.24,0.3706585524885895,2025-01
103587,2025-01-27,Singapore,Asia,Mouse,Accessories,5,47.26,24.11,236.3,120.55,115.75000000000001,0.4898434193821414,2025-01
100906,2025-01-27,New Zealand,Australia & Oceania,Keyboard,Accessories,10,71.54,38.48,715.4,384.8,330.59999999999997,0.46211909421302766,2025-01
104024,2025-01-27,USA,North America,Keyboard,Accessories,14,76.61,38.94,1072.54,545.16,527.38,0.4917112648479311,2025-01
100616,2025-01-27,New Zealand,Australia & Oceania,Monitor,Electronics,14,366.01,220.76,5124.14,3090.64,2033.5000000000005,0.3968470806808558,2025-01
102166,2025-01-27,New Zealand,Australia & Oceania,Tablet,Electronics,8,466.02,293.23,3728.16,2345.84,1382.3199999999997,0.3707780781940689,2025-01
101763,2025-01-27,France,Europe,Phone,Electronics,12,673.17,428.55,8078.04,5142.6,2935.4399999999996,0.3633851775925843,2025-01
103121,2025-01-27,France,Europe,Monitor,Electronics,10,359.19,221.89,3591.9,2218.9,1373.0,0.3822489490241933,2025-01
100286,2025-01-28,Italy,Europe,Laptop,Electronics,10,859.66,650.12,8596.6,6501.2,2095.4000000000005,0.24374752809250175,2025-01
103257,2025-01-28,USA,North America,Headphones,Accessories,5,132.34,67.85,661.7,339.25,322.45000000000005,0.4873054254193744,2025-01
102693,2025-01-28,France,Europe,Tablet,Electronics,15,410.56,323.21,6158.4,4848.15,1310.25,0.21275818394388155,2025-01
104164,2025-01-28,South Korea,Asia,Tablet,Electronics,10,455.93,297.36,4559.3,2973.6,1585.7000000000003,0.3477946175948063,2025-01
101560,2025-01-28,Australia,Australia & Oceania,Mouse,Accessories,10,41.49,24.54,414.9,245.4,169.49999999999997,0.4085321764280549,2025-01
102031,2025-01-28,Germany,Europe,Monitor,Electronics,8,384.48,237.54,3075.84,1900.32,1175.5200000000002,0.38217852684144826,2025-01
104331,2025-01-28,UK,Europe,Mouse,Accessories,8,42.82,23.94,342.56,191.52,151.04,0.44091546006538995,2025-01
102724,2025-01-28,Japan,Asia,Keyboard,Accessories,3,64.29,36.01,192.87,108.03,84.84,0.43988178565873387,2025-01
100740,2025-01-28,Japan,Asia,Smartwatch,Wearables,11,234.72,146.81,2581.92,1614.91,967.01,0.3745313565098841,2025-01
101102,2025-01-28,New Zealand,Australia & Oceania,Monitor,Electronics,15,374.97,245.17,5624.55,3677.55,1947.0,0.34616102621543055,2025-01
102273,2025-01-28,UAE,Asia,Mouse,Accessories,9,46.86,23.01,421.74,207.09,214.65,0.5089628681177977,2025-01
102507,2025-01-29,Australia,Australia & Oceania,Headphones,Accessories,5,116.85,67.92,584.25,339.6,244.64999999999998,0.4187419768934531,2025-01
104159,2025-01-29,Australia,Australia & Oceania,Phone,Electronics,11,726.62,448.9,7992.82,4937.9,3054.92,0.38220803170845835,2025-01
104321,2025-01-29,South Korea,Asia,Smartwatch,Wearables,14,232.57,145.78,3255.98,2040.92,1215.06,0.3731779679236359,2025-01
100329,2025-01-29,Singapore,Asia,Phone,Electronics,5,726.99,461.1,3634.95,2305.5,1329.4499999999998,0.36574093178723227,2025-01
104552,2025-01-29,Spain,Europe,Mouse,Accessories,6,49.3,24.49,295.8,146.94,148.86,0.5032454361054767,2025-01
104092,2025-01-29,Japan,Asia,Phone,Electronics,10,611.12,462.63,6111.2,4626.3,1484.8999999999996,0.24298010210760565,2025-01
101928,2025-01-29,Singapore,Asia,Laptop,Electronics,2,927.91,638.67,1855.82,1277.34,578.48,0.3117112651011413,2025-01
102399,2025-01-30,USA,North America,Phone,Electronics,5,616.64,450.65,3083.2,2253.25,829.9499999999998,0.26918461338868704,2025-01
103242,2025-01-30,South Korea,Asia,Phone,Electronics,8,705.47,424.69,5643.76,3397.52,2246.2400000000002,0.3980041674344763,2025-01
103246,2025-01-30,Spain,Europe,Tablet,Electronics,13,485.0,291.93,6305.0,3795.09,2509.91,0.3980824742268041,2025-01
100062,2025-01-30,France,Europe,Tablet,Electronics,6,427.45,322.86,2564.7,1937.16,627.5399999999997,0.24468358872382726,2025-01
100793,2025-01-30,Japan,Asia,Smartwatch,Wearables,11,198.22,138.78,2180.42,1526.58,653.8400000000001,0.2998688326102311,2025-01
101512,2025-01-30,USA,North America,Smartwatch,Wearables,1,222.76,141.91,222.76,141.91,80.85,0.3629466690608727,2025-01
100279,2025-01-30,USA,North America,Keyboard,Accessories,7,67.33,39.43,471.31,276.01,195.3,0.41437694935392844,2025-01
102789,2025-01-30,Australia,Australia & Oceania,Laptop,Electronics,1,977.27,613.36,977.27,613.36,363.90999999999997,0.372374062439244,2025-01
104397,2025-01-30,Netherlands,Europe,Mouse,Accessories,13,44.27,23.69,575.51,307.97,267.53999999999996,0.46487463293426695,2025-01
100909,2025-01-30,France,Europe,Phone,Electronics,11,617.14,429.41,6788.54,4723.51,2065.0299999999997,0.30419353793304593,2025-01
104402,2025-01-31,UAE,Asia,Mouse,Accessories,6,44.41,22.69,266.46,136.14,130.32,0.4890790362530962,2025-01
101269,2025-01-31,Canada,North America,Tablet,Electronics,11,455.91,333.39,5015.01,3667.29,1347.7200000000003,0.26873725077317895,2025-01
100347,2025-01-31,Canada,North America,Headphones,Accessories,12,123.4,64.59,1480.8,775.08,705.7199999999999,0.47658022690437596,2025-01
101415,2025-01-31,UAE,Asia,Phone,Electronics,2,658.36,462.46,1316.72,924.92,391.80000000000007,0.2975575672884137,2025-01
102049,2025-01-31,South Korea,Asia,Headphones,Accessories,1,109.66,69.51,109.66,69.51,40.14999999999999,0.36613167973737,2025-01
102795,2025-01-31,Japan,Asia,Keyboard,Accessories,8,73.1,37.64,584.8,301.12,283.67999999999995,0.48508891928864567,2025-01
102151,2025-01-31,India,Asia,Keyboard,Accessories,7,66.88,39.79,468.16,278.53,189.63000000000005,0.40505382775119625,2025-01
100244,2025-01-31,UAE,Asia,Monitor,Electronics,6,371.22,221.28,2227.32,1327.68,899.6400000000001,0.40391142718603523,2025-01
102245,2025-01-31,Australia,Australia & Oceania,Smartwatch,Wearables,5,199.84,136.65,999.2,683.25,315.95000000000005,0.3162029623698959,2025-01
103938,2025-01-31,UK,Europe,Headphones,Accessories,12,131.67,66.2,1580.04,794.4,785.64,0.49722791828054985,2025-01
104780,2025-01-31,France,Europe,Laptop,Electronics,11,979.63,677.96,10775.93,7457.56,3318.37,0.307942794728622,2025-01
100744,2025-01-31,UAE,Asia,Smartwatch,Wearables,14,218.59,146.01,3060.26,2044.14,1016.1200000000001,0.33203714717050187,2025-01
100468,2025-01-31,New Zealand,Australia & Oceania,Monitor,Electronics,8,373.93,238.23,2991.44,1905.84,1085.6000000000001,0.3629021474607547,2025-01
104324,2025-01-31,UAE,Asia,Laptop,Electronics,4,880.95,618.53,3523.8,2474.12,1049.6800000000003,0.2978829672512629,2025-01
103799,2025-01-31,Netherlands,Europe,Headphones,Accessories,8,110.37,71.16,882.96,569.28,313.68000000000006,0.35525958140799135,2025-01
100280,2025-01-31,Mexico,North America,Phone,Electronics,6,622.51,461.48,3735.06,2768.88,966.1799999999998,0.2586785754445711,2025-01
103837,2025-02-01,New Zealand,Australia & Oceania,Laptop,Electronics,2,947.3,631.95,1894.6,1263.9,630.6999999999998,0.3328934867518209,2025-02
100531,2025-02-01,USA,North America,Keyboard,Accessories,11,74.83,37.58,823.13,413.38,409.75,0.49779500200454363,2025-02
101017,2025-02-01,Spain,Europe,Tablet,Electronics,14,498.25,320.02,6975.5,4480.28,2495.2200000000003,0.3577119919719017,2025-02
103354,2025-02-01,Japan,Asia,Smartwatch,Wearables,4,238.03,137.5,952.12,550.0,402.12,0.4223417216317271,2025-02
101167,2025-02-01,USA,North America,Phone,Electronics,15,710.22,448.34,10653.3,6725.1,3928.199999999999,0.36873081580355377,2025-02
100109,2025-02-01,Netherlands,Europe,Phone,Electronics,5,604.1,431.63,3020.5,2158.15,862.3499999999999,0.28549908955470943,2025-02
101120,2025-02-01,Spain,Europe,Keyboard,Accessories,7,70.15,36.42,491.05,254.94,236.11,0.48082679971489667,2025-02
101588,2025-02-01,India,Asia,Phone,Electronics,13,650.35,451.68,8454.55,5871.84,2582.709999999999,0.30548166371953556,2025-02
101320,2025-02-01,Spain,Europe,Headphones,Accessories,7,118.39,68.59,828.73,480.13,348.6,0.42064363544218264,2025-02
102875,2025-02-01,USA,North America,Monitor,Electronics,15,388.07,246.05,5821.05,3690.75,2130.3,0.36596490323910635,2025-02
102111,2025-02-01,Germany,Europe,Phone,Electronics,2,629.17,414.09,1258.34,828.18,430.15999999999997,0.34184719551154696,2025-02
100161,2025-02-02,UAE,Asia,Laptop,Electronics,2,983.52,645.16,1967.04,1290.32,676.72,0.34402960793883197,2025-02
104638,2025-02-02,Canada,North America,Keyboard,Accessories,13,74.19,38.14,964.47,495.82,468.65000000000003,0.4859145437390484,2025-02
101529,2025-02-02,USA,North America,Tablet,Electronics,10,495.97,306.81,4959.7,3068.1,1891.6,0.38139403592959253,2025-02
100145,2025-02-02,France,Europe,Keyboard,Accessories,7,73.5,39.15,514.5,274.05,240.45,0.4673469387755102,2025-02
100534,2025-02-02,South Korea,Asia,Keyboard,Accessories,14,71.07,40.41,994.98,565.74,429.24,0.4314056563951034,2025-02
100790,2025-02-02,New Zealand,Australia & Oceania,Headphones,Accessories,7,128.6,73.3,900.2,513.1,387.1,0.43001555209953346,2025-02
103352,2025-02-02,India,Asia,Tablet,Electronics,11,473.07,295.95,5203.77,3255.45,1948.3200000000006,0.37440547910457234,2025-02
104799,2025-02-02,Spain,Europe,Laptop,Electronics,9,982.32,684.05,8840.88,6156.45,2684.4299999999994,0.3036383255965469,2025-02
102862,2025-02-02,Netherlands,Europe,Monitor,Electronics,3,365.4,233.73,1096.2,701.19,395.01,0.3603448275862069,2025-02
101369,2025-02-02,UK,Europe,Laptop,Electronics,14,956.2,635.53,13386.8,8897.42,4489.379999999999,0.33535871156661784,2025-02
103767,2025-02-02,India,Asia,Tablet,Electronics,2,489.78,313.85,979.56,627.7,351.8599999999999,0.35920209073461545,2025-02
104338,2025-02-02,Australia,Australia & Oceania,Keyboard,Accessories,15,77.88,38.8,1168.2,582.0,586.2,0.5017976373908577,2025-02
102196,2025-02-03,Singapore,Asia,Smartwatch,Wearables,15,212.46,144.62,3186.9,2169.3,1017.5999999999999,0.31930716370140255,2025-02
103138,2025-02-03,Mexico,North America,Monitor,Electronics,7,380.09,223.53,2660.63,1564.71,1095.92,0.4119024441579626,2025-02
102278,2025-02-03,Singapore,Asia,Monitor,Electronics,11,334.47,221.29,3679.17,2434.19,1244.98,0.3383861033874488,2025-02
103833,2025-02-03,USA,North America,Tablet,Electronics,9,431.08,296.78,3879.72,2671.02,1208.6999999999998,0.3115431010485292,2025-02
103616,2025-02-03,Italy,Europe,Keyboard,Accessories,1,66.41,39.93,66.41,39.93,26.479999999999997,0.3987351302514681,2025-02
102871,2025-02-03,Australia,Australia & Oceania,Monitor,Electronics,3,330.55,236.72,991.65,710.16,281.49,0.28386023294509155,2025-02
102906,2025-02-04,France,Europe,Smartwatch,Wearables,15,213.6,144.99,3204.0,2174.85,1029.15,0.32120786516853933,2025-02
103570,2025-02-04,Australia,Australia & Oceania,Laptop,Electronics,14,922.91,675.16,12920.74,9452.24,3468.5,0.2684443770248453,2025-02
104085,2025-02-04,Spain,Europe,Laptop,Electronics,7,937.01,685.0,6559.07,4795.0,1764.0699999999997,0.2689512385139966,2025-02
100459,2025-02-04,Netherlands,Europe,Headphones,Accessories,14,108.92,65.9,1524.88,922.6,602.2800000000001,0.3949687844289387,2025-02
103443,2025-02-04,France,Europe,Tablet,Electronics,13,498.0,314.07,6474.0,4082.91,2391.09,0.3693373493975904,2025-02
103621,2025-02-04,Mexico,North America,Laptop,Electronics,6,923.62,603.56,5541.72,3621.36,1920.3600000000001,0.34652779281522705,2025-02
103261,2025-02-04,France,Europe,Mouse,Accessories,4,42.63,24.73,170.52,98.92,71.60000000000001,0.41989209476894207,2025-02
100785,2025-02-04,France,Europe,Mouse,Accessories,7,42.93,23.93,300.51,167.51,133.0,0.4425809457255998,2025-02
103209,2025-02-04,South Korea,Asia,Monitor,Electronics,6,385.54,217.28,2313.24,1303.68,1009.5599999999997,0.43642682990091813,2025-02
103273,2025-02-04,USA,North America,Smartwatch,Wearables,13,241.96,137.66,3145.48,1789.58,1355.9,0.4310629856174575,2025-02
101179,2025-02-04,Canada,North America,Smartwatch,Wearables,12,203.34,145.43,2440.08,1745.16,694.9199999999998,0.28479394118225626,2025-02
101902,2025-02-04,Netherlands,Europe,Laptop,Electronics,8,955.31,679.5,7642.48,5436.0,2206.4799999999996,0.28871256450785604,2025-02
100331,2025-02-04,Singapore,Asia,Headphones,Accessories,4,124.49,72.86,497.96,291.44,206.51999999999998,0.4147321069965459,2025-02
100498,2025-02-05,Germany,Europe,Laptop,Electronics,12,939.09,602.06,11269.08,7224.72,4044.3599999999997,0.3588899892449073,2025-02
100414,2025-02-05,Singapore,Asia,Smartwatch,Wearables,1,242.79,137.12,242.79,137.12,105.66999999999999,0.43523209357881293,2025-02
100542,2025-02-05,USA,North America,Headphones,Accessories,15,110.06,66.0,1650.9,990.0,660.9000000000001,0.4003270943121934,2025-02
101424,2025-02-05,UK,Europe,Mouse,Accessories,15,41.76,24.51,626.4,367.65,258.75,0.4130747126436782,2025-02
103372,2025-02-05,India,Asia,Phone,Electronics,4,598.07,448.85,2392.28,1795.4,596.8800000000001,0.24950256658919526,2025-02
102467,2025-02-05,India,Asia,Laptop,Electronics,3,811.03,658.95,2433.09,1976.85,456.24000000000024,0.1875146418751465,2025-02
100904,2025-02-05,UAE,Asia,Monitor,Electronics,12,377.07,232.4,4524.84,2788.8,1736.04,0.3836688148089214,2025-02
104954,2025-02-05,Mexico,North America,Laptop,Electronics,3,902.81,618.42,2708.43,1855.26,853.1699999999998,0.31500537211594903,2025-02
101701,2025-02-06,New Zealand,Australia & Oceania,Laptop,Electronics,7,889.44,621.94,6226.08,4353.58,1872.5,0.3007510343586976,2025-02
101114,2025-02-06,India,Asia,Keyboard,Accessories,1,74.98,39.72,74.98,39.72,35.260000000000005,0.4702587356628435,2025-02
104122,2025-02-06,India,Asia,Laptop,Electronics,2,937.7,654.38,1875.4,1308.76,566.6400000000001,0.3021435427108884,2025-02
103289,2025-02-06,Australia,Australia & Oceania,Headphones,Accessories,12,126.63,72.18,1519.56,866.16,653.4,0.42999289267945984,2025-02
104826,2025-02-06,UK,Europe,Laptop,Electronics,5,964.26,632.11,4821.3,3160.55,1660.75,0.34446103747951795,2025-02
102983,2025-02-06,USA,North America,Tablet,Electronics,8,455.53,292.13,3644.24,2337.04,1307.1999999999998,0.35870304919544266,2025-02
104186,2025-02-06,USA,North America,Tablet,Electronics,8,432.91,323.43,3463.28,2587.44,875.8400000000001,0.2528932110600356,2025-02
101442,2025-02-07,France,Europe,Mouse,Accessories,2,40.99,22.44,81.98,44.88,37.1,0.45254940229324225,2025-02
101240,2025-02-07,France,Europe,Keyboard,Accessories,2,64.75,40.21,129.5,80.42,49.08,0.378996138996139,2025-02
100035,2025-02-07,New Zealand,Australia & Oceania,Keyboard,Accessories,14,67.68,39.36,947.52,551.04,396.48,0.4184397163120568,2025-02
101563,2025-02-07,Canada,North America,Laptop,Electronics,14,932.31,654.19,13052.34,9158.66,3893.6800000000003,0.29831279295513297,2025-02
101708,2025-02-07,Spain,Europe,Smartwatch,Wearables,6,239.52,132.18,1437.12,793.08,644.0399999999998,0.44814629258517025,2025-02
100559,2025-02-07,Mexico,North America,Mouse,Accessories,12,45.19,23.0,542.28,276.0,266.28,0.4910378402301394,2025-02
101651,2025-02-07,France,Europe,Headphones,Accessories,11,125.97,65.89,1385.67,724.79,660.8800000000001,0.4769389537191395,2025-02
101796,2025-02-07,Spain,Europe,Headphones,Accessories,3,134.12,72.25,402.36,216.75,185.61,0.4613033104682374,2025-02
103300,2025-02-07,Mexico,North America,Headphones,Accessories,8,131.3,65.6,1050.4,524.8,525.6000000000001,0.5003808073115005,2025-02
101814,2025-02-07,Netherlands,Europe,Phone,Electronics,13,693.29,414.6,9012.77,5389.8,3622.9700000000003,0.40198185463514546,2025-02
101808,2025-02-07,UK,Europe,Mouse,Accessories,15,42.11,22.44,631.65,336.6,295.04999999999995,0.46710995013061024,2025-02
102022,2025-02-07,Singapore,Asia,Phone,Electronics,8,699.05,467.09,5592.4,3736.72,1855.6799999999998,0.3318217581002789,2025-02
100892,2025-02-07,Australia,Australia & Oceania,Monitor,Electronics,14,386.36,241.54,5409.04,3381.56,2027.48,0.37483176312247646,2025-02
102368,2025-02-07,Singapore,Asia,Headphones,Accessories,4,125.2,64.71,500.8,258.84,241.96000000000004,0.4831469648562301,2025-02
102123,2025-02-07,New Zealand,Australia & Oceania,Laptop,Electronics,15,983.49,682.26,14752.35,10233.9,4518.450000000001,0.3062867949852058,2025-02
101837,2025-02-07,Netherlands,Europe,Headphones,Accessories,6,118.39,66.78,710.34,400.68,309.66,0.4359320888588563,2025-02
100827,2025-02-07,UAE,Asia,Monitor,Electronics,5,325.19,243.96,1625.95,1219.8,406.1500000000001,0.2497924290414835,2025-02
104776,2025-02-07,USA,North America,Smartwatch,Wearables,13,244.11,132.35,3173.43,1720.55,1452.8799999999999,0.45782638974232925,2025-02
104730,2025-02-08,Spain,Europe,Laptop,Electronics,11,830.73,669.09,9138.03,7359.99,1778.0400000000009,0.19457585497092927,2025-02
100916,2025-02-08,Singapore,Asia,Keyboard,Accessories,8,77.65,40.4,621.2,323.2,298.00000000000006,0.4797166773985834,2025-02
101629,2025-02-08,Germany,Europe,Smartwatch,Wearables,2,199.4,133.53,398.8,267.06,131.74,0.33034102306920765,2025-02
101427,2025-02-08,France,Europe,Smartwatch,Wearables,5,222.32,142.15,1111.6,710.75,400.8499999999999,0.36060633321338603,2025-02
100796,2025-02-08,Australia,Australia & Oceania,Monitor,Electronics,7,326.97,240.77,2288.79,1685.39,603.3999999999999,0.26363274918188206,2025-02
103979,2025-02-08,France,Europe,Monitor,Electronics,6,326.45,216.95,1958.7,1301.7,657.0,0.3354265584316128,2025-02
102921,2025-02-09,Singapore,Asia,Tablet,Electronics,4,472.64,324.13,1890.56,1296.52,594.04,0.3142137779282329,2025-02
100544,2025-02-09,Canada,North America,Monitor,Electronics,8,385.17,229.16,3081.36,1833.28,1248.0800000000002,0.4050419295376068,2025-02
104783,2025-02-09,India,Asia,Keyboard,Accessories,2,78.0,37.94,156.0,75.88,80.12,0.5135897435897436,2025-02
104341,2025-02-09,Singapore,Asia,Phone,Electronics,6,621.12,422.7,3726.72,2536.2,1190.52,0.31945517774343124,2025-02
104477,2025-02-09,Singapore,Asia,Keyboard,Accessories,1,65.29,39.84,65.29,39.84,25.450000000000003,0.3897993567161893,2025-02
101206,2025-02-09,USA,North America,Mouse,Accessories,5,44.55,22.6,222.75,113.0,109.75,0.49270482603815935,2025-02
102182,2025-02-09,France,Europe,Smartwatch,Wearables,10,243.01,137.39,2430.1,1373.9,1056.1999999999998,0.4346323196576272,2025-02
100955,2025-02-09,UAE,Asia,Tablet,Electronics,4,481.23,293.84,1924.92,1175.36,749.5600000000002,0.38939800095588395,2025-02
103502,2025-02-09,Canada,North America,Phone,Electronics,7,647.69,446.53,4533.83,3125.71,1408.12,0.3105806790285476,2025-02
102280,2025-02-09,UK,Europe,Headphones,Accessories,3,125.05,70.74,375.15,212.22,162.92999999999998,0.43430627748900436,2025-02
104574,2025-02-10,Mexico,North America,Laptop,Electronics,10,821.19,665.17,8211.9,6651.7,1560.1999999999998,0.18999257175562292,2025-02
104384,2025-02-10,Singapore,Asia,Monitor,Electronics,3,375.12,239.6,1125.36,718.8,406.55999999999995,0.36127105992748987,2025-02
104514,2025-02-10,Canada,North America,Tablet,Electronics,8,437.65,298.69,3501.2,2389.52,1111.6799999999998,0.31751399520164514,2025-02
100140,2025-02-10,Australia,Australia & Oceania,Laptop,Electronics,13,937.5,671.58,12187.5,8730.54,3456.959999999999,0.28364799999999996,2025-02
102376,2025-02-10,UK,Europe,Keyboard,Accessories,10,63.51,37.12,635.1,371.2,263.90000000000003,0.4155251141552512,2025-02
100720,2025-02-11,USA,North America,Tablet,Electronics,3,456.66,302.85,1369.98,908.55,461.43000000000006,0.3368151359873867,2025-02
102027,2025-02-11,Canada,North America,Keyboard,Accessories,2,73.1,38.56,146.2,77.12,69.07999999999998,0.47250341997264017,2025-02
100784,2025-02-11,Singapore,Asia,Tablet,Electronics,14,482.0,328.35,6748.0,4596.9,2151.1000000000004,0.31877593360995854,2025-02
102008,2025-02-11,Mexico,North America,Mouse,Accessories,13,49.35,24.79,641.55,322.27,319.28,0.49766970618034445,2025-02
100610,2025-02-11,USA,North America,Phone,Electronics,15,625.4,428.91,9381.0,6433.65,2947.3500000000004,0.31418292292932526,2025-02
104754,2025-02-11,Japan,Asia,Headphones,Accessories,1,128.22,65.36,128.22,65.36,62.86,0.4902511308688192,2025-02
100881,2025-02-11,Germany,Europe,Smartwatch,Wearables,13,238.49,144.64,3100.37,1880.32,1220.05,0.3935175479055726,2025-02
100215,2025-02-11,USA,North America,Laptop,Electronics,14,826.76,679.78,11574.64,9516.92,2057.7199999999993,0.17777831535149252,2025-02
102375,2025-02-11,USA,North America,Laptop,Electronics,13,854.23,618.85,11104.99,8045.05,3059.9399999999996,0.27554639851093965,2025-02
103471,2025-02-11,Italy,Europe,Keyboard,Accessories,9,73.0,40.2,657.0,361.8,295.2,0.44931506849315067,2025-02
103884,2025-02-11,UK,Europe,Mouse,Accessories,8,48.22,24.6,385.76,196.8,188.95999999999998,0.4898382413936126,2025-02
101602,2025-02-11,Japan,Asia,Mouse,Accessories,10,41.19,24.42,411.9,244.2,167.7,0.4071376547705754,2025-02
100810,2025-02-11,France,Europe,Monitor,Electronics,13,374.75,228.27,4871.75,2967.51,1904.2399999999998,0.3908739159439626,2025-02
101549,2025-02-11,Germany,Europe,Headphones,Accessories,6,131.5,68.18,789.0,409.08,379.92,0.48152091254752855,2025-02
104817,2025-02-11,New Zealand,Australia & Oceania,Keyboard,Accessories,6,73.66,37.63,441.96,225.78,216.17999999999998,0.48913928862340483,2025-02
101720,2025-02-12,Italy,Europe,Tablet,Electronics,7,405.59,318.53,2839.13,2229.71,609.4200000000001,0.2146502625804384,2025-02
101086,2025-02-12,South Korea,Asia,Tablet,Electronics,4,477.65,322.97,1910.6,1291.88,618.7199999999998,0.32383544436302725,2025-02
100701,2025-02-12,South Korea,Asia,Tablet,Electronics,7,468.63,323.41,3280.41,2263.87,1016.54,0.3098819964577599,2025-02
101964,2025-02-12,UAE,Asia,Mouse,Accessories,4,47.83,23.11,191.32,92.44,98.88,0.5168304411457244,2025-02
103044,2025-02-12,India,Asia,Phone,Electronics,12,655.22,440.29,7862.64,5283.48,2579.1600000000008,0.32802722749610824,2025-02
102993,2025-02-12,South Korea,Asia,Laptop,Electronics,7,834.28,680.06,5839.96,4760.42,1079.54,0.18485400584935513,2025-02
100339,2025-02-12,South Korea,Asia,Monitor,Electronics,12,327.41,234.25,3928.92,2811.0,1117.92,0.284536208423689,2025-02
104674,2025-02-12,Spain,Europe,Phone,Electronics,15,679.41,452.37,10191.15,6785.55,3405.5999999999995,0.33417229655141956,2025-02
100971,2025-02-12,USA,North America,Mouse,Accessories,2,45.69,21.77,91.38,43.54,47.839999999999996,0.5235281243160429,2025-02
103511,2025-02-12,Singapore,Asia,Keyboard,Accessories,3,77.92,38.47,233.76,115.41,118.35,0.5062885010266941,2025-02
100645,2025-02-12,UK,Europe,Phone,Electronics,6,607.4,463.75,3644.4,2782.5,861.9000000000001,0.23649983536384592,2025-02
104067,2025-02-12,UK,Europe,Smartwatch,Wearables,3,245.91,146.61,737.73,439.83,297.90000000000003,0.4038062705868001,2025-02
102326,2025-02-12,New Zealand,Australia & Oceania,Smartwatch,Wearables,13,233.37,144.61,3033.81,1879.93,1153.8799999999999,0.3803402322492179,2025-02
101018,2025-02-12,South Korea,Asia,Mouse,Accessories,6,49.18,22.88,295.08,137.28,157.79999999999998,0.5347702318015453,2025-02
101376,2025-02-12,New Zealand,Australia & Oceania,Keyboard,Accessories,7,75.61,40.52,529.27,283.64,245.63,0.4640920513159635,2025-02
102216,2025-02-13,Germany,Europe,Mouse,Accessories,8,44.48,24.29,355.84,194.32,161.51999999999998,0.4539118705035971,2025-02
102470,2025-02-13,Singapore,Asia,Headphones,Accessories,14,126.5,66.9,1771.0,936.6,834.4,0.47114624505928854,2025-02
103666,2025-02-13,Singapore,Asia,Phone,Electronics,6,646.12,425.68,3876.72,2554.08,1322.6399999999999,0.34117501392930105,2025-02
101156,2025-02-13,Mexico,North America,Keyboard,Accessories,13,75.96,40.66,987.48,528.58,458.9,0.46471827277514477,2025-02
100166,2025-02-13,USA,North America,Headphones,Accessories,4,112.33,67.43,449.32,269.72,179.59999999999997,0.3997151250778954,2025-02
102050,2025-02-13,Italy,Europe,Monitor,Electronics,13,341.86,229.18,4444.18,2979.34,1464.8400000000001,0.3296086117123969,2025-02
104870,2025-02-13,Mexico,North America,Tablet,Electronics,6,425.49,296.64,2552.94,1779.84,773.1000000000001,0.3028273284918565,2025-02
103080,2025-02-13,New Zealand,Australia & Oceania,Smartwatch,Wearables,9,216.12,130.1,1945.08,1170.9,774.1799999999998,0.3980196187303349,2025-02
100378,2025-02-13,Spain,Europe,Headphones,Accessories,13,125.28,70.17,1628.64,912.21,716.4300000000001,0.4398946360153257,2025-02
100691,2025-02-14,Singapore,Asia,Phone,Electronics,3,594.95,467.24,1784.85,1401.72,383.1299999999999,0.21465669383981842,2025-02
104849,2025-02-14,Mexico,North America,Monitor,Electronics,11,386.34,225.15,4249.74,2476.65,1773.0899999999997,0.4172231712998912,2025-02
102211,2025-02-14,Canada,North America,Monitor,Electronics,3,382.94,240.16,1148.82,720.48,428.3399999999999,0.37285214393899824,2025-02
101650,2025-02-14,USA,North America,Laptop,Electronics,15,909.78,619.74,13646.7,9296.1,4350.6,0.31880234782035216,2025-02
100426,2025-02-14,India,Asia,Laptop,Electronics,4,880.9,633.49,3523.6,2533.96,989.6399999999999,0.28086048359632193,2025-02
103595,2025-02-14,South Korea,Asia,Monitor,Electronics,1,317.76,226.02,317.76,226.02,91.73999999999998,0.28870845921450145,2025-02
103188,2025-02-14,UAE,Asia,Smartwatch,Wearables,10,235.85,133.03,2358.5,1330.3,1028.2,0.4359550561797753,2025-02
100184,2025-02-15,Australia,Australia & Oceania,Tablet,Electronics,15,433.8,310.43,6507.0,4656.45,1850.5500000000002,0.2843937298294145,2025-02
104734,2025-02-15,New Zealand,Australia & Oceania,Keyboard,Accessories,12,65.27,37.76,783.24,453.12,330.12,0.42148000612838976,2025-02
104739,2025-02-15,India,Asia,Mouse,Accessories,13,41.46,24.7,538.98,321.1,217.88,0.40424505547515677,2025-02
102905,2025-02-15,Singapore,Asia,Keyboard,Accessories,12,76.86,37.29,922.32,447.48,474.84000000000003,0.514832162373146,2025-02
101947,2025-02-15,Singapore,Asia,Phone,Electronics,6,619.02,466.59,3714.12,2799.54,914.5799999999999,0.2462440631966657,2025-02
104641,2025-02-15,New Zealand,Australia & Oceania,Mouse,Accessories,5,44.2,23.41,221.0,117.05,103.95,0.47036199095022624,2025-02
101809,2025-02-15,Spain,Europe,Monitor,Electronics,12,315.96,246.9,3791.52,2962.8,828.7199999999998,0.21857197113558674,2025-02
100231,2025-02-15,USA,North America,Tablet,Electronics,8,423.41,329.01,3387.28,2632.08,755.2000000000003,0.22295174889586933,2025-02
105000,2025-02-16,Japan,Asia,Mouse,Accessories,14,46.71,21.75,653.94,304.5,349.44000000000005,0.5343609505459217,2025-02
103531,2025-02-16,Germany,Europe,Keyboard,Accessories,2,75.82,39.26,151.64,78.52,73.11999999999999,0.4821946715906093,2025-02
104451,2025-02-16,Japan,Asia,Headphones,Accessories,9,127.94,68.66,1151.46,617.94,533.52,0.463342191652337,2025-02
100923,2025-02-16,New Zealand,Australia & Oceania,Headphones,Accessories,1,109.06,68.35,109.06,68.35,40.71000000000001,0.37328076288281686,2025-02
104902,2025-02-16,Singapore,Asia,Keyboard,Accessories,12,76.6,38.99,919.2,467.88,451.32000000000005,0.4909921671018277,2025-02
100409,2025-02-16,Australia,Australia & Oceania,Headphones,Accessories,5,131.45,70.31,657.25,351.55,305.7,0.4651198174210726,2025-02
100226,2025-02-16,Netherlands,Europe,Smartwatch,Wearables,1,214.47,143.96,214.47,143.96,70.50999999999999,0.3287639296871357,2025-02
101940,2025-02-16,Netherlands,Europe,Headphones,Accessories,9,120.08,66.15,1080.72,595.35,485.37,0.4491172551632245,2025-02
103267,2025-02-16,India,Asia,Monitor,Electronics,14,383.88,248.1,5374.32,3473.4,1900.9199999999996,0.35370428258830877,2025-02
101526,2025-02-17,Spain,Europe,Monitor,Electronics,14,364.7,241.53,5105.8,3381.42,1724.38,0.3377296408006581,2025-02
102580,2025-02-17,USA,North America,Smartwatch,Wearables,6,234.63,133.91,1407.78,803.46,604.3199999999999,0.4292716191450368,2025-02
102300,2025-02-17,Japan,Asia,Keyboard,Accessories,14,69.7,38.32,975.8,536.48,439.31999999999994,0.45021520803443327,2025-02
103635,2025-02-17,UK,Europe,Monitor,Electronics,10,370.52,245.92,3705.2,2459.2,1246.0,0.3362841412069524,2025-02
104965,2025-02-17,India,Asia,Headphones,Accessories,14,114.41,66.49,1601.74,930.86,670.88,0.4188445065990735,2025-02
100883,2025-02-17,France,Europe,Headphones,Accessories,9,125.03,68.98,1125.27,620.82,504.44999999999993,0.44829240982164276,2025-02
100240,2025-02-17,Italy,Europe,Tablet,Electronics,12,414.4,290.93,4972.8,3491.16,1481.6400000000003,0.2979488416988417,2025-02
100876,2025-02-17,France,Europe,Phone,Electronics,8,718.8,443.1,5750.4,3544.8,2205.5999999999995,0.3835559265442403,2025-02
102547,2025-02-17,Germany,Europe,Smartwatch,Wearables,1,223.44,131.74,223.44,131.74,91.69999999999999,0.4104010025062656,2025-02
101183,2025-02-17,USA,North America,Mouse,Accessories,12,48.04,22.87,576.48,274.44,302.04,0.5239383846794339,2025-02
100344,2025-02-17,Japan,Asia,Monitor,Electronics,13,355.9,247.99,4626.7,3223.87,1402.83,0.30320314695139083,2025-02
101936,2025-02-18,USA,North America,Mouse,Accessories,4,49.04,22.16,196.16,88.64,107.52,0.5481239804241436,2025-02
104209,2025-02-18,UK,Europe,Laptop,Electronics,14,916.2,678.96,12826.8,9505.44,3321.3599999999988,0.25893909626719047,2025-02
103248,2025-02-18,UAE,Asia,Mouse,Accessories,11,42.41,23.99,466.51,263.89,202.62,0.4343315255835888,2025-02
100833,2025-02-18,Italy,Europe,Keyboard,Accessories,9,78.21,38.86,703.89,349.74,354.15,0.5031325917401867,2025-02
102840,2025-02-18,Singapore,Asia,Mouse,Accessories,11,43.92,22.52,483.12,247.72,235.4,0.4872495446265938,2025-02
101687,2025-02-18,Australia,Australia & Oceania,Monitor,Electronics,5,320.66,235.71,1603.3,1178.55,424.75,0.26492234765795547,2025-02
104821,2025-02-18,Italy,Europe,Laptop,Electronics,12,870.81,613.46,10449.72,7361.52,3088.199999999999,0.29552944959290767,2025-02
104897,2025-02-18,Germany,Europe,Mouse,Accessories,10,46.16,23.2,461.6,232.0,229.60000000000002,0.49740034662045063,2025-02
101165,2025-02-18,France,Europe,Monitor,Electronics,13,345.05,243.72,4485.65,3168.36,1317.2899999999995,0.29366758440805674,2025-02
100991,2025-02-18,USA,North America,Smartwatch,Wearables,11,216.91,132.21,2386.01,1454.31,931.7000000000003,0.3904845327555208,2025-02
100696,2025-02-18,USA,North America,Mouse,Accessories,10,45.14,21.6,451.4,216.0,235.39999999999998,0.5214887018165707,2025-02
102153,2025-02-18,Canada,North America,Headphones,Accessories,14,133.96,68.78,1875.44,962.92,912.5200000000001,0.4865631531800538,2025-02
102382,2025-02-19,New Zealand,Australia & Oceania,Headphones,Accessories,14,126.15,73.02,1766.1,1022.28,743.8199999999999,0.42116527942925086,2025-02
100747,2025-02-19,India,Asia,Mouse,Accessories,6,48.97,22.86,293.82,137.16,156.66,0.5331835817847662,2025-02
104951,2025-02-19,Singapore,Asia,Smartwatch,Wearables,2,206.96,133.89,413.92,267.78,146.14000000000004,0.3530633938925397,2025-02
101460,2025-02-19,Canada,North America,Laptop,Electronics,4,886.2,611.01,3544.8,2444.04,1100.7600000000002,0.31052809749492216,2025-02
100629,2025-02-20,UK,Europe,Monitor,Electronics,15,350.97,236.3,5264.55,3544.5,1720.0500000000002,0.3267230817448785,2025-02
100731,2025-02-20,UK,Europe,Phone,Electronics,5,724.55,436.46,3622.75,2182.3,1440.4499999999998,0.3976123110896418,2025-02
100191,2025-02-20,Spain,Europe,Headphones,Accessories,9,110.26,67.91,992.34,611.19,381.15,0.38409214583711226,2025-02
101373,2025-02-20,New Zealand,Australia & Oceania,Headphones,Accessories,14,132.58,67.6,1856.12,946.4,909.7199999999999,0.4901191733293106,2025-02
103479,2025-02-20,Singapore,Asia,Tablet,Electronics,3,489.22,316.43,1467.66,949.29,518.3700000000001,0.35319488164833823,2025-02
100633,2025-02-21,Japan,Asia,Phone,Electronics,7,593.66,409.79,4155.62,2868.53,1287.0899999999997,0.3097227369201226,2025-02
104219,2025-02-21,Mexico,North America,Laptop,Electronics,1,976.04,626.88,976.04,626.88,349.15999999999997,0.3577312405229294,2025-02
103265,2025-02-21,Canada,North America,Monitor,Electronics,5,358.45,231.97,1792.25,1159.85,632.4000000000001,0.35285255963174783,2025-02
101850,2025-02-21,USA,North America,Keyboard,Accessories,10,68.87,40.43,688.7,404.3,284.40000000000003,0.4129519384347321,2025-02
104572,2025-02-21,Canada,North America,Monitor,Electronics,7,361.78,232.33,2532.46,1626.31,906.1500000000001,0.357814141190779,2025-02
103501,2025-02-21,Germany,Europe,Laptop,Electronics,14,981.42,639.17,13739.88,8948.38,4791.5,0.3487293921053168,2025-02
104667,2025-02-21,France,Europe,Mouse,Accessories,11,49.65,22.42,546.15,246.62,299.53,0.5484390735146022,2025-02
104389,2025-02-21,UK,Europe,Monitor,Electronics,14,363.18,225.45,5084.52,3156.3,1928.2200000000003,0.37923343796464565,2025-02
102622,2025-02-21,Australia,Australia & Oceania,Keyboard,Accessories,4,76.69,37.24,306.76,148.96,157.79999999999998,0.5144086582344504,2025-02
102551,2025-02-21,Singapore,Asia,Tablet,Electronics,9,480.42,314.1,4323.78,2826.9,1496.8799999999997,0.34619707755713747,2025-02
102248,2025-02-21,Canada,North America,Laptop,Electronics,8,871.99,622.67,6975.92,4981.36,1994.5600000000004,0.2859207100998865,2025-02
102392,2025-02-21,Netherlands,Europe,Monitor,Electronics,7,367.38,242.47,2571.66,1697.29,874.3699999999999,0.3400021775817954,2025-02
103810,2025-02-21,Spain,Europe,Phone,Electronics,14,657.84,467.6,9209.76,6546.4,2663.3600000000006,0.28918886051319476,2025-02
104853,2025-02-21,Canada,North America,Keyboard,Accessories,10,70.76,35.43,707.6,354.3,353.3,0.49929338609383833,2025-02
103855,2025-02-22,USA,North America,Monitor,Electronics,6,364.14,226.67,2184.84,1360.02,824.8200000000002,0.37751963530510246,2025-02
100157,2025-02-22,Canada,North America,Headphones,Accessories,8,114.59,73.22,916.72,585.76,330.96000000000004,0.3610262675626146,2025-02
102665,2025-02-22,Canada,North America,Laptop,Electronics,10,938.62,649.34,9386.2,6493.4,2892.800000000001,0.3081971404828366,2025-02
103286,2025-02-22,UK,Europe,Laptop,Electronics,6,925.56,656.87,5553.36,3941.22,1612.1399999999999,0.29029992653096504,2025-02
101332,2025-02-22,Mexico,North America,Keyboard,Accessories,9,69.43,38.17,624.87,343.53,281.34000000000003,0.4502376494310817,2025-02
102424,2025-02-22,Singapore,Asia,Monitor,Electronics,9,340.36,217.33,3063.24,1955.97,1107.2699999999998,0.3614702080150428,2025-02
104299,2025-02-22,India,Asia,Smartwatch,Wearables,10,208.95,140.81,2089.5,1408.1,681.4000000000001,0.3261067240966739,2025-02
104213,2025-02-22,Japan,Asia,Phone,Electronics,3,631.71,422.42,1895.13,1267.26,627.8700000000001,0.33130708711275747,2025-02
101535,2025-02-22,Japan,Asia,Keyboard,Accessories,3,69.39,35.66,208.17,106.98,101.18999999999998,0.4860930969880386,2025-02
102496,2025-02-22,India,Asia,Headphones,Accessories,7,108.12,71.56,756.84,500.92,255.92000000000002,0.33814280429152793,2025-02
101449,2025-02-23,New Zealand,Australia & Oceania,Keyboard,Accessories,4,68.12,38.69,272.48,154.76,117.72000000000003,0.43203170874926605,2025-02
102899,2025-02-23,UAE,Asia,Mouse,Accessories,9,44.99,23.26,404.91,209.34,195.57000000000002,0.48299622138252946,2025-02
102458,2025-02-23,Canada,North America,Keyboard,Accessories,15,71.84,40.52,1077.6,607.8,469.79999999999995,0.4359688195991091,2025-02
104911,2025-02-23,New Zealand,Australia & Oceania,Mouse,Accessories,7,49.5,23.83,346.5,166.81,179.69,0.5185858585858586,2025-02
104533,2025-02-23,UK,Europe,Monitor,Electronics,12,368.98,234.59,4427.76,2815.08,1612.6800000000003,0.3642202829421649,2025-02
104753,2025-02-23,USA,North America,Phone,Electronics,2,628.82,408.02,1257.64,816.04,441.60000000000014,0.3511338697878567,2025-02
100476,2025-02-23,Australia,Australia & Oceania,Phone,Electronics,8,601.19,460.19,4809.52,3681.52,1128.0000000000005,0.2345348392355163,2025-02
103180,2025-02-24,USA,North America,Smartwatch,Wearables,7,211.01,131.01,1477.07,917.07,559.9999999999999,0.3791289512345386,2025-02
104131,2025-02-24,Netherlands,Europe,Smartwatch,Wearables,8,220.16,135.26,1761.28,1082.08,679.2,0.38562863372093026,2025-02
103155,2025-02-24,UAE,Asia,Monitor,Electronics,14,316.91,240.41,4436.74,3365.74,1071.0,0.24139345555520497,2025-02
104798,2025-02-24,Mexico,North America,Smartwatch,Wearables,7,206.26,133.74,1443.82,936.18,507.64,0.35159507417822167,2025-02
104010,2025-02-24,Germany,Europe,Laptop,Electronics,5,942.61,639.68,4713.05,3198.4,1514.65,0.32137363278556347,2025-02
101678,2025-02-24,Japan,Asia,Laptop,Electronics,3,963.4,678.9,2890.2,2036.7,853.4999999999998,0.2953082831637948,2025-02
100676,2025-02-24,New Zealand,Australia & Oceania,Keyboard,Accessories,4,64.45,39.89,257.8,159.56,98.24000000000001,0.38107059736229637,2025-02
104890,2025-02-24,Mexico,North America,Laptop,Electronics,8,832.72,667.31,6661.76,5338.48,1323.2800000000007,0.19863819771351723,2025-02
100430,2025-02-25,Germany,Europe,Monitor,Electronics,14,362.45,222.93,5074.3,3121.02,1953.2800000000002,0.384935853221134,2025-02
101923,2025-02-25,Mexico,North America,Smartwatch,Wearables,11,201.34,128.33,2214.74,1411.63,803.1099999999997,0.36262044303168756,2025-02
103704,2025-02-25,Mexico,North America,Tablet,Electronics,3,478.31,315.29,1434.93,945.87,489.06000000000006,0.3408249879785077,2025-02
101051,2025-02-25,New Zealand,Australia & Oceania,Tablet,Electronics,10,445.3,311.65,4453.0,3116.5,1336.5,0.30013474062429824,2025-02
104215,2025-02-25,USA,North America,Headphones,Accessories,13,124.07,67.82,1612.91,881.66,731.2500000000001,0.45337309583299756,2025-02
101504,2025-02-25,Singapore,Asia,Keyboard,Accessories,15,70.76,39.24,1061.4,588.6,472.80000000000007,0.44544940644431885,2025-02
100889,2025-02-25,Italy,Europe,Smartwatch,Wearables,11,228.53,139.35,2513.83,1532.85,980.98,0.3902332297728964,2025-02
104556,2025-02-26,UAE,Asia,Keyboard,Accessories,11,64.27,38.21,706.97,420.31,286.66,0.4054768943519527,2025-02
102163,2025-02-26,South Korea,Asia,Phone,Electronics,15,589.6,435.11,8844.0,6526.65,2317.3500000000004,0.26202510176390775,2025-02
102886,2025-02-26,Australia,Australia & Oceania,Smartwatch,Wearables,1,210.17,141.94,210.17,141.94,68.22999999999999,0.3246419565113955,2025-02
104202,2025-02-26,Italy,Europe,Keyboard,Accessories,12,74.33,38.42,891.96,461.04,430.92,0.4831158347907978,2025-02
100500,2025-02-26,Australia,Australia & Oceania,Laptop,Electronics,12,966.5,665.11,11598.0,7981.32,3616.6800000000003,0.31183652353854113,2025-02
101777,2025-02-26,USA,North America,Tablet,Electronics,11,488.95,329.71,5378.45,3626.81,1751.6399999999999,0.32567747213416504,2025-02
103447,2025-02-26,USA,North America,Keyboard,Accessories,15,64.28,40.04,964.2,600.6,363.6,0.37710018668326073,2025-02
101341,2025-02-27,Netherlands,Europe,Mouse,Accessories,13,48.29,21.67,627.77,281.71,346.06,0.55125284738041,2025-02
101127,2025-02-27,France,Europe,Keyboard,Accessories,13,75.0,35.96,975.0,467.48,507.52,0.5205333333333333,2025-02
102308,2025-02-27,USA,North America,Keyboard,Accessories,1,72.37,35.43,72.37,35.43,36.940000000000005,0.5104324996545531,2025-02
103510,2025-02-27,Germany,Europe,Keyboard,Accessories,11,67.49,37.44,742.39,411.84,330.55,0.4452511483182694,2025-02
104555,2025-02-27,Singapore,Asia,Smartwatch,Wearables,3,219.43,129.89,658.29,389.67,268.61999999999995,0.40805723921068215,2025-02
104541,2025-02-27,Spain,Europe,Laptop,Electronics,4,943.45,625.49,3773.8,2501.96,1271.8400000000001,0.33701838995177275,2025-02
102202,2025-02-28,UK,Europe,Laptop,Electronics,11,892.88,666.45,9821.68,7330.95,2490.7300000000005,0.25359510796523616,2025-02
104290,2025-02-28,Mexico,North America,Tablet,Electronics,2,495.05,327.12,990.1,654.24,335.86,0.3392182607817392,2025-02
104298,2025-02-28,Netherlands,Europe,Keyboard,Accessories,14,67.1,38.21,939.4,534.94,404.4599999999999,0.43055141579731737,2025-02
101162,2025-02-28,Italy,Europe,Tablet,Electronics,4,419.44,310.81,1677.76,1243.24,434.52,0.258988174709136,2025-02
100445,2025-02-28,Mexico,North America,Keyboard,Accessories,5,76.84,38.12,384.2,190.6,193.6,0.5039042165538782,2025-02
101338,2025-02-28,Canada,North America,Keyboard,Accessories,6,66.55,39.6,399.3,237.6,161.70000000000002,0.40495867768595045,2025-02
101065,2025-02-28,South Korea,Asia,Phone,Electronics,3,643.85,443.22,1931.55,1329.66,601.8899999999999,0.31160984701405603,2025-02
101431,2025-02-28,Japan,Asia,Smartwatch,Wearables,10,243.67,132.31,2436.7,1323.1,1113.6,0.45701153198998645,2025-02
101049,2025-03-01,New Zealand,Australia & Oceania,Headphones,Accessories,10,130.46,68.36,1304.6,683.6,620.9999999999999,0.4760079717921201,2025-03
103009,2025-03-01,Mexico,North America,Mouse,Accessories,4,45.36,22.75,181.44,91.0,90.44,0.4984567901234568,2025-03
103020,2025-03-01,Mexico,North America,Mouse,Accessories,1,45.99,23.42,45.99,23.42,22.57,0.4907588606218743,2025-03
100519,2025-03-01,Australia,Australia & Oceania,Laptop,Electronics,5,852.92,680.93,4264.6,3404.65,859.9500000000003,0.20164845472025517,2025-03
102588,2025-03-01,USA,North America,Phone,Electronics,8,683.69,419.02,5469.52,3352.16,2117.3600000000006,0.3871198935189926,2025-03
102410,2025-03-01,Singapore,Asia,Keyboard,Accessories,2,75.88,38.09,151.76,76.18,75.57999999999998,0.49802319451765936,2025-03
101597,2025-03-01,UK,Europe,Laptop,Electronics,12,821.42,601.01,9857.04,7212.12,2644.920000000001,0.26832801733583317,2025-03
102329,2025-03-01,USA,North America,Mouse,Accessories,6,41.76,23.83,250.56,142.98,107.58000000000001,0.42935823754789276,2025-03
101967,2025-03-01,Spain,Europe,Tablet,Electronics,7,481.83,294.91,3372.81,2064.37,1308.44,0.3879376543594214,2025-03
101659,2025-03-02,UAE,Asia,Smartwatch,Wearables,15,221.87,142.7,3328.05,2140.5,1187.5500000000002,0.356830576463695,2025-03
103970,2025-03-02,UAE,Asia,Tablet,Electronics,11,438.91,325.78,4828.01,3583.58,1244.4300000000003,0.2577521587569206,2025-03
103433,2025-03-02,USA,North America,Headphones,Accessories,12,114.84,64.9,1378.08,778.8,599.28,0.43486590038314177,2025-03
104962,2025-03-02,Spain,Europe,Tablet,Electronics,3,461.27,321.82,1383.81,965.46,418.3499999999999,0.30231751468770995,2025-03
101723,2025-03-02,France,Europe,Headphones,Accessories,1,117.21,64.71,117.21,64.71,52.5,0.4479140005119017,2025-03
102282,2025-03-03,Singapore,Asia,Monitor,Electronics,8,334.29,232.22,2674.32,1857.76,816.5600000000002,0.30533369230309015,2025-03
103497,2025-03-03,Australia,Australia & Oceania,Laptop,Electronics,12,944.35,596.75,11332.2,7161.0,4171.200000000001,0.3680838672102505,2025-03
101654,2025-03-03,Japan,Asia,Headphones,Accessories,6,114.8,66.45,688.8,398.7,290.09999999999997,0.42116724738675954,2025-03
100276,2025-03-03,India,Asia,Smartwatch,Wearables,15,246.18,136.69,3692.7,2050.35,1642.35,0.44475586968884556,2025-03
102333,2025-03-03,USA,North America,Tablet,Electronics,7,454.05,304.97,3178.35,2134.79,1043.56,0.3283338839334875,2025-03
103264,2025-03-03,Germany,Europe,Smartwatch,Wearables,3,234.77,135.36,704.31,406.08,298.22999999999996,0.423435703028496,2025-03
101134,2025-03-04,Italy,Europe,Laptop,Electronics,8,948.45,632.95,7587.6,5063.6,2524.0,0.33264800463914806,2025-03
101770,2025-03-04,Singapore,Asia,Tablet,Electronics,3,442.14,324.5,1326.42,973.5,352.9200000000001,0.26606957072420506,2025-03
103696,2025-03-04,Netherlands,Europe,Headphones,Accessories,13,122.96,64.67,1598.48,840.71,757.77,0.4740566037735849,2025-03
100759,2025-03-04,Australia,Australia & Oceania,Smartwatch,Wearables,5,238.14,130.33,1190.7,651.65,539.0500000000001,0.4527168892248258,2025-03
100108,2025-03-04,USA,North America,Headphones,Accessories,8,116.61,69.92,932.88,559.36,373.52,0.40039447731755423,2025-03
102337,2025-03-04,India,Asia,Smartwatch,Wearables,3,243.2,144.54,729.6,433.62,295.98,0.40567434210526315,2025-03
101926,2025-03-04,UK,Europe,Smartwatch,Wearables,15,227.77,145.23,3416.55,2178.45,1238.1000000000004,0.36238310576458715,2025-03
101927,2025-03-04,India,Asia,Tablet,Electronics,1,501.93,307.81,501.93,307.81,194.12,0.3867471559779252,2025-03
104275,2025-03-05,Mexico,North America,Phone,Electronics,7,691.22,450.45,4838.54,3153.15,1685.3899999999999,0.34832614797025546,2025-03
104300,2025-03-05,India,Asia,Mouse,Accessories,8,49.98,24.52,399.84,196.16,203.67999999999998,0.5094037615046019,2025-03
103875,2025-03-05,UK,Europe,Headphones,Accessories,9,114.39,72.79,1029.51,655.11,374.4,0.36366815281056036,2025-03
103964,2025-03-05,South Korea,Asia,Monitor,Electronics,6,390.88,226.87,2345.28,1361.22,984.0600000000002,0.41959169054441264,2025-03
100505,2025-03-05,Canada,North America,Mouse,Accessories,13,50.22,22.0,652.86,286.0,366.86,0.5619275189167663,2025-03
100816,2025-03-05,Singapore,Asia,Keyboard,Accessories,2,65.28,37.99,130.56,75.98,54.58,0.4180453431372549,2025-03
101029,2025-03-05,Germany,Europe,Keyboard,Accessories,8,70.51,40.13,564.08,321.04,243.04000000000002,0.4308608707984683,2025-03
102623,2025-03-06,South Korea,Asia,Headphones,Accessories,13,118.05,71.76,1534.65,932.88,601.7700000000001,0.3921219822109276,2025-03
104871,2025-03-06,South Korea,Asia,Laptop,Electronics,14,1005.83,645.16,14081.62,9032.24,5049.380000000001,0.358579481622143,2025-03
102533,2025-03-06,Spain,Europe,Laptop,Electronics,15,970.36,614.64,14555.4,9219.6,5335.799999999999,0.3665855970979842,2025-03
103874,2025-03-06,USA,North America,Smartwatch,Wearables,8,244.74,144.5,1957.92,1156.0,801.9200000000001,0.4095775108278173,2025-03
103060,2025-03-06,Australia,Australia & Oceania,Smartwatch,Wearables,11,241.7,130.2,2658.7,1432.2,1226.4999999999998,0.4613156805957798,2025-03
103659,2025-03-06,Mexico,North America,Smartwatch,Wearables,5,242.3,137.64,1211.5,688.2,523.3,0.4319438712340074,2025-03
104077,2025-03-07,Japan,Asia,Headphones,Accessories,14,117.74,71.52,1648.36,1001.28,647.0799999999999,0.39255987769661965,2025-03
103358,2025-03-07,Japan,Asia,Monitor,Electronics,5,335.68,232.67,1678.4,1163.35,515.0500000000002,0.3068696377502384,2025-03
103528,2025-03-07,Mexico,North America,Mouse,Accessories,5,43.85,23.76,219.25,118.8,100.45,0.4581527936145952,2025-03
103610,2025-03-07,New Zealand,Australia & Oceania,Smartwatch,Wearables,7,229.51,145.5,1606.57,1018.5,588.0699999999999,0.36604069539453615,2025-03
103194,2025-03-07,UAE,Asia,Smartwatch,Wearables,13,230.28,134.24,2993.64,1745.12,1248.52,0.41705749522320656,2025-03
104025,2025-03-07,Canada,North America,Smartwatch,Wearables,9,222.62,142.27,2003.58,1280.43,723.1499999999999,0.36092893720240765,2025-03
101475,2025-03-07,Singapore,Asia,Headphones,Accessories,6,127.57,68.34,765.42,410.04,355.37999999999994,0.46429411303598017,2025-03
102900,2025-03-08,Spain,Europe,Tablet,Electronics,10,492.05,302.65,4920.5,3026.5,1894.0,0.384920231683772,2025-03
102814,2025-03-08,Netherlands,Europe,Tablet,Electronics,11,429.0,323.3,4719.0,3556.3,1162.6999999999998,0.24638694638694636,2025-03
104029,2025-03-08,USA,North America,Smartwatch,Wearables,4,241.86,139.36,967.44,557.44,410.0,0.423798891920946,2025-03
100623,2025-03-08,South Korea,Asia,Tablet,Electronics,6,416.28,309.44,2497.68,1856.64,641.0399999999997,0.256654175074469,2025-03
102354,2025-03-08,Australia,Australia & Oceania,Headphones,Accessories,3,108.63,72.63,325.89,217.89,108.0,0.33140016570008285,2025-03
101675,2025-03-08,Canada,North America,Tablet,Electronics,15,412.84,297.95,6192.6,4469.25,1723.3500000000004,0.27829183218680364,2025-03
104462,2025-03-08,India,Asia,Mouse,Accessories,6,48.84,24.2,293.04,145.2,147.84000000000003,0.5045045045045046,2025-03
100708,2025-03-08,Canada,North America,Keyboard,Accessories,13,67.27,38.88,874.51,505.44,369.07,0.42203062286308907,2025-03
103798,2025-03-08,UK,Europe,Tablet,Electronics,8,411.14,311.36,3289.12,2490.88,798.2399999999998,0.24269105414214132,2025-03
100334,2025-03-09,Netherlands,Europe,Headphones,Accessories,9,120.24,73.27,1082.16,659.43,422.73000000000013,0.3906353958749169,2025-03
102974,2025-03-09,Mexico,North America,Headphones,Accessories,4,119.2,64.24,476.8,256.96,219.84000000000003,0.46107382550335574,2025-03
101419,2025-03-09,Japan,Asia,Keyboard,Accessories,11,71.24,39.37,783.64,433.07,350.57,0.4473610331274565,2025-03
103614,2025-03-09,Canada,North America,Smartwatch,Wearables,11,224.32,146.19,2467.52,1608.09,859.4300000000001,0.34829707560627676,2025-03
104382,2025-03-09,France,Europe,Monitor,Electronics,5,339.48,235.85,1697.4,1179.25,518.1500000000001,0.30526098739248264,2025-03
103656,2025-03-09,Spain,Europe,Mouse,Accessories,13,45.93,22.82,597.09,296.66,300.43,0.5031569780100152,2025-03
103241,2025-03-09,South Korea,Asia,Headphones,Accessories,1,121.84,73.62,121.84,73.62,48.22,0.39576493762311227,2025-03
103346,2025-03-09,Mexico,North America,Mouse,Accessories,9,49.38,21.68,444.42,195.12,249.3,0.5609558525718915,2025-03
100549,2025-03-09,India,Asia,Tablet,Electronics,7,463.28,331.41,3242.96,2319.87,923.0900000000001,0.2846442756000691,2025-03
104924,2025-03-09,Australia,Australia & Oceania,Tablet,Electronics,14,442.12,294.54,6189.68,4123.56,2066.12,0.3338007780693024,2025-03
101767,2025-03-09,USA,North America,Monitor,Electronics,1,361.84,242.75,361.84,242.75,119.08999999999997,0.32912336944505854,2025-03
100688,2025-03-10,Netherlands,Europe,Phone,Electronics,8,654.97,440.14,5239.76,3521.12,1718.6400000000003,0.3279997557140022,2025-03
102543,2025-03-10,Mexico,North America,Headphones,Accessories,5,112.01,71.37,560.05,356.85,203.19999999999993,0.36282474779037577,2025-03
102766,2025-03-10,Australia,Australia & Oceania,Mouse,Accessories,8,44.28,23.16,354.24,185.28,168.96,0.47696476964769646,2025-03
102620,2025-03-10,France,Europe,Tablet,Electronics,9,455.16,326.51,4096.44,2938.59,1157.8499999999995,0.28264786009315396,2025-03
104214,2025-03-10,Netherlands,Europe,Keyboard,Accessories,2,66.74,35.93,133.48,71.86,61.61999999999999,0.4616421935870542,2025-03
102703,2025-03-10,Spain,Europe,Laptop,Electronics,6,867.31,661.64,5203.86,3969.84,1234.0199999999995,0.23713551094764262,2025-03
100726,2025-03-10,USA,North America,Phone,Electronics,2,599.52,429.03,1199.04,858.06,340.98,0.2843775020016013,2025-03
104650,2025-03-10,France,Europe,Mouse,Accessories,7,43.66,23.83,305.62,166.81,138.81,0.45419147961520845,2025-03
104532,2025-03-11,Spain,Europe,Monitor,Electronics,6,350.82,241.6,2104.92,1449.6,655.3200000000002,0.311327746422667,2025-03
104479,2025-03-11,India,Asia,Monitor,Electronics,8,329.38,218.97,2635.04,1751.76,883.28,0.3352055376768474,2025-03
101014,2025-03-11,France,Europe,Smartwatch,Wearables,15,244.28,131.79,3664.2,1976.85,1687.35,0.4604961519567709,2025-03
104112,2025-03-11,India,Asia,Tablet,Electronics,6,446.9,328.38,2681.4,1970.28,711.1200000000001,0.2652047437905572,2025-03
100997,2025-03-11,Australia,Australia & Oceania,Phone,Electronics,10,714.02,433.55,7140.2,4335.5,2804.7,0.39280412313380575,2025-03
104006,2025-03-11,Netherlands,Europe,Monitor,Electronics,13,325.78,230.46,4235.14,2995.98,1239.1600000000003,0.2925900914727731,2025-03
102263,2025-03-11,Australia,Australia & Oceania,Mouse,Accessories,10,46.6,24.22,466.0,242.2,223.8,0.48025751072961376,2025-03
102176,2025-03-11,Mexico,North America,Monitor,Electronics,13,378.14,224.69,4915.82,2920.97,1994.85,0.4058020838842757,2025-03
104666,2025-03-11,Mexico,North America,Headphones,Accessories,3,126.31,71.56,378.93,214.68,164.25,0.4334573667959781,2025-03
103056,2025-03-11,New Zealand,Australia & Oceania,Monitor,Electronics,6,315.02,240.3,1890.12,1441.8,448.31999999999994,0.23719128944194018,2025-03
103923,2025-03-12,USA,North America,Monitor,Electronics,8,317.03,235.9,2536.24,1887.2,649.0399999999997,0.2559063810995804,2025-03
100086,2025-03-12,UAE,Asia,Smartwatch,Wearables,9,209.38,130.57,1884.42,1175.13,709.29,0.3763969815646193,2025-03
100351,2025-03-12,India,Asia,Phone,Electronics,14,709.33,455.08,9930.62,6371.12,3559.500000000001,0.3584368347595619,2025-03
103783,2025-03-12,Germany,Europe,Monitor,Electronics,7,332.88,239.45,2330.16,1676.15,654.0099999999998,0.28067171353040127,2025-03
104873,2025-03-12,France,Europe,Phone,Electronics,13,669.22,454.09,8699.86,5903.17,2796.6900000000005,0.321463793670243,2025-03
103559,2025-03-13,Italy,Europe,Keyboard,Accessories,14,63.51,39.12,889.14,547.68,341.46000000000004,0.3840340103920643,2025-03
103331,2025-03-13,Mexico,North America,Tablet,Electronics,6,417.99,332.8,2507.94,1996.8,511.1400000000001,0.2038087035575014,2025-03
103320,2025-03-13,Canada,North America,Monitor,Electronics,13,354.35,225.46,4606.55,2930.98,1675.5700000000002,0.36373641879497676,2025-03
104361,2025-03-13,Netherlands,Europe,Headphones,Accessories,15,109.64,69.36,1644.6,1040.4,604.1999999999998,0.36738416636264126,2025-03
100046,2025-03-13,Canada,North America,Mouse,Accessories,5,43.94,24.42,219.7,122.1,97.6,0.4442421483841602,2025-03
100675,2025-03-13,Singapore,Asia,Monitor,Electronics,12,334.86,233.58,4018.32,2802.96,1215.3600000000001,0.3024547572119692,2025-03
103093,2025-03-13,India,Asia,Smartwatch,Wearables,4,228.34,146.54,913.36,586.16,327.20000000000005,0.35823771568713325,2025-03
103847,2025-03-13,Australia,Australia & Oceania,Headphones,Accessories,3,127.03,72.97,381.09,218.91,162.17999999999998,0.4255687632842635,2025-03
100638,2025-03-13,UK,Europe,Mouse,Accessories,12,45.82,23.76,549.84,285.12,264.72,0.48144914884329987,2025-03
101275,2025-03-13,UAE,Asia,Keyboard,Accessories,12,76.23,38.78,914.76,465.36,449.4,0.49127640036730946,2025-03
100648,2025-03-13,Mexico,North America,Mouse,Accessories,5,44.55,21.89,222.75,109.45,113.3,0.508641975308642,2025-03
102634,2025-03-13,France,Europe,Phone,Electronics,9,720.09,416.81,6480.81,3751.29,2729.5200000000004,0.4211695760252191,2025-03
104626,2025-03-13,Mexico,North America,Laptop,Electronics,15,908.03,672.33,13620.45,10084.95,3535.5,0.2595729215995066,2025-03
104765,2025-03-14,India,Asia,Headphones,Accessories,5,124.97,72.54,624.85,362.7,262.15000000000003,0.41954068976554376,2025-03
102433,2025-03-14,New Zealand,Australia & Oceania,Monitor,Electronics,1,328.29,220.82,328.29,220.82,107.47000000000003,0.3273630022236438,2025-03
104947,2025-03-14,Canada,North America,Monitor,Electronics,5,358.04,246.86,1790.2,1234.3,555.9000000000001,0.31052396380292707,2025-03
100300,2025-03-14,Spain,Europe,Laptop,Electronics,9,968.04,619.14,8712.36,5572.26,3140.1000000000004,0.36041899095078717,2025-03
101408,2025-03-14,USA,North America,Keyboard,Accessories,7,74.39,39.25,520.73,274.75,245.98000000000002,0.47237531926334186,2025-03
103775,2025-03-14,Canada,North America,Tablet,Electronics,1,426.94,307.81,426.94,307.81,119.13,0.27903218250808076,2025-03
100910,2025-03-14,Singapore,Asia,Keyboard,Accessories,2,72.44,38.3,144.88,76.6,68.28,0.47128658199889567,2025-03
103045,2025-03-14,Mexico,North America,Phone,Electronics,4,598.07,448.42,2392.28,1793.68,598.6000000000001,0.2502215459728795,2025-03
101519,2025-03-14,Netherlands,Europe,Headphones,Accessories,12,128.41,70.59,1540.92,847.08,693.84,0.4502764582197648,2025-03
103402,2025-03-14,Netherlands,Europe,Laptop,Electronics,15,881.87,625.18,13228.05,9377.7,3850.3499999999985,0.29107464819077633,2025-03
101893,2025-03-15,Canada,North America,Laptop,Electronics,8,968.84,633.98,7750.72,5071.84,2678.88,0.3456298253581603,2025-03
101414,2025-03-15,Netherlands,Europe,Headphones,Accessories,11,127.43,72.52,1401.73,797.72,604.01,0.4309032409950561,2025-03
100490,2025-03-15,Australia,Australia & Oceania,Headphones,Accessories,2,130.76,72.31,261.52,144.62,116.89999999999998,0.44700214132762306,2025-03
101832,2025-03-15,USA,North America,Laptop,Electronics,10,816.56,664.94,8165.6,6649.4,1516.2000000000007,0.18568139512099546,2025-03
103975,2025-03-15,Netherlands,Europe,Phone,Electronics,1,605.8,418.23,605.8,418.23,187.56999999999994,0.30962363816441063,2025-03
104205,2025-03-15,France,Europe,Mouse,Accessories,10,41.5,22.34,415.0,223.4,191.6,0.4616867469879518,2025-03
102009,2025-03-15,Italy,Europe,Laptop,Electronics,6,953.44,655.32,5720.64,3931.92,1788.7200000000003,0.31267830172847794,2025-03
104879,2025-03-16,South Korea,Asia,Headphones,Accessories,14,122.11,72.96,1709.54,1021.44,688.0999999999999,0.4025059372696748,2025-03
101099,2025-03-16,Canada,North America,Mouse,Accessories,1,43.19,23.82,43.19,23.82,19.369999999999997,0.4484834452419541,2025-03
100945,2025-03-16,Netherlands,Europe,Keyboard,Accessories,11,77.73,36.85,855.03,405.35,449.67999999999995,0.525923067026888,2025-03
103338,2025-03-16,Canada,North America,Headphones,Accessories,10,129.77,68.56,1297.7,685.6,612.1,0.4716806657933267,2025-03
103384,2025-03-16,Netherlands,Europe,Laptop,Electronics,8,860.29,674.46,6882.32,5395.68,1486.6399999999994,0.21600855525462337,2025-03
104356,2025-03-17,Canada,North America,Keyboard,Accessories,3,77.52,37.85,232.56,113.55,119.01,0.5117389060887513,2025-03
102980,2025-03-17,Australia,Australia & Oceania,Smartwatch,Wearables,15,216.5,144.87,3247.5,2173.05,1074.4499999999998,0.3308545034642032,2025-03
101047,2025-03-17,UK,Europe,Mouse,Accessories,9,41.75,21.56,375.75,194.04,181.71,0.4835928143712575,2025-03
104560,2025-03-17,Australia,Australia & Oceania,Monitor,Electronics,14,360.06,217.99,5040.84,3051.86,1988.98,0.39457312670110534,2025-03
102570,2025-03-17,New Zealand,Australia & Oceania,Headphones,Accessories,10,131.12,66.4,1311.2,664.0,647.2,0.4935936546674802,2025-03
103542,2025-03-17,Mexico,North America,Monitor,Electronics,2,358.95,221.08,717.9,442.16,275.73999999999995,0.38409249199052786,2025-03
100322,2025-03-17,USA,North America,Laptop,Electronics,15,907.11,660.17,13606.65,9902.55,3704.1000000000004,0.27222718303182636,2025-03
100735,2025-03-17,UAE,Asia,Laptop,Electronics,12,844.74,680.41,10136.88,8164.92,1971.9599999999991,0.19453322915926788,2025-03
100410,2025-03-18,Italy,Europe,Mouse,Accessories,7,45.19,23.8,316.33,166.6,149.73,0.4733348085859703,2025-03
101501,2025-03-18,Japan,Asia,Monitor,Electronics,3,331.89,239.99,995.67,719.97,275.69999999999993,0.2768989725511464,2025-03
102682,2025-03-18,USA,North America,Smartwatch,Wearables,8,213.11,137.37,1704.88,1098.96,605.9200000000001,0.3554033128431327,2025-03
101217,2025-03-18,Spain,Europe,Headphones,Accessories,6,110.53,66.74,663.18,400.44,262.73999999999995,0.3961820320275038,2025-03
101677,2025-03-18,Italy,Europe,Headphones,Accessories,12,112.64,70.56,1351.68,846.72,504.96000000000004,0.37357954545454547,2025-03
100609,2025-03-18,India,Asia,Keyboard,Accessories,13,71.35,37.47,927.55,487.11,440.43999999999994,0.4748423265592151,2025-03
103259,2025-03-18,India,Asia,Mouse,Accessories,15,45.73,22.69,685.95,340.35,345.6,0.5038268095342227,2025-03
104587,2025-03-18,India,Asia,Smartwatch,Wearables,4,225.78,127.88,903.12,511.52,391.6,0.43360793692975463,2025-03
101673,2025-03-18,New Zealand,Australia & Oceania,Keyboard,Accessories,13,67.46,35.54,876.98,462.02,414.96000000000004,0.47316928550252,2025-03
102408,2025-03-18,France,Europe,Phone,Electronics,9,697.93,452.23,6281.37,4070.07,2211.2999999999997,0.35204103563394606,2025-03
102768,2025-03-18,Germany,Europe,Smartwatch,Wearables,5,242.9,139.81,1214.5,699.05,515.45,0.42441333882256077,2025-03
103105,2025-03-19,UK,Europe,Mouse,Accessories,14,45.68,22.83,639.52,319.62,319.9,0.5002189141856392,2025-03
104769,2025-03-19,USA,North America,Tablet,Electronics,10,482.44,324.97,4824.4,3249.7,1574.6999999999998,0.32640328330984164,2025-03
102878,2025-03-19,Italy,Europe,Smartwatch,Wearables,10,223.48,129.14,2234.8,1291.4,943.4000000000001,0.42214068373008773,2025-03
101344,2025-03-19,Canada,North America,Tablet,Electronics,1,463.79,290.24,463.79,290.24,173.55,0.37419952995968003,2025-03
101646,2025-03-19,USA,North America,Smartwatch,Wearables,15,232.11,129.02,3481.65,1935.3,1546.3500000000001,0.44414286329757446,2025-03
103952,2025-03-19,USA,North America,Monitor,Electronics,12,387.89,224.77,4654.68,2697.24,1957.4400000000005,0.4205315940086108,2025-03
102012,2025-03-20,UK,Europe,Headphones,Accessories,9,109.5,67.08,985.5,603.72,381.78,0.3873972602739726,2025-03
102515,2025-03-20,Canada,North America,Phone,Electronics,7,723.47,465.04,5064.29,3255.28,1809.0099999999998,0.3572090065932243,2025-03
101575,2025-03-20,UK,Europe,Phone,Electronics,14,641.19,432.19,8976.66,6050.66,2926.0,0.32595642477268827,2025-03
100823,2025-03-20,Singapore,Asia,Mouse,Accessories,5,44.18,23.32,220.9,116.6,104.30000000000001,0.47215934812132193,2025-03
104585,2025-03-20,Mexico,North America,Headphones,Accessories,9,110.93,69.03,998.37,621.27,377.1,0.37771567655278104,2025-03
104106,2025-03-20,Mexico,North America,Laptop,Electronics,7,818.98,641.85,5732.86,4492.95,1239.9099999999999,0.2162812278688124,2025-03
103411,2025-03-20,India,Asia,Smartwatch,Wearables,11,221.63,136.03,2437.93,1496.33,941.5999999999999,0.3862293010873979,2025-03
104469,2025-03-20,New Zealand,Australia & Oceania,Laptop,Electronics,10,955.3,650.29,9553.0,6502.9,3050.1000000000004,0.3192819009735162,2025-03
103760,2025-03-21,USA,North America,Laptop,Electronics,8,987.94,659.74,7903.52,5277.92,2625.6000000000004,0.3322064092961111,2025-03
103688,2025-03-21,Singapore,Asia,Phone,Electronics,13,635.41,420.9,8260.33,5471.7,2788.63,0.3375930501565918,2025-03
102060,2025-03-21,Singapore,Asia,Headphones,Accessories,14,115.05,69.98,1610.7,979.72,630.98,0.3917427205562799,2025-03
100002,2025-03-21,New Zealand,Australia & Oceania,Headphones,Accessories,15,122.57,69.37,1838.55,1040.55,798.0,0.4340376927470017,2025-03
104699,2025-03-21,UK,Europe,Monitor,Electronics,8,378.09,225.24,3024.72,1801.92,1222.7999999999997,0.4042688248829643,2025-03
101662,2025-03-21,South Korea,Asia,Tablet,Electronics,5,409.69,309.83,2048.45,1549.15,499.2999999999997,0.2437452708145182,2025-03
104631,2025-03-21,UK,Europe,Headphones,Accessories,14,127.77,69.39,1788.78,971.46,817.3199999999999,0.4569147687250528,2025-03
101113,2025-03-21,UK,Europe,Tablet,Electronics,3,442.73,302.54,1328.19,907.62,420.57000000000005,0.3166489734149482,2025-03
102961,2025-03-21,Netherlands,Europe,Smartwatch,Wearables,10,201.31,145.22,2013.1,1452.2,560.8999999999999,0.27862500620932884,2025-03
100112,2025-03-21,France,Europe,Headphones,Accessories,11,110.9,68.85,1219.9,757.35,462.55000000000007,0.37917042380523,2025-03
100312,2025-03-21,Germany,Europe,Tablet,Electronics,7,430.64,301.34,3014.48,2109.38,905.0999999999999,0.300250789522571,2025-03
101315,2025-03-21,India,Asia,Laptop,Electronics,7,913.37,669.24,6393.59,4684.68,1708.9099999999999,0.2672848900226633,2025-03
101974,2025-03-22,UAE,Asia,Headphones,Accessories,13,133.17,65.99,1731.21,857.87,873.34,0.5044679732672523,2025-03
104458,2025-03-22,Spain,Europe,Monitor,Electronics,11,348.4,235.1,3832.4,2586.1,1246.3000000000002,0.3252009184845006,2025-03
101148,2025-03-22,USA,North America,Laptop,Electronics,9,883.48,658.86,7951.32,5929.74,2021.58,0.2542445782587042,2025-03
101505,2025-03-22,India,Asia,Monitor,Electronics,2,330.64,223.3,661.28,446.6,214.67999999999995,0.3246431163803532,2025-03
100456,2025-03-22,Singapore,Asia,Headphones,Accessories,9,115.22,70.24,1036.98,632.16,404.82000000000005,0.3903836139559105,2025-03
100119,2025-03-22,Australia,Australia & Oceania,Mouse,Accessories,9,46.46,23.12,418.14,208.08,210.05999999999997,0.5023676280671545,2025-03
102885,2025-03-22,Italy,Europe,Headphones,Accessories,8,108.46,66.15,867.68,529.2,338.4799999999999,0.3900977318827217,2025-03
103685,2025-03-22,Canada,North America,Smartwatch,Wearables,7,207.54,140.95,1452.78,986.65,466.13,0.32085381131348173,2025-03
104787,2025-03-23,New Zealand,Australia & Oceania,Phone,Electronics,6,649.45,422.51,3896.7,2535.06,1361.6399999999999,0.3494341365771037,2025-03
100272,2025-03-23,Canada,North America,Tablet,Electronics,7,445.15,298.92,3116.05,2092.44,1023.6100000000001,0.32849601258002925,2025-03
101870,2025-03-23,Canada,North America,Smartwatch,Wearables,4,199.96,135.89,799.84,543.56,256.2800000000001,0.3204140828165634,2025-03
103600,2025-03-23,USA,North America,Monitor,Electronics,13,320.91,218.44,4171.83,2839.72,1332.1100000000001,0.3193107101679599,2025-03
103605,2025-03-23,UK,Europe,Mouse,Accessories,8,48.7,22.09,389.6,176.72,212.88000000000002,0.5464065708418891,2025-03
103337,2025-03-23,New Zealand,Australia & Oceania,Keyboard,Accessories,4,76.1,39.88,304.4,159.52,144.87999999999997,0.4759526938239158,2025-03
103392,2025-03-23,New Zealand,Australia & Oceania,Tablet,Electronics,4,411.81,293.01,1647.24,1172.04,475.20000000000005,0.28848255263349604,2025-03
102821,2025-03-23,Australia,Australia & Oceania,Laptop,Electronics,7,856.44,644.32,5995.08,4510.24,1484.8400000000001,0.24767642800429687,2025-03
102863,2025-03-23,Australia,Australia & Oceania,Laptop,Electronics,5,860.36,666.33,4301.8,3331.65,970.1500000000001,0.22552187456413594,2025-03
102143,2025-03-23,Canada,North America,Headphones,Accessories,15,129.66,66.94,1944.9,1004.1,940.8000000000001,0.4837266697516582,2025-03
100357,2025-03-23,UK,Europe,Monitor,Electronics,11,337.88,234.76,3716.68,2582.36,1134.3199999999997,0.30519711140049716,2025-03
104430,2025-03-23,Mexico,North America,Keyboard,Accessories,1,75.95,38.75,75.95,38.75,37.2,0.489795918367347,2025-03
100241,2025-03-23,Australia,Australia & Oceania,Keyboard,Accessories,14,67.91,40.27,950.74,563.78,386.96000000000004,0.4070092769842439,2025-03
101690,2025-03-23,Mexico,North America,Laptop,Electronics,2,859.21,629.9,1718.42,1259.8,458.6200000000001,0.2668846964071648,2025-03
103054,2025-03-23,Germany,Europe,Mouse,Accessories,9,48.57,24.32,437.13,218.88,218.25,0.4992793905703109,2025-03
102726,2025-03-24,Netherlands,Europe,Laptop,Electronics,12,840.09,635.87,10081.08,7630.44,2450.6400000000003,0.24309300194026834,2025-03
104721,2025-03-24,Singapore,Asia,Smartwatch,Wearables,9,221.54,145.66,1993.86,1310.94,682.9199999999998,0.3425115103367337,2025-03
104441,2025-03-24,Australia,Australia & Oceania,Smartwatch,Wearables,6,212.84,144.21,1277.04,865.26,411.78,0.322448787821838,2025-03
104319,2025-03-24,Singapore,Asia,Smartwatch,Wearables,6,218.84,142.04,1313.04,852.24,460.79999999999995,0.3509413269968927,2025-03
104836,2025-03-24,France,Europe,Headphones,Accessories,11,124.18,64.57,1365.98,710.27,655.71,0.4800289901755516,2025-03
102782,2025-03-24,USA,North America,Mouse,Accessories,7,50.33,23.96,352.31,167.72,184.59,0.5239419829127757,2025-03
102819,2025-03-24,France,Europe,Smartwatch,Wearables,9,235.43,146.24,2118.87,1316.16,802.7099999999998,0.378838720638831,2025-03
103222,2025-03-24,UK,Europe,Tablet,Electronics,7,408.19,318.23,2857.33,2227.61,629.7199999999998,0.2203875646145177,2025-03
103227,2025-03-24,Italy,Europe,Keyboard,Accessories,12,63.81,40.75,765.72,489.0,276.72,0.3613853627958001,2025-03
101758,2025-03-24,Singapore,Asia,Smartwatch,Wearables,12,225.77,137.65,2709.24,1651.8,1057.4399999999998,0.39030872126500415,2025-03
101887,2025-03-24,UK,Europe,Phone,Electronics,8,703.11,408.05,5624.88,3264.4,2360.48,0.41964984141883915,2025-03
103477,2025-03-25,New Zealand,Australia & Oceania,Phone,Electronics,10,635.75,432.66,6357.5,4326.6,2030.8999999999996,0.3194494691309476,2025-03
103815,2025-03-25,UK,Europe,Smartwatch,Wearables,1,217.43,131.49,217.43,131.49,85.94,0.39525364485121645,2025-03
100185,2025-03-25,France,Europe,Headphones,Accessories,11,128.97,67.51,1418.67,742.61,676.0600000000001,0.47654493293013883,2025-03
104076,2025-03-25,Japan,Asia,Headphones,Accessories,4,121.23,69.8,484.92,279.2,205.72000000000003,0.42423492534851115,2025-03
103328,2025-03-25,Singapore,Asia,Keyboard,Accessories,9,71.83,37.38,646.47,336.42,310.05,0.4796046220242239,2025-03
101630,2025-03-25,Singapore,Asia,Laptop,Electronics,2,962.6,601.88,1925.2,1203.76,721.44,0.37473509245792647,2025-03
104081,2025-03-25,Canada,North America,Smartwatch,Wearables,9,210.84,140.5,1897.56,1264.5,633.06,0.3336179093151205,2025-03
103291,2025-03-25,Spain,Europe,Monitor,Electronics,8,326.33,233.44,2610.64,1867.52,743.1199999999999,0.2846505071553335,2025-03
103953,2025-03-26,New Zealand,Australia & Oceania,Mouse,Accessories,9,44.37,24.6,399.33,221.4,177.92999999999998,0.44557133198106824,2025-03
104207,2025-03-26,UAE,Asia,Headphones,Accessories,14,127.39,69.38,1783.46,971.32,812.14,0.4553732632074731,2025-03
102389,2025-03-26,Canada,North America,Monitor,Electronics,14,360.27,245.88,5043.78,3442.32,1601.4599999999996,0.3175118661004246,2025-03
104497,2025-03-26,South Korea,Asia,Monitor,Electronics,8,345.99,221.79,2767.92,1774.32,993.6000000000001,0.35896991242521464,2025-03
100474,2025-03-27,Australia,Australia & Oceania,Mouse,Accessories,14,40.59,22.44,568.26,314.16,254.09999999999997,0.4471544715447154,2025-03
102056,2025-03-27,USA,North America,Tablet,Electronics,9,457.2,295.96,4114.8,2663.64,1451.1600000000003,0.35266841644794406,2025-03
104671,2025-03-27,UAE,Asia,Laptop,Electronics,8,991.23,624.54,7929.84,4996.32,2933.5200000000004,0.3699343240216701,2025-03
100736,2025-03-27,New Zealand,Australia & Oceania,Monitor,Electronics,11,377.08,238.18,4147.88,2619.98,1527.9,0.3683568473533468,2025-03
104554,2025-03-27,New Zealand,Australia & Oceania,Laptop,Electronics,3,891.88,615.85,2675.64,1847.55,828.0899999999999,0.3094923083822936,2025-03
102283,2025-03-27,Japan,Asia,Mouse,Accessories,6,43.81,24.09,262.86,144.54,118.32000000000002,0.4501255421136727,2025-03
100284,2025-03-27,Netherlands,Europe,Headphones,Accessories,12,127.58,73.67,1530.96,884.04,646.9200000000001,0.4225583947327168,2025-03
104080,2025-03-27,Italy,Europe,Monitor,Electronics,5,339.72,234.23,1698.6,1171.15,527.4499999999998,0.3105204285882491,2025-03
101152,2025-03-27,USA,North America,Tablet,Electronics,15,472.13,309.59,7081.95,4643.85,2438.0999999999995,0.34426958676635666,2025-03
100632,2025-03-28,Australia,Australia & Oceania,Keyboard,Accessories,6,67.86,36.91,407.16,221.46,185.70000000000002,0.4560860595343354,2025-03
103733,2025-03-28,South Korea,Asia,Mouse,Accessories,7,44.5,24.52,311.5,171.64,139.86,0.44898876404494387,2025-03
104751,2025-03-28,India,Asia,Tablet,Electronics,15,414.79,328.59,6221.85,4928.85,1293.0,0.20781600327876756,2025-03
102811,2025-03-28,France,Europe,Monitor,Electronics,2,353.68,240.51,707.36,481.02,226.34000000000003,0.31997851164894825,2025-03
101753,2025-03-28,Spain,Europe,Tablet,Electronics,12,422.9,331.62,5074.8,3979.44,1095.3600000000001,0.21584298888626155,2025-03
103322,2025-03-28,UK,Europe,Laptop,Electronics,6,926.3,643.63,5557.8,3861.78,1696.02,0.305160315232646,2025-03
102650,2025-03-28,UAE,Asia,Keyboard,Accessories,12,72.0,36.63,864.0,439.56,424.44,0.49125,2025-03
101661,2025-03-28,USA,North America,Smartwatch,Wearables,5,205.69,132.79,1028.45,663.95,364.5,0.35441684087704795,2025-03
103822,2025-03-28,India,Asia,Laptop,Electronics,1,918.88,651.96,918.88,651.96,266.91999999999996,0.2904840675605084,2025-03
103387,2025-03-28,France,Europe,Tablet,Electronics,9,456.76,292.41,4110.84,2631.69,1479.15,0.35981697171381033,2025-03
101491,2025-03-28,Italy,Europe,Mouse,Accessories,7,46.94,24.4,328.58,170.8,157.77999999999997,0.48018747337025985,2025-03
101038,2025-03-28,Canada,North America,Monitor,Electronics,4,329.13,219.18,1316.52,876.72,439.79999999999995,0.33406252848418555,2025-03
103485,2025-03-28,UAE,Asia,Monitor,Electronics,1,389.47,238.8,389.47,238.8,150.67000000000002,0.3868590648830462,2025-03
100361,2025-03-28,South Korea,Asia,Smartwatch,Wearables,4,230.41,131.13,921.64,524.52,397.12,0.43088407621197,2025-03
104271,2025-03-28,Canada,North America,Keyboard,Accessories,14,74.05,40.29,1036.7,564.06,472.6400000000001,0.45590817015530055,2025-03
103813,2025-03-29,UK,Europe,Phone,Electronics,9,672.01,433.56,6048.09,3902.04,2146.05,0.35483102930015925,2025-03
103195,2025-03-29,UAE,Asia,Headphones,Accessories,8,110.11,72.42,880.88,579.36,301.52,0.3422940695667968,2025-03
103872,2025-03-29,Germany,Europe,Laptop,Electronics,15,881.12,601.73,13216.8,9025.95,4190.8499999999985,0.31708507354276366,2025-03
100054,2025-03-29,New Zealand,Australia & Oceania,Phone,Electronics,14,598.0,448.82,8372.0,6283.48,2088.5200000000004,0.24946488294314387,2025-03
104263,2025-03-29,Japan,Asia,Tablet,Electronics,3,481.06,290.29,1443.18,870.87,572.3100000000001,0.39656175944788596,2025-03
101863,2025-03-29,Italy,Europe,Headphones,Accessories,6,119.91,69.02,719.46,414.12,305.34000000000003,0.4244016345592528,2025-03
103633,2025-03-29,South Korea,Asia,Mouse,Accessories,5,47.42,22.09,237.1,110.45,126.64999999999999,0.5341628005061155,2025-03
104719,2025-03-29,Singapore,Asia,Laptop,Electronics,15,978.82,616.15,14682.3,9242.25,5440.049999999999,0.3705175619623628,2025-03
101480,2025-03-30,Japan,Asia,Tablet,Electronics,1,480.32,304.78,480.32,304.78,175.54000000000002,0.36546469020652905,2025-03
102908,2025-03-30,UK,Europe,Phone,Electronics,1,686.27,451.99,686.27,451.99,234.27999999999997,0.34138167193670127,2025-03
103562,2025-03-30,Canada,North America,Smartwatch,Wearables,10,224.43,142.82,2244.3,1428.2,816.1000000000001,0.36363231297063675,2025-03
101589,2025-03-30,Japan,Asia,Phone,Electronics,15,642.22,431.98,9633.3,6479.7,3153.5999999999995,0.3273644545482856,2025-03
104463,2025-03-30,New Zealand,Australia & Oceania,Laptop,Electronics,2,889.44,652.73,1778.88,1305.46,473.4200000000001,0.2661337470768124,2025-03
100475,2025-03-30,UAE,Asia,Mouse,Accessories,4,42.48,21.53,169.92,86.12,83.79999999999998,0.49317325800376643,2025-03
104448,2025-03-30,USA,North America,Phone,Electronics,10,594.68,446.8,5946.8,4468.0,1478.8000000000002,0.24867155444945183,2025-03
103594,2025-03-30,Japan,Asia,Smartwatch,Wearables,8,214.17,141.46,1713.36,1131.68,581.6799999999998,0.33949666153055974,2025-03
104339,2025-03-30,Japan,Asia,Monitor,Electronics,6,341.29,242.63,2047.74,1455.78,591.96,0.28907966831726684,2025-03
103326,2025-03-30,Canada,North America,Laptop,Electronics,7,927.1,625.35,6489.7,4377.45,2112.25,0.32547729479020604,2025-03
100041,2025-03-30,France,Europe,Keyboard,Accessories,1,73.45,39.08,73.45,39.08,34.370000000000005,0.46793737236215116,2025-03
104789,2025-03-30,UAE,Asia,Smartwatch,Wearables,12,220.31,143.89,2643.72,1726.68,917.0399999999997,0.3468748581544187,2025-03
104689,2025-03-30,Japan,Asia,Keyboard,Accessories,10,66.7,36.67,667.0,366.7,300.3,0.4502248875562219,2025-03
102550,2025-03-30,France,Europe,Headphones,Accessories,13,130.2,69.64,1692.6,905.32,787.2799999999999,0.46513056835637473,2025-03
101239,2025-03-30,New Zealand,Australia & Oceania,Keyboard,Accessories,7,69.58,37.86,487.06,265.02,222.04000000000002,0.45587812589824667,2025-03
101694,2025-03-30,Netherlands,Europe,Smartwatch,Wearables,4,207.79,142.98,831.16,571.92,259.24,0.3119014389527889,2025-03
101363,2025-03-30,USA,North America,Phone,Electronics,9,644.3,440.41,5798.7,3963.69,1835.0099999999998,0.3164519633711004,2025-03
104989,2025-03-31,Canada,North America,Tablet,Electronics,5,469.05,308.8,2345.25,1544.0,801.25,0.34164801193902566,2025-03
103682,2025-03-31,Spain,Europe,Headphones,Accessories,10,118.8,68.0,1188.0,680.0,508.0,0.4276094276094276,2025-03
104442,2025-03-31,USA,North America,Smartwatch,Wearables,14,217.7,139.81,3047.8,1957.34,1090.4600000000003,0.35778594395957747,2025-03
101159,2025-03-31,New Zealand,Australia & Oceania,Mouse,Accessories,6,45.8,22.78,274.8,136.68,138.12,0.5026200873362445,2025-03
104178,2025-03-31,Mexico,North America,Phone,Electronics,12,685.91,457.56,8230.92,5490.72,2740.2,0.33291539706375467,2025-03
101116,2025-03-31,Japan,Asia,Headphones,Accessories,8,131.48,71.59,1051.84,572.72,479.1199999999999,0.45550654091877085,2025-03
104974,2025-03-31,USA,North America,Laptop,Electronics,14,930.33,636.53,13024.62,8911.42,4113.200000000001,0.3158019197489063,2025-03
100487,2025-03-31,Spain,Europe,Monitor,Electronics,3,360.68,216.24,1082.04,648.72,433.31999999999994,0.40046578684706663,2025-03
101761,2025-03-31,UAE,Asia,Laptop,Electronics,12,869.0,606.43,10428.0,7277.16,3150.84,0.30215189873417725,2025-03
101885,2025-03-31,Spain,Europe,Keyboard,Accessories,13,76.83,35.67,998.79,463.71,535.0799999999999,0.5357282311597031,2025-03
104549,2025-03-31,Mexico,North America,Smartwatch,Wearables,9,232.3,140.88,2090.7,1267.92,822.7799999999997,0.39354283254412387,2025-03
100649,2025-04-01,Mexico,North America,Phone,Electronics,11,609.24,423.29,6701.64,4656.19,2045.4500000000007,0.30521633510603385,2025-04
102307,2025-04-01,Italy,Europe,Smartwatch,Wearables,10,200.59,138.35,2005.9,1383.5,622.4000000000001,0.3102846602522559,2025-04
102414,2025-04-01,France,Europe,Laptop,Electronics,6,972.79,646.79,5836.74,3880.74,1956.0,0.3351185764656298,2025-04
104695,2025-04-01,Singapore,Asia,Monitor,Electronics,6,349.58,218.41,2097.48,1310.46,787.02,0.3752216946049545,2025-04
100809,2025-04-01,Singapore,Asia,Keyboard,Accessories,6,69.75,37.24,418.5,223.44,195.06,0.4660931899641577,2025-04
100626,2025-04-01,South Korea,Asia,Tablet,Electronics,8,407.85,300.4,3262.8,2403.2,859.6000000000004,0.2634547014833886,2025-04
103771,2025-04-01,UAE,Asia,Keyboard,Accessories,11,69.29,38.5,762.19,423.5,338.69000000000005,0.44436426612786845,2025-04
100832,2025-04-01,Singapore,Asia,Tablet,Electronics,15,462.27,312.29,6934.05,4684.35,2249.7,0.32444242542237217,2025-04
100377,2025-04-01,USA,North America,Monitor,Electronics,2,350.9,229.15,701.8,458.3,243.49999999999994,0.34696494727842686,2025-04
104119,2025-04-01,UK,Europe,Phone,Electronics,3,726.53,412.52,2179.59,1237.56,942.0300000000002,0.43220513949871314,2025-04
103728,2025-04-01,Germany,Europe,Mouse,Accessories,4,47.71,22.13,190.84,88.52,102.32000000000001,0.5361559421504926,2025-04
103784,2025-04-02,Mexico,North America,Phone,Electronics,11,687.77,459.54,7565.47,5054.94,2510.5300000000007,0.3318405862424939,2025-04
101638,2025-04-02,Spain,Europe,Smartwatch,Wearables,13,232.44,137.08,3021.72,1782.04,1239.6799999999998,0.41025641025641024,2025-04
100733,2025-04-02,Canada,North America,Smartwatch,Wearables,12,211.16,130.21,2533.92,1562.52,971.4000000000001,0.3833585906421671,2025-04
104802,2025-04-02,Italy,Europe,Smartwatch,Wearables,15,222.4,146.68,3336.0,2200.2,1135.8000000000002,0.34046762589928065,2025-04
101895,2025-04-02,Singapore,Asia,Headphones,Accessories,13,126.07,70.1,1638.91,911.3,727.6100000000001,0.4439597049258349,2025-04
100959,2025-04-02,Spain,Europe,Keyboard,Accessories,3,63.62,38.71,190.86,116.13,74.73000000000002,0.39154353976736883,2025-04
101110,2025-04-03,Spain,Europe,Phone,Electronics,5,661.64,452.79,3308.2,2263.95,1044.25,0.31565503899401487,2025-04
104702,2025-04-03,Spain,Europe,Monitor,Electronics,8,359.03,223.01,2872.24,1784.08,1088.1599999999999,0.37885413475197055,2025-04
104150,2025-04-03,USA,North America,Headphones,Accessories,6,113.08,71.17,678.48,427.02,251.46000000000004,0.3706225680933853,2025-04
102995,2025-04-03,UK,Europe,Laptop,Electronics,1,985.51,678.25,985.51,678.25,307.26,0.3117776582683078,2025-04
100510,2025-04-03,USA,North America,Smartwatch,Wearables,15,210.85,127.75,3162.75,1916.25,1246.5,0.39411904197296654,2025-04
102842,2025-04-03,Mexico,North America,Smartwatch,Wearables,4,215.42,143.61,861.68,574.44,287.2399999999999,0.33334880698171004,2025-04
102084,2025-04-03,New Zealand,Australia & Oceania,Keyboard,Accessories,5,64.71,40.06,323.55,200.3,123.25,0.3809303044351723,2025-04
102150,2025-04-03,Mexico,North America,Headphones,Accessories,8,127.25,71.05,1018.0,568.4,449.6,0.44165029469548134,2025-04
103963,2025-04-03,Spain,Europe,Keyboard,Accessories,4,63.29,40.62,253.16,162.48,90.68,0.3581924474640544,2025-04
103606,2025-04-04,Spain,Europe,Headphones,Accessories,3,127.69,67.65,383.07,202.95,180.12,0.4702012686976271,2025-04
101119,2025-04-04,UK,Europe,Laptop,Electronics,13,985.97,669.59,12817.61,8704.67,4112.9400000000005,0.320881974096575,2025-04
100371,2025-04-04,Italy,Europe,Laptop,Electronics,5,823.19,678.67,4115.95,3393.35,722.5999999999999,0.1755609276108796,2025-04
102367,2025-04-04,Germany,Europe,Headphones,Accessories,15,108.93,69.52,1633.95,1042.8,591.1500000000001,0.3617919764986689,2025-04
103292,2025-04-04,New Zealand,Australia & Oceania,Laptop,Electronics,3,838.4,599.03,2515.2,1797.09,718.1099999999999,0.28550811068702286,2025-04
103897,2025-04-04,UK,Europe,Monitor,Electronics,12,373.01,217.28,4476.12,2607.36,1868.7599999999998,0.4174955095037666,2025-04
100216,2025-04-04,Germany,Europe,Phone,Electronics,14,651.43,463.94,9120.02,6495.16,2624.8600000000006,0.2878129653224445,2025-04
104028,2025-04-04,Italy,Europe,Tablet,Electronics,7,451.35,331.3,3159.45,2319.1,840.3499999999999,0.2659798382629888,2025-04
104670,2025-04-04,Canada,North America,Laptop,Electronics,2,984.54,671.57,1969.08,1343.14,625.9399999999998,0.3178844942815934,2025-04
101308,2025-04-04,Mexico,North America,Laptop,Electronics,4,909.25,677.55,3637.0,2710.2,926.8000000000002,0.2548254055540281,2025-04
101393,2025-04-04,Italy,Europe,Tablet,Electronics,13,420.85,317.52,5471.05,4127.76,1343.29,0.24552690982535344,2025-04
101284,2025-04-04,Germany,Europe,Headphones,Accessories,6,110.31,72.74,661.86,436.44,225.42000000000002,0.34058562233705014,2025-04
100846,2025-04-04,Singapore,Asia,Tablet,Electronics,2,417.78,291.15,835.56,582.3,253.26,0.3031021111589832,2025-04
100791,2025-04-05,Germany,Europe,Tablet,Electronics,7,479.83,296.47,3358.81,2075.29,1283.52,0.38213533959944146,2025-04
102215,2025-04-05,USA,North America,Laptop,Electronics,14,956.17,638.58,13386.38,8940.12,4446.259999999998,0.3321480489871047,2025-04
100685,2025-04-05,New Zealand,Australia & Oceania,Smartwatch,Wearables,1,228.36,140.65,228.36,140.65,87.71000000000001,0.38408653004028726,2025-04
102647,2025-04-05,New Zealand,Australia & Oceania,Headphones,Accessories,4,122.73,73.08,490.92,292.32,198.60000000000002,0.40454656563187485,2025-04
100598,2025-04-05,Spain,Europe,Laptop,Electronics,15,867.5,650.33,13012.5,9754.95,3257.5499999999993,0.25034005763688755,2025-04
102809,2025-04-05,Singapore,Asia,Monitor,Electronics,15,333.76,235.79,5006.4,3536.85,1469.5499999999997,0.29353427612655797,2025-04
103214,2025-04-05,Canada,North America,Tablet,Electronics,13,434.47,309.63,5648.11,4025.19,1622.9199999999996,0.2873385964508481,2025-04
104238,2025-04-05,Mexico,North America,Smartwatch,Wearables,3,230.36,140.4,691.08,421.2,269.88000000000005,0.39051918735891655,2025-04
101521,2025-04-05,Italy,Europe,Headphones,Accessories,5,131.26,67.79,656.3,338.95,317.34999999999997,0.4835441109248819,2025-04
100376,2025-04-05,Netherlands,Europe,Keyboard,Accessories,1,70.48,35.45,70.48,35.45,35.03,0.4970204313280363,2025-04
103712,2025-04-05,USA,North America,Monitor,Electronics,6,325.2,217.66,1951.2,1305.96,645.24,0.3306888068880689,2025-04
102303,2025-04-05,Singapore,Asia,Headphones,Accessories,9,129.68,70.34,1167.12,633.06,534.06,0.4575879086983344,2025-04
101527,2025-04-05,Italy,Europe,Mouse,Accessories,13,49.88,21.9,648.44,284.7,363.74000000000007,0.5609462710505213,2025-04
101523,2025-04-05,Singapore,Asia,Mouse,Accessories,11,46.98,21.6,516.78,237.6,279.17999999999995,0.5402298850574712,2025-04
104935,2025-04-05,South Korea,Asia,Tablet,Electronics,12,482.02,318.52,5784.24,3822.24,1962.0,0.3391975436703871,2025-04
103552,2025-04-06,UK,Europe,Mouse,Accessories,3,45.15,22.46,135.45,67.38,68.07,0.502547065337763,2025-04
101894,2025-04-06,Netherlands,Europe,Headphones,Accessories,9,121.98,72.21,1097.82,649.89,447.92999999999995,0.40801770782095426,2025-04
103309,2025-04-06,UAE,Asia,Keyboard,Accessories,11,68.74,35.59,756.14,391.49,364.65,0.482251963922025,2025-04
103357,2025-04-06,Mexico,North America,Mouse,Accessories,12,43.59,23.52,523.08,282.24,240.84000000000003,0.4604267033723331,2025-04
100702,2025-04-06,France,Europe,Laptop,Electronics,14,900.69,682.63,12609.66,9556.82,3052.84,0.24210327637699988,2025-04
102692,2025-04-06,India,Asia,Phone,Electronics,2,686.55,460.58,1373.1,921.16,451.93999999999994,0.3291384458524506,2025-04
103217,2025-04-06,Italy,Europe,Headphones,Accessories,14,117.88,67.26,1650.32,941.64,708.68,0.42941974889718354,2025-04
102431,2025-04-07,Canada,North America,Keyboard,Accessories,5,63.48,35.99,317.4,179.95,137.45,0.43304977945809703,2025-04
104840,2025-04-07,Netherlands,Europe,Phone,Electronics,3,657.24,455.3,1971.72,1365.9,605.8199999999999,0.3072545797577749,2025-04
100085,2025-04-07,Netherlands,Europe,Keyboard,Accessories,1,66.65,36.44,66.65,36.44,30.210000000000008,0.45326331582895735,2025-04
100526,2025-04-07,South Korea,Asia,Headphones,Accessories,6,119.06,73.11,714.36,438.66,275.7,0.3859398622543255,2025-04
101966,2025-04-08,India,Asia,Laptop,Electronics,12,820.84,631.02,9850.08,7572.24,2277.84,0.23125091369816286,2025-04
102655,2025-04-08,USA,North America,Mouse,Accessories,15,42.46,21.64,636.9,324.6,312.29999999999995,0.4903438530381535,2025-04
103455,2025-04-08,New Zealand,Australia & Oceania,Monitor,Electronics,6,385.2,248.09,2311.2,1488.54,822.6599999999999,0.355944963655244,2025-04
101746,2025-04-08,South Korea,Asia,Monitor,Electronics,12,317.56,243.11,3810.72,2917.32,893.3999999999996,0.23444388462022916,2025-04
104165,2025-04-08,USA,North America,Headphones,Accessories,15,123.03,67.41,1845.45,1011.15,834.3000000000001,0.45208485735186543,2025-04
100970,2025-04-08,India,Asia,Phone,Electronics,8,640.84,426.4,5126.72,3411.2,1715.5200000000004,0.3346233069096811,2025-04
104539,2025-04-08,Spain,Europe,Smartwatch,Wearables,8,200.96,143.85,1607.68,1150.8,456.8800000000001,0.28418590764331214,2025-04
103071,2025-04-08,USA,North America,Smartwatch,Wearables,4,245.52,139.34,982.08,557.36,424.72,0.4324698598892147,2025-04
104221,2025-04-08,Italy,Europe,Laptop,Electronics,12,994.31,671.14,11931.72,8053.68,3878.039999999999,0.3250193601593064,2025-04
102941,2025-04-08,UK,Europe,Monitor,Electronics,2,387.21,225.6,774.42,451.2,323.21999999999997,0.4173704191523979,2025-04
100852,2025-04-08,Mexico,North America,Keyboard,Accessories,1,78.14,39.39,78.14,39.39,38.75,0.495904786281034,2025-04
103932,2025-04-09,Netherlands,Europe,Smartwatch,Wearables,12,217.66,141.58,2611.92,1698.96,912.96,0.3495359735367086,2025-04
104395,2025-04-09,Australia,Australia & Oceania,Mouse,Accessories,8,44.31,23.6,354.48,188.8,165.68,0.4673888512751072,2025-04
100353,2025-04-09,Canada,North America,Smartwatch,Wearables,14,240.39,146.45,3365.46,2050.3,1315.1599999999999,0.3907816464911186,2025-04
103363,2025-04-09,Mexico,North America,Laptop,Electronics,13,868.82,606.67,11294.66,7886.71,3407.95,0.30173108353859257,2025-04
102440,2025-04-09,UK,Europe,Laptop,Electronics,1,861.36,662.87,861.36,662.87,198.49,0.23043791213894307,2025-04
104578,2025-04-09,France,Europe,Mouse,Accessories,13,47.25,24.64,614.25,320.32,293.93,0.4785185185185185,2025-04
100207,2025-04-09,Spain,Europe,Mouse,Accessories,2,42.0,23.82,84.0,47.64,36.36,0.43285714285714283,2025-04
102093,2025-04-09,Italy,Europe,Laptop,Electronics,15,976.91,641.05,14653.65,9615.75,5037.9,0.3437983028119274,2025-04
100565,2025-04-10,India,Asia,Keyboard,Accessories,5,66.24,36.06,331.2,180.3,150.89999999999998,0.4556159420289855,2025-04
103681,2025-04-10,Canada,North America,Laptop,Electronics,5,852.16,629.79,4260.8,3148.95,1111.8500000000004,0.26094864814119423,2025-04
103039,2025-04-10,Italy,Europe,Headphones,Accessories,6,122.42,65.2,734.52,391.2,343.32,0.46740728639111256,2025-04
101890,2025-04-10,New Zealand,Australia & Oceania,Smartwatch,Wearables,11,242.54,128.22,2667.94,1410.42,1257.52,0.47134493279459055,2025-04
101855,2025-04-10,New Zealand,Australia & Oceania,Monitor,Electronics,14,339.57,224.02,4753.98,3136.28,1617.6999999999994,0.34028329946697283,2025-04
101425,2025-04-11,New Zealand,Australia & Oceania,Headphones,Accessories,3,119.42,73.29,358.26,219.87,138.39,0.38628370457209843,2025-04
102421,2025-04-11,Spain,Europe,Headphones,Accessories,1,131.21,72.68,131.21,72.68,58.53,0.44607880496913344,2025-04
104253,2025-04-11,South Korea,Asia,Tablet,Electronics,3,465.59,333.14,1396.77,999.42,397.35,0.28447775940204906,2025-04
101109,2025-04-11,Canada,North America,Monitor,Electronics,3,368.73,227.91,1106.19,683.73,422.46000000000004,0.3819054592791474,2025-04
103576,2025-04-11,Singapore,Asia,Smartwatch,Wearables,15,220.15,144.83,3302.25,2172.45,1129.8000000000002,0.3421303656597775,2025-04
104026,2025-04-11,USA,North America,Tablet,Electronics,15,468.67,297.66,7030.05,4464.9,2565.1500000000005,0.36488360680222764,2025-04
104240,2025-04-11,UAE,Asia,Tablet,Electronics,4,440.11,310.68,1760.44,1242.72,517.72,0.2940855695167117,2025-04
103270,2025-04-11,Mexico,North America,Laptop,Electronics,8,918.75,597.26,7350.0,4778.08,2571.92,0.3499210884353742,2025-04
102339,2025-04-11,Spain,Europe,Laptop,Electronics,9,882.4,686.61,7941.6,6179.49,1762.1100000000006,0.2218834995466909,2025-04
102706,2025-04-11,USA,North America,Monitor,Electronics,6,389.52,229.14,2337.12,1374.84,962.28,0.41173752310536044,2025-04
104806,2025-04-12,Japan,Asia,Phone,Electronics,4,636.96,410.08,2547.84,1640.32,907.5200000000002,0.35619191158000507,2025-04
101825,2025-04-12,USA,North America,Mouse,Accessories,4,45.33,23.52,181.32,94.08,87.24,0.4811383189940437,2025-04
101274,2025-04-12,Spain,Europe,Mouse,Accessories,1,45.25,22.59,45.25,22.59,22.66,0.5007734806629834,2025-04
100515,2025-04-12,Netherlands,Europe,Mouse,Accessories,3,41.98,21.93,125.94,65.79,60.14999999999999,0.47760838494521196,2025-04
104893,2025-04-12,USA,North America,Laptop,Electronics,5,879.93,633.65,4399.65,3168.25,1231.3999999999996,0.27988590001477387,2025-04
103127,2025-04-12,Mexico,North America,Keyboard,Accessories,11,72.33,39.36,795.63,432.96,362.67,0.45582745748652015,2025-04
104069,2025-04-12,Mexico,North America,Laptop,Electronics,9,831.56,656.25,7484.04,5906.25,1577.79,0.21082062629275097,2025-04
101730,2025-04-12,Mexico,North America,Tablet,Electronics,11,415.25,302.22,4567.75,3324.42,1243.33,0.2721974714027694,2025-04
104788,2025-04-12,New Zealand,Australia & Oceania,Smartwatch,Wearables,1,216.0,138.59,216.0,138.59,77.41,0.3583796296296296,2025-04
104682,2025-04-12,UK,Europe,Monitor,Electronics,13,320.06,243.6,4160.78,3166.8,993.9799999999996,0.23889270761732168,2025-04
102355,2025-04-13,Canada,North America,Monitor,Electronics,15,353.08,238.35,5296.2,3575.25,1720.9499999999998,0.3249405233941316,2025-04
101485,2025-04-13,UAE,Asia,Phone,Electronics,15,707.23,465.35,10608.45,6980.25,3628.2000000000007,0.34201037851901084,2025-04
104001,2025-04-13,South Korea,Asia,Phone,Electronics,6,682.49,445.04,4094.94,2670.24,1424.7000000000003,0.34791718559978907,2025-04
102121,2025-04-13,Canada,North America,Keyboard,Accessories,7,67.99,35.58,475.93,249.06,226.87,0.4766877481982644,2025-04
100448,2025-04-13,Canada,North America,Mouse,Accessories,2,50.11,24.46,100.22,48.92,51.3,0.5118738774695669,2025-04
100387,2025-04-13,Italy,Europe,Keyboard,Accessories,4,75.93,37.92,303.72,151.68,152.04000000000002,0.5005926511260371,2025-04
104141,2025-04-13,Singapore,Asia,Tablet,Electronics,10,489.61,290.68,4896.1,2906.8,1989.3000000000002,0.4063029758379118,2025-04
102193,2025-04-13,USA,North America,Mouse,Accessories,14,47.5,23.7,665.0,331.8,333.2,0.5010526315789473,2025-04
103163,2025-04-14,Netherlands,Europe,Monitor,Electronics,9,384.36,237.95,3459.24,2141.55,1317.6899999999996,0.3809189301696325,2025-04
104256,2025-04-14,USA,North America,Keyboard,Accessories,13,72.87,39.4,947.31,512.2,435.1099999999999,0.4593111019623987,2025-04
103994,2025-04-14,Germany,Europe,Smartwatch,Wearables,14,221.21,145.99,3096.94,2043.86,1053.0800000000002,0.34003887708512276,2025-04
102920,2025-04-14,Germany,Europe,Phone,Electronics,2,659.56,416.55,1319.12,833.1,486.01999999999987,0.36844259809570007,2025-04
100395,2025-04-14,UAE,Asia,Monitor,Electronics,15,324.46,231.4,4866.9,3471.0,1395.8999999999996,0.2868150157184244,2025-04
103001,2025-04-15,Mexico,North America,Phone,Electronics,15,637.77,422.87,9566.55,6343.05,3223.499999999999,0.33695532872352096,2025-04
100098,2025-04-15,Japan,Asia,Headphones,Accessories,7,120.47,65.03,843.29,455.21,388.08,0.4601975595583963,2025-04
103302,2025-04-15,Australia,Australia & Oceania,Mouse,Accessories,1,44.85,21.54,44.85,21.54,23.310000000000002,0.5197324414715719,2025-04
103224,2025-04-15,Netherlands,Europe,Phone,Electronics,1,697.88,450.42,697.88,450.42,247.45999999999998,0.3545881813492291,2025-04
103967,2025-04-15,Italy,Europe,Smartwatch,Wearables,12,213.76,142.29,2565.12,1707.48,857.6399999999999,0.3343469311377245,2025-04
102532,2025-04-15,Mexico,North America,Phone,Electronics,5,639.61,438.09,3198.05,2190.45,1007.6000000000004,0.31506699394943805,2025-04
101345,2025-04-15,Canada,North America,Tablet,Electronics,12,444.54,303.29,5334.48,3639.48,1694.9999999999995,0.3177441850002249,2025-04
102558,2025-04-15,Germany,Europe,Laptop,Electronics,7,834.05,621.45,5838.35,4350.15,1488.2000000000007,0.25490078532462096,2025-04
101479,2025-04-15,USA,North America,Smartwatch,Wearables,1,216.11,133.86,216.11,133.86,82.25,0.3805932164175651,2025-04
101548,2025-04-15,South Korea,Asia,Mouse,Accessories,14,41.33,23.4,578.62,327.6,251.01999999999998,0.43382530849262035,2025-04
101909,2025-04-15,Japan,Asia,Smartwatch,Wearables,2,212.88,137.24,425.76,274.48,151.27999999999997,0.3553175497933107,2025-04
103602,2025-04-15,UAE,Asia,Headphones,Accessories,5,127.18,64.65,635.9,323.25,312.65,0.4916653561880799,2025-04
101817,2025-04-15,France,Europe,Tablet,Electronics,5,478.87,311.88,2394.35,1559.4,834.9499999999998,0.3487167707310961,2025-04
100438,2025-04-15,Canada,North America,Headphones,Accessories,14,110.47,68.03,1546.58,952.42,594.16,0.3841766995564407,2025-04
102927,2025-04-16,Mexico,North America,Smartwatch,Wearables,5,232.63,144.59,1163.15,722.95,440.20000000000005,0.37845505738726737,2025-04
103506,2025-04-16,Mexico,North America,Smartwatch,Wearables,13,242.93,146.54,3158.09,1905.02,1253.0700000000002,0.3967809657102869,2025-04
101912,2025-04-16,Australia,Australia & Oceania,Keyboard,Accessories,10,65.33,39.7,653.3,397.0,256.29999999999995,0.39231593448645335,2025-04
102874,2025-04-16,India,Asia,Laptop,Electronics,5,914.79,654.79,4573.95,3273.95,1300.0,0.28421823587927286,2025-04
102667,2025-04-16,France,Europe,Laptop,Electronics,15,939.36,648.29,14090.4,9724.35,4366.049999999999,0.3098599046159087,2025-04
104187,2025-04-16,Spain,Europe,Smartwatch,Wearables,10,211.93,146.86,2119.3,1468.6,650.7000000000003,0.30703534185816084,2025-04
101803,2025-04-16,UAE,Asia,Smartwatch,Wearables,6,243.07,131.69,1458.42,790.14,668.2800000000001,0.4582219113835521,2025-04
104632,2025-04-16,Germany,Europe,Tablet,Electronics,2,491.55,297.85,983.1,595.7,387.4,0.39405960736445933,2025-04
101839,2025-04-16,Australia,Australia & Oceania,Smartwatch,Wearables,7,198.16,128.73,1387.12,901.11,486.0099999999999,0.35037343560758977,2025-04
103817,2025-04-16,Japan,Asia,Keyboard,Accessories,12,63.05,40.7,756.6,488.4,268.20000000000005,0.3544805709754164,2025-04
104949,2025-04-16,Canada,North America,Phone,Electronics,12,593.93,467.09,7127.16,5605.08,1522.08,0.21356052060007072,2025-04
100780,2025-04-16,Mexico,North America,Headphones,Accessories,13,119.87,70.98,1558.31,922.74,635.5699999999999,0.4078585133895053,2025-04
103526,2025-04-16,Germany,Europe,Keyboard,Accessories,15,70.95,35.72,1064.25,535.8,528.45,0.4965468639887245,2025-04
103519,2025-04-17,France,Europe,Tablet,Electronics,13,407.16,325.19,5293.08,4227.47,1065.6099999999997,0.20132134787307196,2025-04
100019,2025-04-17,India,Asia,Keyboard,Accessories,6,76.2,40.57,457.2,243.42,213.78,0.4675853018372704,2025-04
103029,2025-04-17,Canada,North America,Monitor,Electronics,5,327.39,245.9,1636.95,1229.5,407.45000000000005,0.2489080301780751,2025-04
103041,2025-04-17,Germany,Europe,Smartwatch,Wearables,3,223.01,143.94,669.03,431.82,237.20999999999998,0.35455809156540063,2025-04
101286,2025-04-17,South Korea,Asia,Smartwatch,Wearables,4,220.05,129.76,880.2,519.04,361.1600000000001,0.4103158373097024,2025-04
100144,2025-04-17,Netherlands,Europe,Monitor,Electronics,3,355.02,220.4,1065.06,661.2,403.8599999999999,0.37918990479409603,2025-04
102393,2025-04-17,South Korea,Asia,Mouse,Accessories,8,49.32,21.87,394.56,174.96,219.6,0.5565693430656934,2025-04
103051,2025-04-17,Germany,Europe,Phone,Electronics,13,633.06,424.01,8229.78,5512.13,2717.6500000000005,0.33022146400025276,2025-04
103272,2025-04-17,Germany,Europe,Keyboard,Accessories,11,72.98,40.72,802.78,447.92,354.85999999999996,0.44203891477117013,2025-04
102521,2025-04-17,Canada,North America,Phone,Electronics,9,657.26,457.27,5915.34,4115.43,1799.9099999999999,0.30427836776922373,2025-04
102841,2025-04-17,Singapore,Asia,Tablet,Electronics,9,456.71,318.02,4110.39,2862.18,1248.2100000000005,0.30367191434389446,2025-04
102136,2025-04-17,Australia,Australia & Oceania,Phone,Electronics,7,650.85,427.32,4555.95,2991.24,1564.71,0.34344318967504034,2025-04
100432,2025-04-18,Mexico,North America,Tablet,Electronics,11,472.23,321.59,5194.53,3537.49,1657.04,0.3189970988713127,2025-04
104976,2025-04-18,UAE,Asia,Mouse,Accessories,2,44.43,21.63,88.86,43.26,45.6,0.513166779203241,2025-04
100373,2025-04-18,Spain,Europe,Mouse,Accessories,6,43.93,24.77,263.58,148.62,114.95999999999998,0.436148417937628,2025-04
103356,2025-04-18,Netherlands,Europe,Headphones,Accessories,11,119.78,70.38,1317.58,774.18,543.4,0.41242277508766073,2025-04
103905,2025-04-18,USA,North America,Smartwatch,Wearables,15,220.82,137.73,3312.3,2065.95,1246.3500000000004,0.3762793225251337,2025-04
100130,2025-04-18,South Korea,Asia,Tablet,Electronics,2,470.48,302.8,940.96,605.6,335.36,0.35640197245366434,2025-04
104509,2025-04-18,Japan,Asia,Headphones,Accessories,14,127.69,71.74,1787.66,1004.36,783.3000000000001,0.4381705693476388,2025-04
103959,2025-04-19,Italy,Europe,Mouse,Accessories,13,41.17,22.63,535.21,294.19,241.02000000000004,0.4503279086713627,2025-04
103918,2025-04-19,Japan,Asia,Mouse,Accessories,8,43.43,23.64,347.44,189.12,158.32,0.45567580013815334,2025-04
104063,2025-04-19,USA,North America,Laptop,Electronics,10,987.96,598.62,9879.6,5986.2,3893.4000000000005,0.3940847807603547,2025-04
100814,2025-04-19,Australia,Australia & Oceania,Tablet,Electronics,7,491.92,333.04,3443.44,2331.28,1112.1599999999999,0.3229793462351601,2025-04
100242,2025-04-19,Australia,Australia & Oceania,Mouse,Accessories,10,50.33,21.54,503.3,215.4,287.9,0.5720246373932047,2025-04
104140,2025-04-19,Japan,Asia,Monitor,Electronics,6,388.79,239.36,2332.74,1436.16,896.5799999999997,0.384346305203323,2025-04
101202,2025-04-20,Netherlands,Europe,Laptop,Electronics,13,917.65,631.7,11929.45,8212.1,3717.3500000000004,0.3116111807333951,2025-04
101163,2025-04-20,South Korea,Asia,Monitor,Electronics,3,357.58,219.84,1072.74,659.52,413.22,0.38520051457016613,2025-04
100656,2025-04-20,France,Europe,Tablet,Electronics,12,415.62,318.13,4987.44,3817.56,1169.8799999999997,0.23456522785236508,2025-04
103176,2025-04-20,Netherlands,Europe,Laptop,Electronics,15,994.24,660.15,14913.6,9902.25,5011.35,0.3360255069198584,2025-04
100501,2025-04-20,Canada,North America,Tablet,Electronics,13,495.71,309.42,6444.23,4022.46,2421.7699999999995,0.3758044017671622,2025-04
104074,2025-04-20,Mexico,North America,Smartwatch,Wearables,5,201.25,136.7,1006.25,683.5,322.75,0.3207453416149068,2025-04
103675,2025-04-20,Mexico,North America,Tablet,Electronics,9,487.42,297.29,4386.78,2675.61,1711.1699999999996,0.3900742685979237,2025-04
104115,2025-04-20,Canada,North America,Mouse,Accessories,9,41.58,22.4,374.22,201.6,172.62000000000003,0.46127946127946134,2025-04
100336,2025-04-21,Germany,Europe,Headphones,Accessories,6,111.38,73.21,668.28,439.26,229.01999999999998,0.34270066439217095,2025-04
102370,2025-04-21,Mexico,North America,Tablet,Electronics,14,450.48,290.4,6306.72,4065.6,2241.1200000000003,0.3553542887586575,2025-04
104057,2025-04-21,Mexico,North America,Headphones,Accessories,2,124.29,69.37,248.58,138.74,109.84,0.4418698205808995,2025-04
104413,2025-04-21,USA,North America,Monitor,Electronics,6,377.27,246.53,2263.62,1479.18,784.4399999999998,0.3465422641609457,2025-04
101364,2025-04-21,USA,North America,Monitor,Electronics,13,324.56,237.21,4219.28,3083.73,1135.5499999999997,0.2691335962533892,2025-04
100951,2025-04-21,Mexico,North America,Keyboard,Accessories,10,68.72,36.72,687.2,367.2,320.00000000000006,0.4656577415599535,2025-04
100039,2025-04-21,Canada,North America,Keyboard,Accessories,2,76.69,38.74,153.38,77.48,75.89999999999999,0.49484939366279823,2025-04
103082,2025-04-21,New Zealand,Australia & Oceania,Smartwatch,Wearables,5,205.89,139.75,1029.45,698.75,330.70000000000005,0.32123949681868963,2025-04
104387,2025-04-22,Australia,Australia & Oceania,Monitor,Electronics,5,368.46,219.83,1842.3,1099.15,743.1499999999999,0.40338164251207725,2025-04
101399,2025-04-22,USA,North America,Monitor,Electronics,4,330.79,217.78,1323.16,871.12,452.0400000000001,0.3416366879288975,2025-04
104360,2025-04-22,Spain,Europe,Keyboard,Accessories,13,75.2,36.0,977.6,468.0,509.6,0.5212765957446809,2025-04
102079,2025-04-22,New Zealand,Australia & Oceania,Phone,Electronics,15,663.78,420.48,9956.7,6307.2,3649.500000000001,0.3665371056675405,2025-04
103332,2025-04-22,Canada,North America,Mouse,Accessories,10,46.37,23.8,463.7,238.0,225.7,0.48673711451369417,2025-04
100831,2025-04-22,Netherlands,Europe,Phone,Electronics,13,722.51,466.73,9392.63,6067.49,3325.1399999999994,0.3540158613721609,2025-04
101959,2025-04-23,Mexico,North America,Keyboard,Accessories,5,67.52,35.76,337.6,178.8,158.8,0.4703791469194313,2025-04
102094,2025-04-23,Japan,Asia,Keyboard,Accessories,12,74.5,40.63,894.0,487.56,406.44,0.4546308724832215,2025-04
103828,2025-04-23,Singapore,Asia,Headphones,Accessories,2,112.49,68.06,224.98,136.12,88.85999999999999,0.39496844163925676,2025-04
102912,2025-04-23,Spain,Europe,Laptop,Electronics,2,1001.47,597.92,2002.94,1195.84,807.1000000000001,0.4029576522511908,2025-04
102451,2025-04-23,France,Europe,Smartwatch,Wearables,11,237.22,146.35,2609.42,1609.85,999.5700000000002,0.38306213641345593,2025-04
100575,2025-04-23,Australia,Australia & Oceania,Tablet,Electronics,15,460.74,327.41,6911.1,4911.15,1999.9500000000007,0.2893822980422799,2025-04
100292,2025-04-23,Spain,Europe,Laptop,Electronics,15,1001.05,658.93,15015.75,9883.95,5131.799999999999,0.3417611507916687,2025-04
100394,2025-04-24,Mexico,North America,Smartwatch,Wearables,1,244.61,129.72,244.61,129.72,114.89000000000001,0.46968643963860846,2025-04
103240,2025-04-24,Japan,Asia,Keyboard,Accessories,11,66.36,37.0,729.96,407.0,322.96000000000004,0.44243520192887287,2025-04
100558,2025-04-24,UK,Europe,Phone,Electronics,9,658.55,462.22,5926.95,4159.98,1766.9700000000003,0.2981246678308405,2025-04
103263,2025-04-24,Singapore,Asia,Monitor,Electronics,3,333.53,241.17,1000.59,723.51,277.08000000000004,0.2769166191946752,2025-04
101712,2025-04-24,UK,Europe,Laptop,Electronics,13,980.42,664.62,12745.46,8640.06,4105.4,0.32210685216539847,2025-04
102016,2025-04-24,UAE,Asia,Tablet,Electronics,14,405.64,302.6,5678.96,4236.4,1442.5600000000004,0.25401834138645113,2025-04
103135,2025-04-24,France,Europe,Keyboard,Accessories,2,75.67,36.71,151.34,73.42,77.92,0.5148671864675565,2025-04
104310,2025-04-24,Canada,North America,Mouse,Accessories,7,46.51,23.05,325.57,161.35,164.22,0.5044076542678994,2025-04
104794,2025-04-24,Spain,Europe,Keyboard,Accessories,10,65.28,36.78,652.8,367.8,284.99999999999994,0.4365808823529411,2025-04
102998,2025-04-24,Germany,Europe,Mouse,Accessories,10,46.56,24.24,465.6,242.4,223.20000000000002,0.4793814432989691,2025-04
101282,2025-04-24,Canada,North America,Tablet,Electronics,13,478.24,308.61,6217.12,4011.93,2205.19,0.3546963867514219,2025-04
103686,2025-04-25,India,Asia,Laptop,Electronics,11,847.3,618.63,9320.3,6804.93,2515.369999999999,0.26988079782839597,2025-04
102070,2025-04-25,Singapore,Asia,Mouse,Accessories,5,42.15,24.62,210.75,123.1,87.65,0.41589561091340455,2025-04
104233,2025-04-25,India,Asia,Mouse,Accessories,9,44.97,22.08,404.73,198.72,206.01000000000002,0.5090060040026685,2025-04
102824,2025-04-25,Italy,Europe,Tablet,Electronics,3,474.98,312.38,1424.94,937.14,487.80000000000007,0.34233020337698433,2025-04
101380,2025-04-25,Singapore,Asia,Monitor,Electronics,2,347.33,235.56,694.66,471.12,223.53999999999996,0.32179771398957757,2025-04
101592,2025-04-25,New Zealand,Australia & Oceania,Keyboard,Accessories,7,67.67,37.69,473.69,263.83,209.86,0.44303236293778636,2025-04
103537,2025-04-25,UK,Europe,Keyboard,Accessories,11,71.06,38.84,781.66,427.24,354.41999999999996,0.45341964537010976,2025-04
103068,2025-04-25,Australia,Australia & Oceania,Keyboard,Accessories,6,76.8,38.93,460.8,233.58,227.22,0.49309895833333334,2025-04
103628,2025-04-25,Australia,Australia & Oceania,Tablet,Electronics,10,466.0,308.19,4660.0,3081.9,1578.1,0.3386480686695279,2025-04
100987,2025-04-25,Canada,North America,Keyboard,Accessories,2,74.49,40.71,148.98,81.42,67.55999999999999,0.4534836890857833,2025-04
101830,2025-04-25,France,Europe,Smartwatch,Wearables,5,223.42,143.06,1117.1,715.3,401.79999999999995,0.35968131769760986,2025-04
103409,2025-04-26,Italy,Europe,Headphones,Accessories,8,113.27,64.57,906.16,516.56,389.6,0.429946146375916,2025-04
102893,2025-04-26,Canada,North America,Keyboard,Accessories,8,78.0,35.5,624.0,284.0,340.0,0.5448717948717948,2025-04
102284,2025-04-26,UK,Europe,Monitor,Electronics,7,341.3,222.92,2389.1,1560.44,828.6599999999999,0.3468502783474948,2025-04
103266,2025-04-26,Netherlands,Europe,Mouse,Accessories,8,48.97,22.7,391.76,181.6,210.16,0.5364508882989586,2025-04
100229,2025-04-26,Australia,Australia & Oceania,Mouse,Accessories,3,48.31,24.57,144.93,73.71,71.22000000000001,0.49140964603601744,2025-04
102932,2025-04-27,USA,North America,Headphones,Accessories,4,126.36,69.34,505.44,277.36,228.07999999999998,0.4512503956948401,2025-04
101882,2025-04-27,New Zealand,Australia & Oceania,Phone,Electronics,4,618.1,463.59,2472.4,1854.36,618.0400000000002,0.24997573208218743,2025-04
101561,2025-04-27,South Korea,Asia,Monitor,Electronics,15,368.28,229.75,5524.2,3446.25,2077.95,0.3761540132507874,2025-04
102561,2025-04-27,Mexico,North America,Headphones,Accessories,3,126.18,69.69,378.54,209.07,169.47000000000003,0.44769377080361394,2025-04
103052,2025-04-27,India,Asia,Monitor,Electronics,15,364.26,219.77,5463.9,3296.55,2167.3499999999995,0.3966672157250315,2025-04
104963,2025-04-27,Germany,Europe,Keyboard,Accessories,1,64.67,37.47,64.67,37.47,27.200000000000003,0.4205968764496676,2025-04
101953,2025-04-27,UAE,Asia,Laptop,Electronics,15,814.32,645.49,12214.8,9682.35,2532.449999999999,0.20732635818842707,2025-04
103007,2025-04-27,New Zealand,Australia & Oceania,Headphones,Accessories,4,119.62,72.12,478.48,288.48,190.0,0.3970907874937301,2025-04
102357,2025-04-27,New Zealand,Australia & Oceania,Monitor,Electronics,2,390.87,230.41,781.74,460.82,320.92,0.41052012177961983,2025-04
101875,2025-04-28,Canada,North America,Keyboard,Accessories,9,66.09,39.85,594.81,358.65,236.15999999999997,0.39703434710243607,2025-04
101210,2025-04-28,Australia,Australia & Oceania,Keyboard,Accessories,12,71.22,37.59,854.64,451.08,403.56,0.4721988205560236,2025-04
101722,2025-04-28,Italy,Europe,Keyboard,Accessories,3,65.27,36.65,195.81,109.95,85.86,0.4384862877278995,2025-04
102023,2025-04-28,Australia,Australia & Oceania,Tablet,Electronics,15,475.27,333.26,7129.05,4998.9,2130.1500000000005,0.2987985776505987,2025-04
101246,2025-04-28,USA,North America,Mouse,Accessories,4,42.92,24.68,171.68,98.72,72.96000000000001,0.4249767008387698,2025-04
104956,2025-04-28,Mexico,North America,Laptop,Electronics,8,835.37,669.13,6682.96,5353.04,1329.92,0.1990016399918599,2025-04
102418,2025-04-28,France,Europe,Phone,Electronics,12,619.05,421.3,7428.6,5055.6,2373.0,0.3194410790727728,2025-04
101530,2025-04-28,Japan,Asia,Smartwatch,Wearables,6,227.48,128.94,1364.88,773.64,591.2400000000001,0.43318093898364696,2025-04
104320,2025-04-28,UAE,Asia,Mouse,Accessories,7,41.64,22.02,291.48,154.14,137.34000000000003,0.4711815561959655,2025-04
101689,2025-04-28,Mexico,North America,Monitor,Electronics,15,333.71,237.58,5005.65,3563.7,1441.9499999999998,0.2880644871295436,2025-04
104260,2025-04-28,India,Asia,Smartwatch,Wearables,14,206.26,145.86,2887.64,2042.04,845.5999999999999,0.2928342868224571,2025-04
101268,2025-04-28,Japan,Asia,Phone,Electronics,8,652.51,408.15,5220.08,3265.2,1954.88,0.3744923449449051,2025-04
101215,2025-04-28,Mexico,North America,Phone,Electronics,2,634.11,419.49,1268.22,838.98,429.24,0.33845862705208873,2025-04
100120,2025-04-28,South Korea,Asia,Monitor,Electronics,15,349.95,247.24,5249.25,3708.6,1540.65,0.2934990712958994,2025-04
102835,2025-04-28,India,Asia,Mouse,Accessories,10,44.3,23.27,443.0,232.7,210.3,0.4747178329571106,2025-04
100043,2025-04-28,Germany,Europe,Laptop,Electronics,12,919.48,635.86,11033.76,7630.32,3403.4400000000005,0.3084569539304825,2025-04
100568,2025-04-28,Singapore,Asia,Keyboard,Accessories,12,68.35,37.25,820.2,447.0,373.20000000000005,0.4550109729334309,2025-04
101087,2025-04-28,USA,North America,Mouse,Accessories,13,50.35,22.04,654.55,286.52,368.03,0.5622641509433962,2025-04
100066,2025-04-28,UAE,Asia,Smartwatch,Wearables,12,205.03,130.42,2460.36,1565.04,895.3200000000002,0.363897966151295,2025-04
101019,2025-04-28,New Zealand,Australia & Oceania,Monitor,Electronics,7,331.07,227.61,2317.49,1593.27,724.2199999999998,0.3125018878182861,2025-04
100147,2025-04-29,Canada,North America,Smartwatch,Wearables,1,209.7,132.57,209.7,132.57,77.13,0.36781115879828324,2025-04
104816,2025-04-29,Australia,Australia & Oceania,Headphones,Accessories,7,114.26,70.08,799.82,490.56,309.26000000000005,0.3866619989497637,2025-04
101452,2025-04-29,USA,North America,Smartwatch,Wearables,10,241.03,142.51,2410.3,1425.1,985.2000000000003,0.40874579927809823,2025-04
104301,2025-04-29,UK,Europe,Tablet,Electronics,14,450.4,313.67,6305.6,4391.38,1914.2200000000003,0.3035746003552398,2025-04
103467,2025-04-29,Singapore,Asia,Mouse,Accessories,9,48.44,23.52,435.96,211.68,224.27999999999997,0.514450867052023,2025-04
104999,2025-04-29,Mexico,North America,Phone,Electronics,2,642.98,454.66,1285.96,909.32,376.64,0.2928862484058602,2025-04
101193,2025-04-29,South Korea,Asia,Mouse,Accessories,4,44.29,23.78,177.16,95.12,82.03999999999999,0.4630842176563558,2025-04
101903,2025-04-29,Canada,North America,Monitor,Electronics,8,336.92,234.66,2695.36,1877.28,818.0800000000002,0.3035141873441767,2025-04
100711,2025-04-29,Mexico,North America,Keyboard,Accessories,10,64.83,36.12,648.3,361.2,287.09999999999997,0.44285053216103654,2025-04
100522,2025-04-29,Singapore,Asia,Laptop,Electronics,1,940.16,614.73,940.16,614.73,325.42999999999995,0.3461432096664397,2025-04
104276,2025-04-29,India,Asia,Smartwatch,Wearables,3,201.77,133.89,605.31,401.67,203.63999999999993,0.3364226594637458,2025-04
100183,2025-04-29,New Zealand,Australia & Oceania,Keyboard,Accessories,10,78.15,36.18,781.5,361.8,419.7,0.5370441458733205,2025-04
102167,2025-04-29,Canada,North America,Laptop,Electronics,9,945.64,632.55,8510.76,5692.95,2817.8100000000004,0.3310879404424517,2025-04
101660,2025-04-29,Japan,Asia,Headphones,Accessories,5,115.88,67.61,579.4,338.05,241.34999999999997,0.4165516051087331,2025-04
100321,2025-04-29,South Korea,Asia,Headphones,Accessories,7,114.38,70.05,800.66,490.35,310.30999999999995,0.3875677566008043,2025-04
100967,2025-04-30,Mexico,North America,Tablet,Electronics,5,503.34,332.82,2516.7,1664.1,852.5999999999999,0.33877696984145905,2025-04
101577,2025-04-30,France,Europe,Phone,Electronics,10,652.19,438.03,6521.9,4380.3,2141.5999999999995,0.32837056685935073,2025-04
101559,2025-04-30,Canada,North America,Smartwatch,Wearables,2,209.6,142.51,419.2,285.02,134.18,0.32008587786259546,2025-04
101262,2025-04-30,Canada,North America,Headphones,Accessories,2,120.11,67.88,240.22,135.76,104.46000000000001,0.43485138622928987,2025-04
102670,2025-04-30,France,Europe,Monitor,Electronics,8,391.79,248.21,3134.32,1985.68,1148.64,0.3664718344010822,2025-04
101026,2025-04-30,India,Asia,Phone,Electronics,4,659.89,455.56,2639.56,1822.24,817.3199999999999,0.30964251617693855,2025-04
104110,2025-04-30,Japan,Asia,Laptop,Electronics,5,951.6,641.98,4758.0,3209.9,1548.1,0.32536780159730977,2025-04
101080,2025-05-01,Australia,Australia & Oceania,Monitor,Electronics,7,375.01,218.58,2625.07,1530.06,1095.0100000000002,0.4171355430521853,2025-05
100686,2025-05-01,UAE,Asia,Laptop,Electronics,5,893.17,660.82,4465.85,3304.1,1161.7500000000005,0.26014084664733483,2025-05
101378,2025-05-01,Japan,Asia,Keyboard,Accessories,5,71.92,39.36,359.6,196.8,162.8,0.45272525027808674,2025-05
100698,2025-05-01,Japan,Asia,Smartwatch,Wearables,6,235.11,144.3,1410.66,865.8,544.8600000000001,0.38624473650631624,2025-05
102971,2025-05-01,Japan,Asia,Headphones,Accessories,7,112.73,68.97,789.11,482.79,306.32,0.38818415683491525,2025-05
104396,2025-05-01,Canada,North America,Headphones,Accessories,10,109.5,65.14,1095.0,651.4,443.6,0.4051141552511416,2025-05
100643,2025-05-01,Italy,Europe,Monitor,Electronics,1,337.25,244.96,337.25,244.96,92.28999999999999,0.2736545589325426,2025-05
104365,2025-05-01,Italy,Europe,Keyboard,Accessories,2,69.26,36.11,138.52,72.22,66.30000000000001,0.47863124458561945,2025-05
100741,2025-05-01,Singapore,Asia,Laptop,Electronics,5,829.32,686.52,4146.6,3432.6,714.0000000000005,0.1721892634929823,2025-05
101321,2025-05-01,Germany,Europe,Mouse,Accessories,9,41.81,23.73,376.29,213.57,162.72000000000003,0.43243243243243246,2025-05
101003,2025-05-01,Australia,Australia & Oceania,Headphones,Accessories,9,117.55,72.7,1057.95,654.3,403.6500000000001,0.38153977031050623,2025-05
100071,2025-05-02,USA,North America,Keyboard,Accessories,1,75.02,39.2,75.02,39.2,35.81999999999999,0.4774726739536123,2025-05
100674,2025-05-02,Singapore,Asia,Tablet,Electronics,5,412.65,321.33,2063.25,1606.65,456.5999999999999,0.22130134496546705,2025-05
101533,2025-05-02,USA,North America,Smartwatch,Wearables,4,220.84,132.09,883.36,528.36,355.0,0.40187466038761094,2025-05
103253,2025-05-02,Canada,North America,Monitor,Electronics,3,384.25,241.35,1152.75,724.05,428.70000000000005,0.3718932986337021,2025-05
100287,2025-05-02,Singapore,Asia,Smartwatch,Wearables,3,210.24,142.59,630.72,427.77,202.95000000000005,0.3217751141552512,2025-05
102508,2025-05-02,Japan,Asia,Keyboard,Accessories,1,69.03,39.87,69.03,39.87,29.160000000000004,0.4224250325945242,2025-05
100956,2025-05-02,Singapore,Asia,Smartwatch,Wearables,15,244.9,134.04,3673.5,2010.6,1662.9,0.45267456104532466,2025-05
104023,2025-05-02,Mexico,North America,Keyboard,Accessories,8,76.92,39.28,615.36,314.24,301.12,0.48933957358294333,2025-05
101234,2025-05-02,France,Europe,Laptop,Electronics,9,982.04,660.68,8838.36,5946.12,2892.2400000000007,0.32723717974827915,2025-05
101603,2025-05-03,Spain,Europe,Laptop,Electronics,15,892.98,671.33,13394.7,10069.95,3324.75,0.24821384577482136,2025-05
100949,2025-05-03,Australia,Australia & Oceania,Smartwatch,Wearables,8,245.01,135.13,1960.08,1081.04,879.04,0.4484714909595527,2025-05
104449,2025-05-03,South Korea,Asia,Smartwatch,Wearables,11,215.83,134.26,2374.13,1476.86,897.2700000000002,0.37793633878515503,2025-05
102320,2025-05-03,Japan,Asia,Tablet,Electronics,1,413.28,317.1,413.28,317.1,96.17999999999995,0.23272357723577225,2025-05
104475,2025-05-03,USA,North America,Laptop,Electronics,8,968.31,665.4,7746.48,5323.2,2423.2799999999997,0.3128233726802367,2025-05
104177,2025-05-03,India,Asia,Mouse,Accessories,15,48.16,22.04,722.4,330.6,391.79999999999995,0.5423588039867109,2025-05
104328,2025-05-03,Australia,Australia & Oceania,Headphones,Accessories,9,108.26,67.77,974.34,609.93,364.4100000000001,0.374007020136708,2025-05
101776,2025-05-03,Italy,Europe,Monitor,Electronics,15,387.08,223.3,5806.2,3349.5,2456.7,0.4231166683889635,2025-05
100961,2025-05-03,Italy,Europe,Laptop,Electronics,3,877.41,621.75,2632.23,1865.25,766.98,0.29138031251068486,2025-05
100911,2025-05-03,India,Asia,Keyboard,Accessories,15,72.68,37.7,1090.2,565.5,524.7,0.4812878370941112,2025-05
101624,2025-05-04,Australia,Australia & Oceania,Keyboard,Accessories,9,76.21,36.95,685.89,332.55,353.34,0.5151554914053273,2025-05
104923,2025-05-04,Singapore,Asia,Headphones,Accessories,15,117.88,69.17,1768.2,1037.55,730.6500000000001,0.41321683067526305,2025-05
100317,2025-05-04,UAE,Asia,Headphones,Accessories,13,114.53,66.75,1488.89,867.75,621.1400000000001,0.4171832707587532,2025-05
101524,2025-05-04,Spain,Europe,Phone,Electronics,10,654.71,420.18,6547.1,4201.8,2345.3,0.3582196697774587,2025-05
104922,2025-05-04,Canada,North America,Monitor,Electronics,3,361.08,217.43,1083.24,652.29,430.95000000000005,0.39783427495291906,2025-05
103254,2025-05-04,Germany,Europe,Phone,Electronics,10,659.25,410.55,6592.5,4105.5,2487.0,0.37724687144482366,2025-05
100304,2025-05-04,USA,North America,Tablet,Electronics,13,433.87,292.28,5640.31,3799.64,1840.6700000000005,0.3263419918408741,2025-05
100064,2025-05-04,Japan,Asia,Headphones,Accessories,8,133.17,70.39,1065.36,563.12,502.2399999999999,0.4714274986858902,2025-05
101738,2025-05-04,UK,Europe,Keyboard,Accessories,15,70.29,40.47,1054.35,607.05,447.29999999999995,0.42424242424242425,2025-05
101359,2025-05-05,Netherlands,Europe,Mouse,Accessories,3,47.33,24.79,141.99,74.37,67.62,0.47623072047327275,2025-05
101469,2025-05-05,New Zealand,Australia & Oceania,Laptop,Electronics,1,842.24,675.0,842.24,675.0,167.24,0.1985657294832827,2025-05
104194,2025-05-05,USA,North America,Mouse,Accessories,2,46.85,22.83,93.7,45.66,48.040000000000006,0.512700106723586,2025-05
100021,2025-05-05,USA,North America,Laptop,Electronics,8,980.55,678.03,7844.4,5424.24,2420.16,0.30852072816276577,2025-05
100815,2025-05-05,Australia,Australia & Oceania,Monitor,Electronics,4,321.15,248.44,1284.6,993.76,290.8399999999999,0.22640510664798377,2025-05
101545,2025-05-05,Australia,Australia & Oceania,Keyboard,Accessories,1,70.63,40.33,70.63,40.33,30.299999999999997,0.42899617726178674,2025-05
101836,2025-05-05,Mexico,North America,Smartwatch,Wearables,7,232.17,146.55,1625.19,1025.85,599.3400000000001,0.36878149631735374,2025-05
100177,2025-05-05,Canada,North America,Smartwatch,Wearables,2,239.12,141.52,478.24,283.04,195.2,0.4081632653061224,2025-05
103000,2025-05-05,New Zealand,Australia & Oceania,Laptop,Electronics,1,857.33,671.65,857.33,671.65,185.68000000000006,0.21657938016866324,2025-05
101611,2025-05-06,New Zealand,Australia & Oceania,Headphones,Accessories,2,129.84,69.76,259.68,139.52,120.16,0.46272335181762164,2025-05
102984,2025-05-06,USA,North America,Mouse,Accessories,8,50.27,23.96,402.16,191.68,210.48000000000002,0.5233737815794709,2025-05
100687,2025-05-06,South Korea,Asia,Monitor,Electronics,2,319.71,248.09,639.42,496.18,143.23999999999995,0.22401551405961648,2025-05
100764,2025-05-06,Canada,North America,Tablet,Electronics,8,493.93,318.71,3951.44,2549.68,1401.7600000000002,0.3547466240155488,2025-05
104845,2025-05-06,Italy,Europe,Keyboard,Accessories,5,67.1,38.54,335.5,192.7,142.8,0.42563338301043224,2025-05
104540,2025-05-06,Italy,Europe,Phone,Electronics,15,705.77,440.05,10586.55,6600.75,3985.7999999999993,0.3764965923742862,2025-05
101536,2025-05-06,Germany,Europe,Monitor,Electronics,3,356.17,222.37,1068.51,667.11,401.4,0.37566330684785354,2025-05
101037,2025-05-06,UAE,Asia,Tablet,Electronics,11,464.22,315.01,5106.42,3465.11,1641.31,0.32142087803196756,2025-05
102122,2025-05-06,India,Asia,Monitor,Electronics,8,361.87,246.3,2894.96,1970.4,924.56,0.31936883411169753,2025-05
100254,2025-05-07,Germany,Europe,Keyboard,Accessories,8,65.83,38.58,526.64,308.64,218.0,0.4139450098739177,2025-05
101779,2025-05-07,Netherlands,Europe,Monitor,Electronics,2,349.58,223.19,699.16,446.38,252.77999999999997,0.36154814348646946,2025-05
100227,2025-05-07,Australia,Australia & Oceania,Laptop,Electronics,6,872.99,674.36,5237.94,4046.16,1191.7799999999997,0.22752837947742813,2025-05
100664,2025-05-07,Italy,Europe,Headphones,Accessories,5,112.5,64.7,562.5,323.5,239.0,0.42488888888888887,2025-05
103143,2025-05-07,Singapore,Asia,Smartwatch,Wearables,15,215.35,128.02,3230.25,1920.3,1309.95,0.4055258880891572,2025-05
101917,2025-05-07,New Zealand,Australia & Oceania,Monitor,Electronics,10,367.85,242.28,3678.5,2422.8,1255.6999999999998,0.34136196819355713,2025-05
102833,2025-05-07,France,Europe,Tablet,Electronics,3,439.64,290.78,1318.92,872.34,446.58000000000004,0.3385952142662178,2025-05
100235,2025-05-07,Italy,Europe,Mouse,Accessories,10,49.12,22.8,491.2,228.0,263.2,0.5358306188925082,2025-05
102374,2025-05-07,South Korea,Asia,Tablet,Electronics,2,412.26,331.25,824.52,662.5,162.01999999999998,0.19650220734487941,2025-05
101222,2025-05-08,Spain,Europe,Keyboard,Accessories,4,71.93,36.1,287.72,144.4,143.32000000000002,0.49812317530932854,2025-05
101188,2025-05-08,Netherlands,Europe,Keyboard,Accessories,8,75.43,35.65,603.44,285.2,318.24000000000007,0.5273763754474348,2025-05
103297,2025-05-08,Canada,North America,Phone,Electronics,4,685.09,433.23,2740.36,1732.92,1007.44,0.3676305302952897,2025-05
100133,2025-05-08,Italy,Europe,Monitor,Electronics,15,349.63,231.54,5244.45,3473.1,1771.35,0.3377570574607442,2025-05
103017,2025-05-08,USA,North America,Smartwatch,Wearables,4,236.1,146.47,944.4,585.88,358.52,0.3796272765777213,2025-05
102569,2025-05-08,Canada,North America,Tablet,Electronics,2,491.68,293.0,983.36,586.0,397.36,0.4040839570452327,2025-05
100283,2025-05-08,India,Asia,Monitor,Electronics,9,321.53,246.43,2893.77,2217.87,675.9000000000001,0.23357073989985386,2025-05
103145,2025-05-08,UK,Europe,Headphones,Accessories,3,116.6,71.06,349.8,213.18,136.62,0.3905660377358491,2025-05
101349,2025-05-09,New Zealand,Australia & Oceania,Monitor,Electronics,5,330.1,233.14,1650.5,1165.7,484.79999999999995,0.2937291729778855,2025-05
103021,2025-05-09,UK,Europe,Keyboard,Accessories,15,72.73,35.85,1090.95,537.75,553.2,0.5070809844630827,2025-05
104420,2025-05-09,UK,Europe,Mouse,Accessories,4,44.14,22.58,176.56,90.32,86.24000000000001,0.4884458541005891,2025-05
100202,2025-05-09,France,Europe,Phone,Electronics,10,665.06,427.88,6650.6,4278.8,2371.8,0.3566294770396656,2025-05
103201,2025-05-09,South Korea,Asia,Phone,Electronics,9,595.9,453.19,5363.1,4078.71,1284.3900000000003,0.2394864910219836,2025-05
104712,2025-05-09,UAE,Asia,Keyboard,Accessories,2,72.45,38.87,144.9,77.74,67.16000000000001,0.46349206349206357,2025-05
103318,2025-05-09,Spain,Europe,Tablet,Electronics,10,425.2,305.39,4252.0,3053.9,1198.1,0.2817732831608655,2025-05
104316,2025-05-09,France,Europe,Keyboard,Accessories,7,75.59,36.28,529.13,253.96,275.16999999999996,0.520042333642016,2025-05
104664,2025-05-09,USA,North America,Laptop,Electronics,3,850.15,611.37,2550.45,1834.11,716.3399999999999,0.2808680821031583,2025-05
100115,2025-05-09,Canada,North America,Mouse,Accessories,13,40.83,22.25,530.79,289.25,241.53999999999996,0.45505755571883416,2025-05
104944,2025-05-10,Japan,Asia,Monitor,Electronics,8,329.8,242.6,2638.4,1940.8,697.6000000000001,0.26440266828380843,2025-05
104236,2025-05-10,Germany,Europe,Smartwatch,Wearables,8,217.89,140.54,1743.12,1124.32,618.8,0.3549956400018358,2025-05
102030,2025-05-10,USA,North America,Smartwatch,Wearables,1,210.75,135.73,210.75,135.73,75.02000000000001,0.35596678529062875,2025-05
104692,2025-05-10,UAE,Asia,Headphones,Accessories,2,128.29,67.47,256.58,134.94,121.63999999999999,0.47408215761166106,2025-05
104635,2025-05-10,France,Europe,Smartwatch,Wearables,14,241.36,144.96,3379.04,2029.44,1349.6,0.3994033808418959,2025-05
100151,2025-05-10,Australia,Australia & Oceania,Tablet,Electronics,4,501.23,317.31,2004.92,1269.24,735.6800000000001,0.3669373341579714,2025-05
104833,2025-05-10,Mexico,North America,Mouse,Accessories,9,42.56,24.22,383.04,217.98,165.06000000000003,0.430921052631579,2025-05
100335,2025-05-11,France,Europe,Laptop,Electronics,1,956.02,618.81,956.02,618.81,337.21000000000004,0.35272274638605894,2025-05
100172,2025-05-11,Italy,Europe,Monitor,Electronics,11,343.74,247.45,3781.14,2721.95,1059.19,0.28012451271309713,2025-05
103939,2025-05-11,Netherlands,Europe,Mouse,Accessories,10,41.95,23.95,419.5,239.5,180.0,0.42908224076281287,2025-05
100234,2025-05-11,UAE,Asia,Headphones,Accessories,8,112.32,72.96,898.56,583.68,314.88,0.35042735042735046,2025-05
102555,2025-05-11,Netherlands,Europe,Keyboard,Accessories,4,63.38,37.14,253.52,148.56,104.96000000000001,0.4140107289365731,2025-05
101443,2025-05-11,USA,North America,Phone,Electronics,15,648.08,416.73,9721.2,6250.95,3470.250000000001,0.35697753363782253,2025-05
104550,2025-05-11,Mexico,North America,Monitor,Electronics,4,325.11,220.34,1300.44,881.36,419.08000000000004,0.3222601581003353,2025-05
102827,2025-05-12,Canada,North America,Monitor,Electronics,10,364.04,223.3,3640.4,2233.0,1407.4,0.38660586748708936,2025-05
100529,2025-05-12,Netherlands,Europe,Phone,Electronics,2,620.01,427.3,1240.02,854.6,385.41999999999996,0.31081756745858935,2025-05
101302,2025-05-12,Australia,Australia & Oceania,Smartwatch,Wearables,1,212.05,139.68,212.05,139.68,72.37,0.34128743220938457,2025-05
101985,2025-05-12,Germany,Europe,Headphones,Accessories,15,126.14,66.27,1892.1,994.05,898.05,0.4746313619787538,2025-05
104423,2025-05-12,India,Asia,Monitor,Electronics,1,318.77,232.03,318.77,232.03,86.73999999999998,0.2721084167267936,2025-05
104347,2025-05-12,Mexico,North America,Keyboard,Accessories,6,78.28,35.58,469.68,213.48,256.20000000000005,0.5454777721001534,2025-05
104149,2025-05-12,Canada,North America,Keyboard,Accessories,3,75.86,40.03,227.58,120.09,107.49000000000001,0.4723174268389138,2025-05
103307,2025-05-12,India,Asia,Headphones,Accessories,6,126.13,66.25,756.78,397.5,359.28,0.4747482755886783,2025-05
101714,2025-05-12,Singapore,Asia,Keyboard,Accessories,6,66.7,39.65,400.2,237.9,162.29999999999998,0.40554722638680657,2025-05
100718,2025-05-12,New Zealand,Australia & Oceania,Keyboard,Accessories,13,69.8,39.48,907.4,513.24,394.15999999999997,0.43438395415472775,2025-05
102966,2025-05-13,USA,North America,Monitor,Electronics,10,341.37,216.56,3413.7,2165.6,1248.1,0.3656150218238275,2025-05
104643,2025-05-13,Australia,Australia & Oceania,Smartwatch,Wearables,1,213.82,135.34,213.82,135.34,78.47999999999999,0.36703769525769336,2025-05
100847,2025-05-13,Spain,Europe,Keyboard,Accessories,3,70.03,35.91,210.09,107.73,102.36,0.487219762958732,2025-05
102823,2025-05-13,Mexico,North America,Laptop,Electronics,1,811.28,678.09,811.28,678.09,133.18999999999994,0.1641726654176116,2025-05
102405,2025-05-13,USA,North America,Tablet,Electronics,2,429.38,294.74,858.76,589.48,269.28,0.31356840095020727,2025-05
103349,2025-05-13,Spain,Europe,Smartwatch,Wearables,3,244.21,133.4,732.63,400.2,332.43,0.45374882273453176,2025-05
102664,2025-05-13,Canada,North America,Headphones,Accessories,1,119.61,72.47,119.61,72.47,47.14,0.3941142044979517,2025-05
102271,2025-05-14,Netherlands,Europe,Tablet,Electronics,2,469.12,333.59,938.24,667.18,271.06000000000006,0.2889026261937245,2025-05
101873,2025-05-14,Japan,Asia,Monitor,Electronics,6,370.46,243.85,2222.76,1463.1,759.6600000000003,0.3417642930410842,2025-05
104608,2025-05-14,France,Europe,Laptop,Electronics,10,819.21,674.62,8192.1,6746.2,1445.9000000000005,0.17649931031115348,2025-05
102051,2025-05-14,India,Asia,Smartwatch,Wearables,5,236.95,142.51,1184.75,712.55,472.20000000000005,0.3985650981219667,2025-05
100255,2025-05-15,Spain,Europe,Phone,Electronics,4,651.44,447.46,2605.76,1789.84,815.9200000000003,0.313121699619305,2025-05
102887,2025-05-15,Japan,Asia,Phone,Electronics,12,629.23,409.31,7550.76,4911.72,2639.04,0.3495065397390461,2025-05
104464,2025-05-15,France,Europe,Monitor,Electronics,15,348.1,222.01,5221.5,3330.15,1891.35,0.36222349899454176,2025-05
101609,2025-05-15,UK,Europe,Laptop,Electronics,12,811.68,659.83,9740.16,7917.96,1822.1999999999998,0.18708111571062486,2025-05
101760,2025-05-15,UAE,Asia,Tablet,Electronics,4,468.03,292.65,1872.12,1170.6,701.52,0.3747195692583809,2025-05
101963,2025-05-15,Canada,North America,Mouse,Accessories,4,46.74,24.45,186.96,97.8,89.16000000000001,0.4768934531450578,2025-05
101306,2025-05-15,Australia,Australia & Oceania,Monitor,Electronics,5,334.62,222.18,1673.1,1110.9,562.1999999999998,0.3360229514075667,2025-05
100582,2025-05-15,Australia,Australia & Oceania,Phone,Electronics,7,691.93,413.19,4843.51,2892.33,1951.1800000000003,0.4028442183457865,2025-05
104079,2025-05-15,USA,North America,Monitor,Electronics,12,371.38,241.24,4456.56,2894.88,1561.6800000000003,0.3504227475900695,2025-05
102764,2025-05-15,India,Asia,Tablet,Electronics,2,472.52,332.7,945.04,665.4,279.64,0.29590281892829934,2025-05
101833,2025-05-15,Japan,Asia,Smartwatch,Wearables,8,210.99,128.17,1687.92,1025.36,662.5600000000002,0.3925304516801745,2025-05
104245,2025-05-16,Singapore,Asia,Mouse,Accessories,5,44.16,22.61,220.8,113.05,107.75000000000001,0.4879981884057971,2025-05
101395,2025-05-16,Singapore,Asia,Phone,Electronics,8,645.51,426.22,5164.08,3409.76,1754.3199999999997,0.3397158835649331,2025-05
100930,2025-05-16,Netherlands,Europe,Monitor,Electronics,13,385.8,230.68,5015.4,2998.84,2016.5599999999995,0.40207361327112484,2025-05
103977,2025-05-16,Singapore,Asia,Keyboard,Accessories,7,76.74,37.54,537.18,262.78,274.4,0.510815741464686,2025-05
102800,2025-05-16,Netherlands,Europe,Laptop,Electronics,15,935.63,605.33,14034.45,9079.95,4954.5,0.3530241655355215,2025-05
102716,2025-05-16,Spain,Europe,Monitor,Electronics,10,381.22,225.66,3812.2,2256.6,1555.6,0.4080583390168407,2025-05
100865,2025-05-16,South Korea,Asia,Monitor,Electronics,8,375.03,225.91,3000.24,1807.28,1192.9599999999998,0.39762152361144437,2025-05
102910,2025-05-16,UK,Europe,Laptop,Electronics,15,921.66,597.82,13824.9,8967.3,4857.6,0.35136601349738517,2025-05
100695,2025-05-16,UK,Europe,Tablet,Electronics,10,460.94,297.31,4609.4,2973.1,1636.2999999999997,0.3549919729248926,2025-05
103428,2025-05-16,Canada,North America,Phone,Electronics,9,608.43,406.66,5475.87,3659.94,1815.9299999999998,0.3316240159098006,2025-05
104726,2025-05-16,Spain,Europe,Laptop,Electronics,2,848.12,649.58,1696.24,1299.16,397.0799999999999,0.23409423194830917,2025-05
103768,2025-05-16,Japan,Asia,Mouse,Accessories,12,45.68,23.54,548.16,282.48,265.67999999999995,0.4846760070052539,2025-05
104529,2025-05-16,UAE,Asia,Headphones,Accessories,15,114.68,68.03,1720.2,1020.45,699.75,0.40678409487268924,2025-05
100908,2025-05-17,Japan,Asia,Mouse,Accessories,2,46.54,23.2,93.08,46.4,46.68,0.5015040825096692,2025-05
101857,2025-05-17,Mexico,North America,Smartwatch,Wearables,13,200.38,133.41,2604.94,1734.33,870.6100000000001,0.33421499151611944,2025-05
100595,2025-05-17,New Zealand,Australia & Oceania,Headphones,Accessories,3,131.63,70.42,394.89,211.26,183.63,0.4650155739573046,2025-05
102963,2025-05-17,South Korea,Asia,Smartwatch,Wearables,12,206.19,134.62,2474.28,1615.44,858.8400000000001,0.3471070371987003,2025-05
103234,2025-05-17,UK,Europe,Headphones,Accessories,1,129.99,66.27,129.99,66.27,63.72000000000001,0.4901915531963998,2025-05
100125,2025-05-17,Germany,Europe,Tablet,Electronics,12,503.83,321.84,6045.96,3862.08,2183.88,0.36121310759581604,2025-05
102526,2025-05-17,France,Europe,Headphones,Accessories,1,120.14,67.04,120.14,67.04,53.099999999999994,0.44198435158981186,2025-05
101812,2025-05-17,Mexico,North America,Keyboard,Accessories,7,63.33,39.63,443.31,277.41,165.89999999999998,0.374230222643297,2025-05
101921,2025-05-17,Mexico,North America,Tablet,Electronics,7,460.95,313.44,3226.65,2194.08,1032.5700000000002,0.32001301659616016,2025-05
100902,2025-05-17,Italy,Europe,Headphones,Accessories,1,109.07,65.46,109.07,65.46,43.61,0.3998349683689374,2025-05
100985,2025-05-17,Canada,North America,Phone,Electronics,12,631.95,421.47,7583.4,5057.64,2525.7599999999993,0.33306432470923325,2025-05
103512,2025-05-18,Spain,Europe,Monitor,Electronics,13,339.6,241.91,4414.8,3144.83,1269.9700000000003,0.2876619552414606,2025-05
102975,2025-05-18,Japan,Asia,Laptop,Electronics,5,917.45,620.92,4587.25,3104.6,1482.65,0.32321107417297945,2025-05
104577,2025-05-18,Japan,Asia,Tablet,Electronics,12,451.31,324.6,5415.72,3895.2,1520.5200000000004,0.2807604529037691,2025-05
104880,2025-05-18,Canada,North America,Phone,Electronics,9,639.1,463.6,5751.9,4172.4,1579.5,0.27460491315913005,2025-05
102872,2025-05-18,New Zealand,Australia & Oceania,Phone,Electronics,6,607.12,419.72,3642.72,2518.32,1124.3999999999996,0.3086704440637764,2025-05
101468,2025-05-18,India,Asia,Tablet,Electronics,6,425.64,314.05,2553.84,1884.3,669.5400000000002,0.2621699088431539,2025-05
104916,2025-05-18,New Zealand,Australia & Oceania,Tablet,Electronics,8,461.55,308.13,3692.4,2465.04,1227.3600000000001,0.3324016899577511,2025-05
102953,2025-05-19,USA,North America,Monitor,Electronics,13,373.02,236.61,4849.26,3075.93,1773.3300000000004,0.3656908476757279,2025-05
100804,2025-05-19,USA,North America,Monitor,Electronics,14,330.74,245.15,4630.36,3432.1,1198.2599999999998,0.2587833343411743,2025-05
102761,2025-05-19,Netherlands,Europe,Monitor,Electronics,5,375.23,238.69,1876.15,1193.45,682.7,0.3638834847959918,2025-05
104825,2025-05-19,UAE,Asia,Headphones,Accessories,4,125.92,68.11,503.68,272.44,231.24,0.4591010165184244,2025-05
102946,2025-05-20,Germany,Europe,Headphones,Accessories,1,130.35,72.61,130.35,72.61,57.739999999999995,0.4429612581511316,2025-05
101292,2025-05-20,UK,Europe,Mouse,Accessories,8,43.37,23.98,346.96,191.84,155.11999999999998,0.4470832372607793,2025-05
101121,2025-05-20,New Zealand,Australia & Oceania,Phone,Electronics,9,658.81,424.57,5929.29,3821.13,2108.16,0.35555015861932876,2025-05
102843,2025-05-20,New Zealand,Australia & Oceania,Phone,Electronics,12,587.29,468.4,7047.48,5620.8,1426.6799999999994,0.2024383183776328,2025-05
101305,2025-05-20,USA,North America,Mouse,Accessories,9,50.11,23.14,450.99,208.26,242.73000000000002,0.5382159249650769,2025-05
101130,2025-05-20,Italy,Europe,Smartwatch,Wearables,7,227.17,135.41,1590.19,947.87,642.32,0.40392657481181493,2025-05
101786,2025-05-20,New Zealand,Australia & Oceania,Keyboard,Accessories,14,68.37,39.58,957.18,554.12,403.05999999999995,0.421091121837063,2025-05
102689,2025-05-20,UAE,Asia,Phone,Electronics,8,674.8,441.4,5398.4,3531.2,1867.1999999999998,0.34588026081802015,2025-05
104163,2025-05-20,UAE,Asia,Monitor,Electronics,6,355.75,244.67,2134.5,1468.02,666.48,0.312241742796908,2025-05
104807,2025-05-20,Italy,Europe,Phone,Electronics,4,707.85,451.01,2831.4,1804.04,1027.3600000000001,0.3628452355725083,2025-05
101082,2025-05-20,Spain,Europe,Smartwatch,Wearables,1,245.56,143.68,245.56,143.68,101.88,0.41488841830917084,2025-05
101854,2025-05-20,Canada,North America,Monitor,Electronics,1,345.68,229.63,345.68,229.63,116.05000000000001,0.3357151122425365,2025-05
103812,2025-05-21,South Korea,Asia,Laptop,Electronics,9,908.73,661.69,8178.57,5955.21,2223.3599999999997,0.27185192521431006,2025-05
104758,2025-05-21,Canada,North America,Laptop,Electronics,9,825.88,638.07,7432.92,5742.63,1690.29,0.22740591853538045,2025-05
104725,2025-05-21,Spain,Europe,Tablet,Electronics,7,427.59,293.29,2993.13,2053.03,940.0999999999999,0.31408592343132435,2025-05
100615,2025-05-21,New Zealand,Australia & Oceania,Smartwatch,Wearables,15,199.53,143.87,2992.95,2158.05,834.8999999999996,0.2789555455320001,2025-05
100143,2025-05-21,UAE,Asia,Headphones,Accessories,2,124.97,68.98,249.94,137.96,111.97999999999999,0.4480275266063855,2025-05
101931,2025-05-21,UAE,Asia,Monitor,Electronics,10,319.65,235.75,3196.5,2357.5,839.0,0.2624745815735961,2025-05
102086,2025-05-21,Singapore,Asia,Mouse,Accessories,7,47.0,23.28,329.0,162.96,166.04,0.5046808510638298,2025-05
103099,2025-05-21,Italy,Europe,Monitor,Electronics,14,389.18,218.21,5448.52,3054.94,2393.5800000000004,0.4393082892234956,2025-05
103706,2025-05-22,New Zealand,Australia & Oceania,Smartwatch,Wearables,7,234.34,136.85,1640.38,957.95,682.4300000000001,0.4160194589058633,2025-05
104031,2025-05-22,USA,North America,Laptop,Electronics,9,987.29,662.97,8885.61,5966.73,2918.880000000001,0.3284951736571829,2025-05
102538,2025-05-22,Netherlands,Europe,Phone,Electronics,8,590.07,467.67,4720.56,3741.36,979.2000000000003,0.2074330164217805,2025-05
103892,2025-05-22,India,Asia,Headphones,Accessories,9,118.02,72.71,1062.18,654.39,407.7900000000001,0.3839179800033893,2025-05
101091,2025-05-22,New Zealand,Australia & Oceania,Mouse,Accessories,12,48.77,23.08,585.24,276.96,308.28000000000003,0.5267582530244003,2025-05
103144,2025-05-22,Japan,Asia,Headphones,Accessories,14,111.71,73.27,1563.94,1025.78,538.1600000000001,0.3441052725807896,2025-05
103630,2025-05-22,USA,North America,Keyboard,Accessories,14,78.22,37.31,1095.08,522.34,572.7399999999999,0.5230120173868575,2025-05
101190,2025-05-22,USA,North America,Mouse,Accessories,4,42.41,23.88,169.64,95.52,74.11999999999999,0.4369252534779533,2025-05
104095,2025-05-22,South Korea,Asia,Laptop,Electronics,7,963.77,651.48,6746.39,4560.36,2186.0300000000007,0.32402959212260196,2025-05
104307,2025-05-22,Singapore,Asia,Laptop,Electronics,6,842.17,611.0,5053.02,3666.0,1387.0200000000004,0.2744932733296129,2025-05
101980,2025-05-22,USA,North America,Keyboard,Accessories,3,74.12,39.93,222.36,119.79,102.57000000000001,0.4612790070156503,2025-05
101446,2025-05-23,Germany,Europe,Headphones,Accessories,1,123.08,69.12,123.08,69.12,53.959999999999994,0.4384140396490087,2025-05
100175,2025-05-23,USA,North America,Tablet,Electronics,11,436.21,324.98,4798.31,3574.78,1223.5300000000002,0.2549918617179799,2025-05
100142,2025-05-23,France,Europe,Smartwatch,Wearables,1,232.81,132.29,232.81,132.29,100.52000000000001,0.4317683948284009,2025-05
104531,2025-05-23,Germany,Europe,Tablet,Electronics,6,499.08,322.88,2994.48,1937.28,1057.2,0.353049611284764,2025-05
104109,2025-05-24,Australia,Australia & Oceania,Tablet,Electronics,10,441.52,289.82,4415.2,2898.2,1517.0,0.3435857945279942,2025-05
104041,2025-05-24,New Zealand,Australia & Oceania,Monitor,Electronics,14,369.97,245.02,5179.58,3430.28,1749.2999999999997,0.3377300862232072,2025-05
104046,2025-05-24,South Korea,Asia,Keyboard,Accessories,1,69.34,37.31,69.34,37.31,32.03,0.4619267378136718,2025-05
103278,2025-05-24,Singapore,Asia,Mouse,Accessories,13,41.23,24.79,535.99,322.27,213.72000000000003,0.39873878243997096,2025-05
100926,2025-05-24,Germany,Europe,Mouse,Accessories,12,50.36,24.6,604.32,295.2,309.12000000000006,0.511517077045274,2025-05
100537,2025-05-24,Mexico,North America,Tablet,Electronics,15,420.13,304.37,6301.95,4565.55,1736.3999999999996,0.2755337633589603,2025-05
102239,2025-05-24,France,Europe,Headphones,Accessories,11,125.6,73.36,1381.6,806.96,574.6399999999999,0.4159235668789808,2025-05
102387,2025-05-25,Japan,Asia,Mouse,Accessories,6,45.45,23.73,272.7,142.38,130.32,0.4778877887788779,2025-05
101386,2025-05-25,India,Asia,Headphones,Accessories,13,126.07,65.54,1638.91,852.02,786.8900000000001,0.48013008645990324,2025-05
104022,2025-05-25,UK,Europe,Mouse,Accessories,11,47.65,23.69,524.15,260.59,263.56,0.5028331584470095,2025-05
104147,2025-05-25,France,Europe,Monitor,Electronics,8,333.38,231.24,2667.04,1849.92,817.1199999999999,0.3063771072049913,2025-05
100095,2025-05-25,Canada,North America,Keyboard,Accessories,15,77.46,36.93,1161.9,553.95,607.95,0.5232378001549187,2025-05
103598,2025-05-25,South Korea,Asia,Smartwatch,Wearables,3,228.62,130.01,685.86,390.03,295.83000000000004,0.4313270929927391,2025-05
102839,2025-05-25,Mexico,North America,Monitor,Electronics,14,372.52,234.97,5215.28,3289.58,1925.6999999999998,0.3692419198969183,2025-05
104189,2025-05-26,Canada,North America,Phone,Electronics,2,636.46,460.91,1272.92,921.82,351.1,0.27582251830437104,2025-05
103809,2025-05-26,Netherlands,Europe,Phone,Electronics,11,657.35,438.45,7230.85,4822.95,2407.9000000000005,0.33300372708602727,2025-05
102147,2025-05-26,UAE,Asia,Mouse,Accessories,7,42.85,23.64,299.95,165.48,134.47,0.44830805134189033,2025-05
101846,2025-05-26,Spain,Europe,Mouse,Accessories,14,40.62,22.45,568.68,314.3,254.37999999999994,0.4473165928114229,2025-05
102572,2025-05-26,Australia,Australia & Oceania,Phone,Electronics,10,622.88,421.83,6228.8,4218.3,2010.5,0.3227748522989982,2025-05
102353,2025-05-26,Canada,North America,Monitor,Electronics,2,350.3,231.04,700.6,462.08,238.52000000000004,0.34045104196403086,2025-05
102385,2025-05-26,Germany,Europe,Smartwatch,Wearables,6,243.2,135.29,1459.2,811.74,647.46,0.4437088815789474,2025-05
104453,2025-05-26,USA,North America,Keyboard,Accessories,12,77.45,36.95,929.4,443.4,486.0,0.5229180116204003,2025-05
100774,2025-05-26,South Korea,Asia,Keyboard,Accessories,14,75.29,35.66,1054.06,499.24,554.8199999999999,0.5263647230707929,2025-05
102168,2025-05-27,Germany,Europe,Laptop,Electronics,9,849.16,650.05,7642.44,5850.45,1791.9899999999998,0.23447877902868716,2025-05
102832,2025-05-27,Canada,North America,Tablet,Electronics,2,439.12,320.06,878.24,640.12,238.12,0.27113317544179266,2025-05
104016,2025-05-27,UK,Europe,Keyboard,Accessories,15,71.64,37.88,1074.6,568.2,506.39999999999986,0.47124511446119477,2025-05
103444,2025-05-27,New Zealand,Australia & Oceania,Headphones,Accessories,3,110.08,70.08,330.24,210.24,120.0,0.3633720930232558,2025-05
102590,2025-05-27,USA,North America,Mouse,Accessories,1,49.21,24.51,49.21,24.51,24.7,0.5019305019305019,2025-05
104254,2025-05-27,Singapore,Asia,Phone,Electronics,3,602.13,407.07,1806.39,1221.21,585.1800000000001,0.3239499775795925,2025-05
104247,2025-05-27,France,Europe,Smartwatch,Wearables,1,212.23,145.3,212.23,145.3,66.92999999999998,0.31536540545634445,2025-05
102043,2025-05-28,Japan,Asia,Smartwatch,Wearables,10,209.8,128.18,2098.0,1281.8,816.2,0.3890371782650143,2025-05
104899,2025-05-28,Netherlands,Europe,Keyboard,Accessories,5,72.08,39.84,360.4,199.2,161.2,0.44728079911209767,2025-05
100196,2025-05-28,South Korea,Asia,Keyboard,Accessories,3,77.57,37.36,232.71,112.08,120.63000000000001,0.5183705040608483,2025-05
104183,2025-05-28,Mexico,North America,Smartwatch,Wearables,8,239.28,131.34,1914.24,1050.72,863.52,0.45110330992978936,2025-05
102262,2025-05-28,USA,North America,Phone,Electronics,4,675.37,464.27,2701.48,1857.08,844.4000000000001,0.31256940639945513,2025-05
103893,2025-05-28,Mexico,North America,Tablet,Electronics,14,468.22,290.21,6555.08,4062.94,2492.14,0.3801845286403827,2025-05
102790,2025-05-28,Australia,Australia & Oceania,Headphones,Accessories,7,114.83,71.89,803.81,503.23,300.5799999999999,0.3739440912653487,2025-05
102865,2025-05-28,Singapore,Asia,Monitor,Electronics,1,319.37,225.41,319.37,225.41,93.96000000000001,0.2942042145473902,2025-05
100679,2025-05-29,New Zealand,Australia & Oceania,Headphones,Accessories,7,117.17,73.76,820.19,516.32,303.87,0.37048732610736534,2025-05
101123,2025-05-29,Australia,Australia & Oceania,Phone,Electronics,3,624.56,448.36,1873.68,1345.08,528.6000000000001,0.28211861150249784,2025-05
101922,2025-05-29,Netherlands,Europe,Monitor,Electronics,12,362.08,232.65,4344.96,2791.8,1553.1599999999999,0.3574624392399469,2025-05
104071,2025-05-29,Singapore,Asia,Headphones,Accessories,8,128.79,67.17,1030.32,537.36,492.9599999999999,0.4784532960633589,2025-05
101243,2025-05-29,Mexico,North America,Laptop,Electronics,7,919.09,660.49,6433.63,4623.43,1810.1999999999998,0.28136526346712504,2025-05
100732,2025-05-29,USA,North America,Tablet,Electronics,9,497.97,312.98,4481.73,2816.82,1664.9099999999994,0.37148824226359006,2025-05
101270,2025-05-29,France,Europe,Mouse,Accessories,8,48.77,23.85,390.16,190.8,199.36,0.5109698585195818,2025-05
100826,2025-05-29,New Zealand,Australia & Oceania,Keyboard,Accessories,8,65.13,35.89,521.04,287.12,233.91999999999996,0.4489482573314908,2025-05
103388,2025-05-29,South Korea,Asia,Keyboard,Accessories,7,63.12,40.72,441.84,285.04,156.79999999999995,0.35487959442332057,2025-05
101508,2025-05-29,UAE,Asia,Mouse,Accessories,5,50.25,21.97,251.25,109.85,141.4,0.5627860696517413,2025-05
101877,2025-05-30,India,Asia,Monitor,Electronics,8,339.81,225.61,2718.48,1804.88,913.5999999999999,0.33607015685235864,2025-05
103389,2025-05-30,France,Europe,Phone,Electronics,8,703.7,459.72,5629.6,3677.76,1951.8400000000001,0.34671024584339916,2025-05
104527,2025-05-30,USA,North America,Tablet,Electronics,7,466.96,301.79,3268.72,2112.53,1156.1899999999996,0.35371338016104154,2025-05
101556,2025-05-30,Germany,Europe,Smartwatch,Wearables,9,198.82,136.01,1789.38,1224.09,565.2900000000002,0.3159138919625793,2025-05
100219,2025-05-30,Canada,North America,Laptop,Electronics,14,853.55,669.33,11949.7,9370.62,2579.08,0.2158280124187218,2025-05
104960,2025-05-30,Mexico,North America,Keyboard,Accessories,6,68.76,36.5,412.56,219.0,193.56,0.46916812100058175,2025-05
102191,2025-05-30,Spain,Europe,Monitor,Electronics,10,355.07,228.16,3550.7,2281.6,1269.1,0.3574224800743515,2025-05
104629,2025-05-31,Mexico,North America,Phone,Electronics,4,657.16,418.59,2628.64,1674.36,954.28,0.36303183395215777,2025-05
102981,2025-05-31,Singapore,Asia,Smartwatch,Wearables,15,229.34,145.69,3440.1,2185.35,1254.75,0.3647423040027906,2025-05
100657,2025-05-31,Spain,Europe,Monitor,Electronics,13,322.13,230.69,4187.69,2998.97,1188.7199999999998,0.28386055319281034,2025-05
102527,2025-05-31,France,Europe,Monitor,Electronics,13,331.18,243.45,4305.34,3164.85,1140.4900000000002,0.26490126215351173,2025-05
103618,2025-05-31,Mexico,North America,Tablet,Electronics,3,421.81,331.88,1265.43,995.64,269.7900000000001,0.2132002560394491,2025-05
101137,2025-05-31,New Zealand,Australia & Oceania,Smartwatch,Wearables,4,235.19,144.83,940.76,579.32,361.43999999999994,0.38420000850376285,2025-05
101339,2025-05-31,France,Europe,Keyboard,Accessories,4,71.92,40.05,287.68,160.2,127.48000000000002,0.44313125695216915,2025-05
102938,2025-05-31,India,Asia,Phone,Electronics,14,607.43,450.04,8504.02,6300.56,2203.46,0.25910804537148313,2025-05
104909,2025-05-31,Mexico,North America,Phone,Electronics,7,725.69,463.03,5079.83,3241.21,1838.62,0.3619451832049498,2025-05
102148,2025-06-01,Japan,Asia,Smartwatch,Wearables,8,235.47,134.78,1883.76,1078.24,805.52,0.42761285938760774,2025-06
101066,2025-06-01,Mexico,North America,Laptop,Electronics,10,846.4,639.88,8464.0,6398.8,2065.2,0.24399810964083174,2025-06
100928,2025-06-01,India,Asia,Keyboard,Accessories,9,63.32,37.19,569.88,334.71,235.17000000000002,0.4126658243840809,2025-06
104521,2025-06-01,Australia,Australia & Oceania,Smartwatch,Wearables,6,240.93,142.33,1445.58,853.98,591.5999999999999,0.4092474992736479,2025-06
103298,2025-06-01,Netherlands,Europe,Laptop,Electronics,10,973.97,638.38,9739.7,6383.8,3355.9000000000005,0.3445588673162418,2025-06
100712,2025-06-01,Singapore,Asia,Monitor,Electronics,11,321.19,244.35,3533.09,2687.85,845.2400000000002,0.23923534356611356,2025-06
103308,2025-06-01,Netherlands,Europe,Smartwatch,Wearables,4,241.84,133.97,967.36,535.88,431.48,0.4460387032748925,2025-06
101732,2025-06-02,Mexico,North America,Tablet,Electronics,15,442.2,295.01,6633.0,4425.15,2207.8500000000004,0.3328584350972411,2025-06
103804,2025-06-02,Australia,Australia & Oceania,Headphones,Accessories,11,108.03,73.53,1188.33,808.83,379.4999999999999,0.3193557345181893,2025-06
102066,2025-06-02,USA,North America,Laptop,Electronics,13,983.03,660.76,12779.39,8589.88,4189.51,0.32783333163789513,2025-06
103464,2025-06-02,India,Asia,Smartwatch,Wearables,10,234.0,145.31,2340.0,1453.1,886.9000000000001,0.37901709401709405,2025-06
101843,2025-06-02,South Korea,Asia,Phone,Electronics,14,665.68,413.62,9319.52,5790.68,3528.84,0.3786504025958418,2025-06
104459,2025-06-02,India,Asia,Smartwatch,Wearables,4,215.37,142.79,861.48,571.16,290.32000000000005,0.3370014393833868,2025-06
100581,2025-06-02,Japan,Asia,Mouse,Accessories,4,45.0,23.61,180.0,94.44,85.56,0.47533333333333333,2025-06
104749,2025-06-03,India,Asia,Phone,Electronics,4,651.27,434.19,2605.08,1736.76,868.3199999999999,0.3333179787185038,2025-06
100653,2025-06-03,India,Asia,Smartwatch,Wearables,15,227.37,131.35,3410.55,1970.25,1440.3000000000002,0.42230725249593176,2025-06
104837,2025-06-03,Japan,Asia,Laptop,Electronics,5,902.7,648.23,4513.5,3241.15,1272.35,0.2818987481998449,2025-06
104229,2025-06-03,UAE,Asia,Mouse,Accessories,13,45.25,22.25,588.25,289.25,299.0,0.5082872928176796,2025-06
101196,2025-06-03,Australia,Australia & Oceania,Headphones,Accessories,14,134.25,70.71,1879.5,989.94,889.56,0.47329608938547485,2025-06
102829,2025-06-03,India,Asia,Laptop,Electronics,7,993.67,656.25,6955.69,4593.75,2361.9399999999996,0.3395694747753278,2025-06
104381,2025-06-03,Italy,Europe,Headphones,Accessories,6,122.08,71.62,732.48,429.72,302.76,0.41333551769331583,2025-06
104564,2025-06-03,Germany,Europe,Mouse,Accessories,2,46.93,24.41,93.86,48.82,45.04,0.4798636266780311,2025-06
103564,2025-06-03,India,Asia,Phone,Electronics,1,691.91,463.61,691.91,463.61,228.29999999999995,0.32995620817736404,2025-06
103567,2025-06-03,UAE,Asia,Laptop,Electronics,14,919.76,674.21,12876.64,9438.94,3437.699999999999,0.26697181873532216,2025-06
102735,2025-06-04,Australia,Australia & Oceania,Headphones,Accessories,6,127.39,67.92,764.34,407.52,356.82000000000005,0.46683413140748886,2025-06
103901,2025-06-04,Singapore,Asia,Mouse,Accessories,6,47.15,22.33,282.9,133.98,148.92,0.5264050901378579,2025-06
102945,2025-06-04,Canada,North America,Phone,Electronics,2,643.43,429.95,1286.86,859.9,426.9599999999999,0.33178434328520584,2025-06
101160,2025-06-04,Italy,Europe,Keyboard,Accessories,11,65.11,38.66,716.21,425.26,290.95000000000005,0.4062356012901244,2025-06
102935,2025-06-04,Canada,North America,Monitor,Electronics,15,345.25,221.98,5178.75,3329.7,1849.0500000000002,0.3570456191165822,2025-06
100888,2025-06-04,Italy,Europe,Phone,Electronics,7,597.5,414.47,4182.5,2901.29,1281.21,0.306326359832636,2025-06
103066,2025-06-04,Netherlands,Europe,Keyboard,Accessories,2,68.0,36.36,136.0,72.72,63.28,0.46529411764705886,2025-06
102447,2025-06-04,France,Europe,Phone,Electronics,7,601.56,467.8,4210.92,3274.6,936.3200000000002,0.22235520978788487,2025-06
102926,2025-06-04,New Zealand,Australia & Oceania,Phone,Electronics,10,626.6,463.59,6266.0,4635.9,1630.1000000000004,0.26015001595914466,2025-06
104332,2025-06-04,UK,Europe,Laptop,Electronics,15,820.62,600.05,12309.3,9000.75,3308.5499999999993,0.26878457751456214,2025-06
102675,2025-06-04,Australia,Australia & Oceania,Phone,Electronics,9,607.52,425.65,5467.68,3830.85,1636.8300000000004,0.2993646299710298,2025-06
102674,2025-06-04,Italy,Europe,Phone,Electronics,10,665.63,432.15,6656.3,4321.5,2334.8,0.3507654402596037,2025-06
104474,2025-06-04,South Korea,Asia,Monitor,Electronics,12,348.78,239.04,4185.36,2868.48,1316.8799999999997,0.3146396008945466,2025-06
101815,2025-06-04,France,Europe,Monitor,Electronics,8,360.13,248.07,2881.04,1984.56,896.48,0.3111654124899342,2025-06
104904,2025-06-04,Spain,Europe,Headphones,Accessories,7,117.13,67.14,819.91,469.98,349.92999999999995,0.42679074532570643,2025-06
102178,2025-06-05,Canada,North America,Monitor,Electronics,1,315.28,231.44,315.28,231.44,83.83999999999997,0.2659223547323014,2025-06
104431,2025-06-05,USA,North America,Headphones,Accessories,4,128.78,72.62,515.12,290.48,224.64,0.43609256095667026,2025-06
100540,2025-06-05,France,Europe,Keyboard,Accessories,2,65.92,38.14,131.84,76.28,55.56,0.4214199029126214,2025-06
102158,2025-06-05,India,Asia,Smartwatch,Wearables,4,221.71,131.71,886.84,526.84,360.0,0.40593568174642547,2025-06
104377,2025-06-05,South Korea,Asia,Tablet,Electronics,9,484.94,320.09,4364.46,2880.81,1483.65,0.33993896152101294,2025-06
100806,2025-06-05,Canada,North America,Smartwatch,Wearables,3,208.97,143.52,626.91,430.56,196.34999999999997,0.31320285208403115,2025-06
101299,2025-06-05,USA,North America,Headphones,Accessories,10,111.71,69.85,1117.1,698.5,418.5999999999999,0.37472025781040186,2025-06
104269,2025-06-05,Canada,North America,Tablet,Electronics,4,423.33,305.64,1693.32,1222.56,470.76,0.2780100630713628,2025-06
104729,2025-06-05,Mexico,North America,Phone,Electronics,2,630.64,429.54,1261.28,859.08,402.19999999999993,0.3188824051756945,2025-06
104405,2025-06-05,Australia,Australia & Oceania,Monitor,Electronics,12,350.65,218.17,4207.8,2618.04,1589.7600000000002,0.37781263368030804,2025-06
102014,2025-06-06,Spain,Europe,Laptop,Electronics,4,901.84,684.07,3607.36,2736.28,871.0799999999999,0.24147298855672844,2025-06
102722,2025-06-06,Canada,North America,Keyboard,Accessories,11,65.21,37.85,717.31,416.35,300.9599999999999,0.419567550989112,2025-06
102680,2025-06-06,Singapore,Asia,Laptop,Electronics,11,837.89,623.96,9216.79,6863.56,2353.2300000000005,0.2553199107281386,2025-06
103420,2025-06-06,France,Europe,Tablet,Electronics,10,447.08,321.51,4470.8,3215.1,1255.7000000000003,0.28086695893352426,2025-06
104601,2025-06-06,Netherlands,Europe,Headphones,Accessories,2,124.44,70.42,248.88,140.84,108.03999999999999,0.4341047894567663,2025-06
102261,2025-06-06,USA,North America,Headphones,Accessories,1,112.78,66.33,112.78,66.33,46.45,0.41186380563929775,2025-06
100920,2025-06-06,Spain,Europe,Phone,Electronics,11,639.42,437.2,7033.62,4809.2,2224.42,0.3162553564167527,2025-06
104595,2025-06-06,India,Asia,Laptop,Electronics,8,813.2,637.89,6505.6,5103.12,1402.4800000000005,0.2155804230201673,2025-06
102437,2025-06-06,South Korea,Asia,Phone,Electronics,10,624.15,453.21,6241.5,4532.1,1709.3999999999996,0.27387647200192256,2025-06
103751,2025-06-06,Australia,Australia & Oceania,Keyboard,Accessories,14,75.05,35.68,1050.7,499.52,551.1800000000001,0.5245836109260493,2025-06
104785,2025-06-06,Japan,Asia,Monitor,Electronics,7,325.13,229.48,2275.91,1606.36,669.55,0.29419001630117186,2025-06
100828,2025-06-06,Japan,Asia,Mouse,Accessories,11,41.63,23.46,457.93,258.06,199.87,0.43646408839779005,2025-06
102476,2025-06-06,New Zealand,Australia & Oceania,Tablet,Electronics,4,470.09,330.38,1880.36,1321.52,558.8399999999999,0.2971984088153332,2025-06
104323,2025-06-06,Mexico,North America,Mouse,Accessories,15,42.25,24.3,633.75,364.5,269.25,0.42485207100591715,2025-06
104391,2025-06-07,France,Europe,Laptop,Electronics,14,944.58,617.97,13224.12,8651.58,4572.540000000001,0.3457727243854412,2025-06
103748,2025-06-07,India,Asia,Headphones,Accessories,3,119.26,70.02,357.78,210.06,147.71999999999997,0.4128794231091732,2025-06
102321,2025-06-07,Australia,Australia & Oceania,Headphones,Accessories,5,115.22,66.98,576.1,334.9,241.20000000000005,0.41867731296649896,2025-06
101571,2025-06-07,UAE,Asia,Keyboard,Accessories,12,71.05,38.08,852.6,456.96,395.64000000000004,0.46403940886699513,2025-06
100422,2025-06-07,USA,North America,Laptop,Electronics,14,817.71,663.25,11447.94,9285.5,2162.4400000000005,0.18889337295618255,2025-06
103003,2025-06-07,UK,Europe,Mouse,Accessories,5,43.97,23.79,219.85,118.95,100.89999999999999,0.4589492836024562,2025-06
104009,2025-06-07,Mexico,North America,Smartwatch,Wearables,1,224.39,143.71,224.39,143.71,80.67999999999998,0.3595525647310486,2025-06
101482,2025-06-07,UK,Europe,Smartwatch,Wearables,6,236.4,135.77,1418.4,814.62,603.7800000000001,0.4256768189509307,2025-06
104907,2025-06-07,New Zealand,Australia & Oceania,Smartwatch,Wearables,15,244.81,134.15,3672.15,2012.25,1659.9,0.4520240186266901,2025-06
103829,2025-06-07,USA,North America,Laptop,Electronics,4,989.22,666.06,3956.88,2664.24,1292.6400000000003,0.32668162794929345,2025-06
104874,2025-06-07,Spain,Europe,Phone,Electronics,11,679.72,442.83,7476.92,4871.13,2605.79,0.3485111516506797,2025-06
103734,2025-06-07,South Korea,Asia,Headphones,Accessories,12,128.49,71.76,1541.88,861.12,680.7600000000001,0.44151295820686437,2025-06
102511,2025-06-08,UK,Europe,Headphones,Accessories,1,122.38,66.96,122.38,66.96,55.42,0.45285177316555,2025-06
101537,2025-06-08,Netherlands,Europe,Tablet,Electronics,13,407.0,322.97,5291.0,4198.61,1092.3900000000003,0.20646191646191653,2025-06
101970,2025-06-08,Italy,Europe,Smartwatch,Wearables,8,222.62,136.02,1780.96,1088.16,692.8,0.389003683406702,2025-06
103063,2025-06-08,Japan,Asia,Laptop,Electronics,8,930.38,615.52,7443.04,4924.16,2518.88,0.3384208602936435,2025-06
104191,2025-06-08,Mexico,North America,Smartwatch,Wearables,13,227.07,144.89,2951.91,1883.57,1068.34,0.36191482802659974,2025-06
101540,2025-06-08,India,Asia,Mouse,Accessories,13,47.6,21.73,618.8,282.49,336.30999999999995,0.5434873949579831,2025-06
101235,2025-06-08,USA,North America,Headphones,Accessories,11,117.43,67.71,1291.73,744.81,546.9200000000001,0.4234011751681854,2025-06
102082,2025-06-08,Netherlands,Europe,Headphones,Accessories,11,113.49,67.4,1248.39,741.4,506.9900000000001,0.40611507621816906,2025-06
104793,2025-06-08,Germany,Europe,Tablet,Electronics,9,499.8,289.93,4498.2,2609.37,1888.83,0.4199079631852741,2025-06
101572,2025-06-09,Germany,Europe,Monitor,Electronics,9,318.33,221.16,2864.97,1990.44,874.5299999999997,0.3052492696258599,2025-06
103179,2025-06-09,USA,North America,Mouse,Accessories,13,49.26,21.57,640.38,280.41,359.96999999999997,0.5621193666260658,2025-06
102035,2025-06-09,Mexico,North America,Mouse,Accessories,14,46.4,23.98,649.6,335.72,313.88,0.48318965517241375,2025-06
101778,2025-06-09,South Korea,Asia,Smartwatch,Wearables,10,242.54,139.93,2425.4,1399.3,1026.1000000000001,0.4230642368269152,2025-06
104144,2025-06-09,Mexico,North America,Mouse,Accessories,10,43.94,23.7,439.4,237.0,202.39999999999998,0.4606281292671825,2025-06
104002,2025-06-09,Mexico,North America,Smartwatch,Wearables,13,222.47,140.43,2892.11,1825.59,1066.5200000000002,0.36876882276261974,2025-06
100673,2025-06-09,UK,Europe,Monitor,Electronics,6,360.15,217.49,2160.9,1304.94,855.96,0.39611273080660836,2025-06
103030,2025-06-09,Canada,North America,Phone,Electronics,11,643.54,413.48,7078.94,4548.28,2530.66,0.3574913758274544,2025-06
102021,2025-06-09,Australia,Australia & Oceania,Laptop,Electronics,14,835.83,607.49,11701.62,8504.86,3196.76,0.2731895241855401,2025-06
103111,2025-06-09,USA,North America,Laptop,Electronics,6,876.5,624.79,5259.0,3748.74,1510.2600000000002,0.28717626925270967,2025-06
104306,2025-06-09,Netherlands,Europe,Keyboard,Accessories,1,76.54,37.84,76.54,37.84,38.7,0.5056179775280899,2025-06
104878,2025-06-09,Mexico,North America,Tablet,Electronics,14,500.19,330.44,7002.66,4626.16,2376.5,0.33937103900517807,2025-06
103321,2025-06-09,Japan,Asia,Smartwatch,Wearables,8,201.83,133.75,1614.64,1070.0,544.6400000000001,0.3373135807362632,2025-06
103390,2025-06-09,Mexico,North America,Mouse,Accessories,5,47.47,23.69,237.35,118.45,118.89999999999999,0.5009479671371392,2025-06
103910,2025-06-09,UAE,Asia,Phone,Electronics,5,595.95,465.46,2979.75,2327.3,652.4499999999998,0.21896132225857867,2025-06
101317,2025-06-10,UAE,Asia,Monitor,Electronics,13,315.1,228.76,4096.3,2973.88,1122.42,0.27400825134877815,2025-06
100834,2025-06-10,Spain,Europe,Headphones,Accessories,9,117.83,69.65,1060.47,626.85,433.62,0.40889416956632435,2025-06
103781,2025-06-10,UAE,Asia,Tablet,Electronics,6,454.69,326.85,2728.14,1961.1,767.04,0.2811585915678814,2025-06
101861,2025-06-10,Mexico,North America,Keyboard,Accessories,10,63.16,39.52,631.6,395.2,236.40000000000003,0.3742875237492084,2025-06
104222,2025-06-10,USA,North America,Mouse,Accessories,14,42.14,22.66,589.96,317.24,272.72,0.4622686283815852,2025-06
104611,2025-06-10,Singapore,Asia,Headphones,Accessories,8,110.52,64.77,884.16,518.16,366.0,0.4139522258414767,2025-06
101516,2025-06-11,Netherlands,Europe,Headphones,Accessories,9,115.19,67.22,1036.71,604.98,431.73,0.4164423995138467,2025-06
104943,2025-06-11,Mexico,North America,Phone,Electronics,10,648.21,431.78,6482.1,4317.8,2164.3,0.3338887089060644,2025-06
104503,2025-06-11,Italy,Europe,Headphones,Accessories,12,132.57,73.06,1590.84,876.72,714.1199999999999,0.4488949234366749,2025-06
104403,2025-06-11,Spain,Europe,Mouse,Accessories,1,44.74,24.48,44.74,24.48,20.26,0.45283862315601253,2025-06
102495,2025-06-12,Japan,Asia,Phone,Electronics,7,714.41,433.17,5000.87,3032.19,1968.6799999999998,0.39366750185467725,2025-06
101913,2025-06-12,Australia,Australia & Oceania,Smartwatch,Wearables,4,217.39,145.91,869.56,583.64,285.91999999999996,0.32880997285983715,2025-06
101990,2025-06-12,Canada,North America,Tablet,Electronics,12,443.61,321.67,5323.32,3860.04,1463.2799999999997,0.27488108924505755,2025-06
102141,2025-06-12,Mexico,North America,Headphones,Accessories,11,132.79,72.2,1460.69,794.2,666.49,0.45628435876195494,2025-06
104796,2025-06-12,Singapore,Asia,Monitor,Electronics,2,363.98,218.81,727.96,437.62,290.34000000000003,0.39884059563712293,2025-06
104889,2025-06-12,UK,Europe,Tablet,Electronics,14,450.32,326.72,6304.48,4574.08,1730.3999999999996,0.2744714869426185,2025-06
104279,2025-06-12,France,Europe,Phone,Electronics,7,587.52,414.75,4112.64,2903.25,1209.3900000000003,0.2940665849673203,2025-06
103408,2025-06-12,Australia,Australia & Oceania,Mouse,Accessories,7,49.82,24.21,348.74,169.47,179.27,0.514050582095544,2025-06
100298,2025-06-12,Spain,Europe,Laptop,Electronics,3,1001.25,634.92,3003.75,1904.76,1098.99,0.36587265917602996,2025-06
102894,2025-06-12,USA,North America,Monitor,Electronics,1,318.5,243.58,318.5,243.58,74.91999999999999,0.23522762951334375,2025-06
103366,2025-06-13,USA,North America,Tablet,Electronics,5,471.36,316.13,2356.8,1580.65,776.1500000000001,0.3293236591989138,2025-06
101728,2025-06-13,Australia,Australia & Oceania,Smartwatch,Wearables,12,242.4,143.56,2908.8,1722.72,1186.0800000000002,0.40775577557755777,2025-06
103427,2025-06-13,Japan,Asia,Headphones,Accessories,6,116.31,72.66,697.86,435.96,261.90000000000003,0.3752901728140315,2025-06
103192,2025-06-13,Australia,Australia & Oceania,Monitor,Electronics,5,367.61,232.72,1838.05,1163.6,674.45,0.3669377873289628,2025-06
102523,2025-06-13,Germany,Europe,Laptop,Electronics,6,957.66,649.56,5745.96,3897.36,1848.6,0.3217216966355491,2025-06
101094,2025-06-13,UAE,Asia,Mouse,Accessories,7,44.43,23.91,311.01,167.37,143.64,0.4618501012829169,2025-06
104472,2025-06-14,Australia,Australia & Oceania,Headphones,Accessories,10,122.24,71.9,1222.4,719.0,503.4000000000001,0.4118128272251309,2025-06
102700,2025-06-14,Canada,North America,Laptop,Electronics,12,1007.05,615.5,12084.6,7386.0,4698.6,0.3888088972742168,2025-06
104696,2025-06-14,Australia,Australia & Oceania,Smartwatch,Wearables,8,241.11,139.89,1928.88,1119.12,809.7600000000002,0.41980838621376143,2025-06
103778,2025-06-14,UAE,Asia,Smartwatch,Wearables,15,216.96,144.75,3254.4,2171.25,1083.15,0.33282632743362833,2025-06
100096,2025-06-14,South Korea,Asia,Smartwatch,Wearables,9,207.04,133.99,1863.36,1205.91,657.4499999999998,0.3528303709428129,2025-06
101310,2025-06-14,USA,North America,Mouse,Accessories,10,46.34,23.3,463.4,233.0,230.39999999999998,0.49719464825205006,2025-06
103303,2025-06-14,India,Asia,Mouse,Accessories,1,49.91,22.56,49.91,22.56,27.349999999999998,0.5479863754758565,2025-06
103538,2025-06-14,UAE,Asia,Tablet,Electronics,8,426.31,321.29,3410.48,2570.32,840.1599999999999,0.24634655532359076,2025-06
101951,2025-06-15,Netherlands,Europe,Tablet,Electronics,5,452.23,317.27,2261.15,1586.35,674.8000000000002,0.2984322136965704,2025-06
102967,2025-06-15,Canada,North America,Laptop,Electronics,14,922.35,602.15,12912.9,8430.1,4482.799999999999,0.34715671924974245,2025-06
102720,2025-06-15,France,Europe,Smartwatch,Wearables,15,200.21,132.37,3003.15,1985.55,1017.6000000000001,0.3388442135757455,2025-06
100092,2025-06-15,USA,North America,Smartwatch,Wearables,9,224.86,128.65,2023.74,1157.85,865.8900000000001,0.42786622787512235,2025-06
104660,2025-06-15,USA,North America,Smartwatch,Wearables,13,231.02,142.86,3003.26,1857.18,1146.0800000000002,0.3816119816466107,2025-06
104432,2025-06-15,UAE,Asia,Laptop,Electronics,6,939.98,608.08,5639.88,3648.48,1991.4,0.3530926189918935,2025-06
102118,2025-06-15,Mexico,North America,Monitor,Electronics,9,377.02,235.57,3393.18,2120.13,1273.0499999999997,0.3751790355949286,2025-06
100627,2025-06-15,India,Asia,Tablet,Electronics,8,446.07,317.94,3568.56,2543.52,1025.04,0.28724191270428406,2025-06
103832,2025-06-15,Mexico,North America,Monitor,Electronics,14,315.56,245.27,4417.84,3433.78,984.06,0.22274686272024335,2025-06
104743,2025-06-16,UK,Europe,Keyboard,Accessories,10,71.63,38.02,716.3,380.2,336.09999999999997,0.4692168085997487,2025-06
102739,2025-06-16,New Zealand,Australia & Oceania,Monitor,Electronics,11,330.43,227.31,3634.73,2500.41,1134.3200000000002,0.3120782011318585,2025-06
101326,2025-06-16,Japan,Asia,Laptop,Electronics,5,899.5,671.15,4497.5,3355.75,1141.75,0.2538632573652029,2025-06
104762,2025-06-16,New Zealand,Australia & Oceania,Mouse,Accessories,6,47.02,22.31,282.12,133.86,148.26,0.5255210548702679,2025-06
101136,2025-06-16,France,Europe,Headphones,Accessories,4,122.05,66.41,488.2,265.64,222.56,0.45587873822204017,2025-06
103601,2025-06-16,UK,Europe,Monitor,Electronics,5,372.99,228.06,1864.95,1140.3,724.6500000000001,0.3885626960508325,2025-06
104786,2025-06-17,Japan,Asia,Laptop,Electronics,7,992.52,674.49,6947.64,4721.43,2226.21,0.3204267924072059,2025-06
102649,2025-06-17,UAE,Asia,Phone,Electronics,7,627.54,448.79,4392.78,3141.53,1251.2499999999995,0.28484240048443116,2025-06
100983,2025-06-17,Netherlands,Europe,Monitor,Electronics,3,379.31,221.61,1137.93,664.83,473.1,0.41575492341356673,2025-06
103668,2025-06-17,Italy,Europe,Laptop,Electronics,13,810.83,616.54,10540.79,8015.02,2525.7700000000004,0.2396186623583242,2025-06
101553,2025-06-17,USA,North America,Headphones,Accessories,3,125.71,65.43,377.13,196.29,180.84,0.47951634714819824,2025-06
103948,2025-06-17,USA,North America,Smartwatch,Wearables,9,224.18,134.97,2017.62,1214.73,802.8899999999999,0.3979391560353287,2025-06
102877,2025-06-17,Japan,Asia,Tablet,Electronics,2,464.39,322.94,928.78,645.88,282.9,0.3045931221602532,2025-06
100077,2025-06-17,USA,North America,Smartwatch,Wearables,13,204.45,141.1,2657.85,1834.3,823.55,0.30985571044265103,2025-06
101052,2025-06-17,India,Asia,Phone,Electronics,4,656.3,449.6,2625.2,1798.4,826.7999999999997,0.3149474325765655,2025-06
102372,2025-06-17,Canada,North America,Laptop,Electronics,6,843.24,680.74,5059.44,4084.44,974.9999999999995,0.1927090745220814,2025-06
104478,2025-06-18,Japan,Asia,Tablet,Electronics,4,476.66,329.65,1906.64,1318.6,588.0400000000002,0.30841690093567753,2025-06
100678,2025-06-18,UAE,Asia,Mouse,Accessories,2,49.16,24.49,98.32,48.98,49.339999999999996,0.5018307567127747,2025-06
104700,2025-06-18,New Zealand,Australia & Oceania,Keyboard,Accessories,12,63.68,39.33,764.16,471.96,292.2,0.38238065326633164,2025-06
104957,2025-06-18,India,Asia,Tablet,Electronics,15,484.77,300.8,7271.55,4512.0,2759.55,0.37949955649070694,2025-06
104386,2025-06-18,Japan,Asia,Smartwatch,Wearables,13,215.14,142.56,2796.82,1853.28,943.5400000000002,0.33736171795110165,2025-06
100853,2025-06-18,UK,Europe,Headphones,Accessories,8,116.68,72.77,933.44,582.16,351.2800000000001,0.3763284196091876,2025-06
103368,2025-06-18,Germany,Europe,Phone,Electronics,9,587.28,435.63,5285.52,3920.67,1364.8500000000004,0.25822435635472013,2025-06
104679,2025-06-18,USA,North America,Phone,Electronics,10,614.81,417.66,6148.1,4176.6,1971.5,0.320668173907386,2025-06
100100,2025-06-18,Germany,Europe,Smartwatch,Wearables,4,198.89,133.82,795.56,535.28,260.28,0.3271657700236311,2025-06
100654,2025-06-19,Mexico,North America,Mouse,Accessories,2,49.02,21.95,98.04,43.9,54.14000000000001,0.5522235822113424,2025-06
101640,2025-06-19,Australia,Australia & Oceania,Headphones,Accessories,3,126.45,70.38,379.35,211.14,168.21000000000004,0.44341637010676166,2025-06
100724,2025-06-19,USA,North America,Monitor,Electronics,11,315.13,221.48,3466.43,2436.28,1030.1499999999996,0.29717894202392653,2025-06
102867,2025-06-19,South Korea,Asia,Phone,Electronics,15,693.15,458.63,10397.25,6879.45,3517.8,0.33833946476231697,2025-06
104154,2025-06-19,Singapore,Asia,Headphones,Accessories,12,110.14,65.17,1321.68,782.04,539.6400000000001,0.408298529144725,2025-06
103950,2025-06-19,Spain,Europe,Keyboard,Accessories,12,67.9,39.58,814.8,474.96,339.84,0.4170839469808542,2025-06
102435,2025-06-19,Australia,Australia & Oceania,Laptop,Electronics,5,983.76,654.31,4918.8,3271.55,1647.25,0.33488859071318205,2025-06
104815,2025-06-19,Mexico,North America,Headphones,Accessories,1,112.23,66.89,112.23,66.89,45.34,0.4039918025483383,2025-06
104636,2025-06-20,New Zealand,Australia & Oceania,Phone,Electronics,4,633.84,422.77,2535.36,1691.08,844.2800000000002,0.33300201943708196,2025-06
100717,2025-06-20,USA,North America,Mouse,Accessories,11,50.27,24.78,552.97,272.58,280.39000000000004,0.5070618659240104,2025-06
103671,2025-06-20,Germany,Europe,Smartwatch,Wearables,7,232.84,139.95,1629.88,979.65,650.2300000000001,0.3989434805016321,2025-06
103097,2025-06-20,Australia,Australia & Oceania,Laptop,Electronics,9,953.07,674.84,8577.63,6073.56,2504.069999999999,0.2919302884363162,2025-06
103613,2025-06-20,South Korea,Asia,Headphones,Accessories,2,115.67,67.12,231.34,134.24,97.1,0.41972853808247595,2025-06
103554,2025-06-20,Singapore,Asia,Keyboard,Accessories,11,74.08,37.72,814.88,414.92,399.96,0.4908207343412527,2025-06
103889,2025-06-20,USA,North America,Monitor,Electronics,9,375.34,221.1,3378.06,1989.9,1388.1599999999999,0.410934086428305,2025-06
102943,2025-06-21,Netherlands,Europe,Smartwatch,Wearables,3,239.5,129.27,718.5,387.81,330.69,0.46025052192066807,2025-06
102212,2025-06-21,Mexico,North America,Headphones,Accessories,2,108.52,65.1,217.04,130.2,86.84,0.4001105786951714,2025-06
102635,2025-06-21,Canada,North America,Headphones,Accessories,3,110.97,64.23,332.91,192.69,140.22000000000003,0.42119491754528254,2025-06
103333,2025-06-21,Netherlands,Europe,Tablet,Electronics,9,471.55,307.72,4243.95,2769.48,1474.4699999999998,0.34742869260947934,2025-06
101219,2025-06-21,Mexico,North America,Phone,Electronics,1,620.91,433.66,620.91,433.66,187.24999999999994,0.3015734969641332,2025-06
104718,2025-06-21,Australia,Australia & Oceania,Tablet,Electronics,1,487.34,293.95,487.34,293.95,193.39,0.3968276767759675,2025-06
100188,2025-06-21,South Korea,Asia,Monitor,Electronics,12,373.75,238.22,4485.0,2858.64,1626.3600000000001,0.3626220735785953,2025-06
100849,2025-06-21,Japan,Asia,Monitor,Electronics,4,342.1,228.82,1368.4,915.28,453.1200000000001,0.3311312481730489,2025-06
102335,2025-06-21,Netherlands,Europe,Phone,Electronics,2,712.54,442.79,1425.08,885.58,539.4999999999999,0.37857523788138203,2025-06
102913,2025-06-21,Canada,North America,Phone,Electronics,13,672.42,468.34,8741.46,6088.42,2653.039999999999,0.3035007881978525,2025-06
101429,2025-06-21,Mexico,North America,Monitor,Electronics,6,341.01,239.96,2046.06,1439.76,606.3,0.29632562094953224,2025-06
104125,2025-06-21,Canada,North America,Monitor,Electronics,4,382.3,217.74,1529.2,870.96,658.24,0.43044729270206644,2025-06
104052,2025-06-21,Canada,North America,Tablet,Electronics,4,440.17,290.7,1760.68,1162.8,597.8800000000001,0.3395733466615172,2025-06
103489,2025-06-22,Spain,Europe,Laptop,Electronics,3,828.4,627.73,2485.2,1883.19,602.0099999999998,0.24223804925156922,2025-06
101191,2025-06-22,Spain,Europe,Smartwatch,Wearables,3,212.64,131.47,637.92,394.41,243.50999999999993,0.3817249811888637,2025-06
104663,2025-06-22,Japan,Asia,Laptop,Electronics,10,922.68,677.62,9226.8,6776.2,2450.5999999999995,0.2655958728920102,2025-06
100282,2025-06-22,Singapore,Asia,Monitor,Electronics,3,369.6,220.47,1108.8,661.41,447.39,0.40349025974025976,2025-06
100455,2025-06-22,France,Europe,Tablet,Electronics,7,439.72,327.33,3078.04,2291.31,786.73,0.25559446920767764,2025-06
102630,2025-06-22,Japan,Asia,Smartwatch,Wearables,1,207.96,141.13,207.96,141.13,66.83000000000001,0.32135987689940376,2025-06
103999,2025-06-22,Singapore,Asia,Keyboard,Accessories,1,64.18,40.18,64.18,40.18,24.000000000000007,0.37394827048924906,2025-06
100797,2025-06-22,Australia,Australia & Oceania,Tablet,Electronics,3,469.33,321.59,1407.99,964.77,443.22,0.3147891675367013,2025-06
100437,2025-06-22,UK,Europe,Headphones,Accessories,15,115.36,64.96,1730.4,974.4,756.0000000000001,0.4368932038834952,2025-06
101554,2025-06-23,New Zealand,Australia & Oceania,Tablet,Electronics,2,428.4,330.06,856.8,660.12,196.67999999999995,0.22955182072829128,2025-06
102478,2025-06-23,Mexico,North America,Monitor,Electronics,6,383.72,220.37,2302.32,1322.22,980.1000000000001,0.42570103200250187,2025-06
102972,2025-06-23,Germany,Europe,Monitor,Electronics,2,321.33,226.19,642.66,452.38,190.27999999999997,0.2960819095633772,2025-06
103399,2025-06-23,Germany,Europe,Monitor,Electronics,13,342.4,230.37,4451.2,2994.81,1456.3899999999999,0.32719042056074765,2025-06
104020,2025-06-23,Germany,Europe,Keyboard,Accessories,7,65.85,39.46,460.95,276.22,184.72999999999996,0.4007593014426727,2025-06
102498,2025-06-23,Australia,Australia & Oceania,Phone,Electronics,8,652.53,455.46,5220.24,3643.68,1576.56,0.30200910302974576,2025-06
101011,2025-06-23,France,Europe,Monitor,Electronics,5,328.1,238.14,1640.5,1190.7,449.79999999999995,0.2741846997866504,2025-06
104596,2025-06-23,Mexico,North America,Monitor,Electronics,15,320.89,237.73,4813.35,3565.95,1247.4000000000005,0.2591542273053072,2025-06
102916,2025-06-23,USA,North America,Mouse,Accessories,7,47.13,24.12,329.91,168.84,161.07000000000002,0.4882240611075748,2025-06
101973,2025-06-23,Italy,Europe,Headphones,Accessories,5,122.43,69.94,612.15,349.7,262.45,0.42873478722535324,2025-06
102164,2025-06-24,Canada,North America,Monitor,Electronics,10,362.66,236.22,3626.6,2362.2,1264.4,0.3486461148182871,2025-06
101862,2025-06-24,Mexico,North America,Smartwatch,Wearables,1,239.7,145.67,239.7,145.67,94.03,0.39228201919065503,2025-06
102194,2025-06-24,South Korea,Asia,Monitor,Electronics,6,362.89,247.94,2177.34,1487.64,689.7,0.3167626553501061,2025-06
100428,2025-06-24,Australia,Australia & Oceania,Laptop,Electronics,9,823.9,641.48,7415.1,5773.32,1641.7800000000007,0.22141036533559905,2025-06
102344,2025-06-24,UAE,Asia,Headphones,Accessories,10,111.96,69.22,1119.6,692.2,427.39999999999986,0.3817434798142193,2025-06
101897,2025-06-24,USA,North America,Keyboard,Accessories,9,65.35,37.3,588.15,335.7,252.45,0.4292272379495027,2025-06
102856,2025-06-24,Singapore,Asia,Keyboard,Accessories,15,68.56,38.43,1028.4,576.45,451.95000000000005,0.4394690781796966,2025-06
102884,2025-06-24,Germany,Europe,Monitor,Electronics,8,341.58,232.82,2732.64,1862.56,870.0799999999999,0.3184027167866971,2025-06
104062,2025-06-24,Netherlands,Europe,Phone,Electronics,8,679.59,409.01,5436.72,3272.08,2164.6400000000003,0.39815182683676925,2025-06
100471,2025-06-24,Italy,Europe,Laptop,Electronics,3,848.66,676.1,2545.98,2028.3,517.6800000000001,0.20333231211557046,2025-06
102340,2025-06-25,India,Asia,Keyboard,Accessories,11,63.7,40.56,700.7,446.16,254.54000000000002,0.363265306122449,2025-06
101693,2025-06-25,South Korea,Asia,Tablet,Electronics,1,495.37,294.45,495.37,294.45,200.92000000000002,0.4055958172679008,2025-06
103714,2025-06-25,Canada,North America,Smartwatch,Wearables,10,227.72,141.61,2277.2,1416.1,861.0999999999999,0.37813982083260145,2025-06
103928,2025-06-25,Canada,North America,Smartwatch,Wearables,15,227.03,127.89,3405.45,1918.35,1487.1,0.43668237677839933,2025-06
101911,2025-06-25,France,Europe,Headphones,Accessories,14,127.88,66.06,1790.32,924.84,865.4799999999999,0.4834219580857053,2025-06
101538,2025-06-25,Canada,North America,Tablet,Electronics,14,420.7,321.08,5889.8,4495.12,1394.6800000000003,0.2367958164963157,2025-06
104408,2025-06-25,Netherlands,Europe,Mouse,Accessories,15,46.54,24.1,698.1,361.5,336.6,0.48216587881392353,2025-06
102582,2025-06-25,New Zealand,Australia & Oceania,Tablet,Electronics,1,461.63,333.64,461.63,333.64,127.99000000000001,0.2772566774256439,2025-06
100624,2025-06-25,Japan,Asia,Tablet,Electronics,10,470.03,333.16,4700.3,3331.6,1368.7000000000003,0.29119417909495143,2025-06
101506,2025-06-25,India,Asia,Mouse,Accessories,13,41.17,22.89,535.21,297.57,237.64000000000004,0.4440126305562303,2025-06
104111,2025-06-25,UAE,Asia,Phone,Electronics,1,637.84,421.2,637.84,421.2,216.64000000000004,0.33964630628370757,2025-06
101227,2025-06-26,UAE,Asia,Laptop,Electronics,6,834.83,638.6,5008.98,3831.6,1177.3799999999997,0.23505384329743775,2025-06
100165,2025-06-26,France,Europe,Tablet,Electronics,10,490.29,332.42,4902.9,3324.2,1578.6999999999998,0.32199310612086723,2025-06
104542,2025-06-26,India,Asia,Tablet,Electronics,9,489.08,310.9,4401.72,2798.1,1603.6200000000003,0.3643166762083913,2025-06
103206,2025-06-26,Canada,North America,Tablet,Electronics,4,478.4,324.14,1913.6,1296.56,617.04,0.3224498327759197,2025-06
100031,2025-06-26,Mexico,North America,Headphones,Accessories,2,114.65,69.01,229.3,138.02,91.28,0.3980811164413432,2025-06
103536,2025-06-27,Italy,Europe,Smartwatch,Wearables,8,222.67,141.58,1781.36,1132.64,648.7199999999998,0.3641711950419903,2025-06
101398,2025-06-27,Italy,Europe,Monitor,Electronics,5,320.92,220.02,1604.6,1100.1,504.5,0.3144085753458806,2025-06
104237,2025-06-27,Netherlands,Europe,Laptop,Electronics,13,814.57,605.14,10589.41,7866.82,2722.59,0.2571049756313147,2025-06
103578,2025-06-27,Singapore,Asia,Keyboard,Accessories,15,64.59,38.26,968.85,573.9,394.95000000000005,0.4076482427620375,2025-06
101236,2025-06-27,UAE,Asia,Laptop,Electronics,7,986.43,633.68,6905.01,4435.76,2469.25,0.3576026682075768,2025-06
103848,2025-06-27,Singapore,Asia,Phone,Electronics,1,678.78,462.04,678.78,462.04,216.73999999999995,0.31930817054126515,2025-06
102896,2025-06-27,Australia,Australia & Oceania,Monitor,Electronics,3,359.81,233.18,1079.43,699.54,379.8900000000001,0.35193574386481763,2025-06
103061,2025-06-27,UK,Europe,Phone,Electronics,15,714.91,444.85,10723.65,6672.75,4050.8999999999996,0.37775384314109467,2025-06
102464,2025-06-27,Japan,Asia,Smartwatch,Wearables,2,216.45,139.67,432.9,279.34,153.56,0.35472395472395474,2025-06
103663,2025-06-27,Germany,Europe,Tablet,Electronics,1,501.22,307.85,501.22,307.85,193.37,0.38579865129085034,2025-06
100769,2025-06-28,South Korea,Asia,Smartwatch,Wearables,1,215.33,132.06,215.33,132.06,83.27000000000001,0.38670877258161895,2025-06
100634,2025-06-28,Japan,Asia,Tablet,Electronics,9,473.0,330.03,4257.0,2970.27,1286.73,0.302262156448203,2025-06
100668,2025-06-28,Italy,Europe,Smartwatch,Wearables,8,230.57,132.1,1844.56,1056.8,787.76,0.427072038860216,2025-06
100546,2025-06-28,Singapore,Asia,Monitor,Electronics,7,365.31,220.62,2557.17,1544.34,1012.8300000000002,0.3960745668062742,2025-06
101314,2025-06-28,USA,North America,Smartwatch,Wearables,7,198.82,134.47,1391.74,941.29,450.45000000000005,0.32365959159038327,2025-06
100264,2025-06-28,Japan,Asia,Headphones,Accessories,3,128.03,70.86,384.09,212.58,171.50999999999996,0.4465359681324689,2025-06
103689,2025-06-28,Netherlands,Europe,Smartwatch,Wearables,6,220.13,132.63,1320.78,795.78,525.0,0.3974923908599464,2025-06
104044,2025-06-28,USA,North America,Mouse,Accessories,1,48.98,23.68,48.98,23.68,25.299999999999997,0.5165373621886484,2025-06
104655,2025-06-28,UAE,Asia,Tablet,Electronics,10,482.2,297.61,4822.0,2976.1,1845.9,0.3828079635006222,2025-06
104467,2025-06-28,Italy,Europe,Laptop,Electronics,5,936.96,672.69,4684.8,3363.45,1321.3500000000004,0.28205046106557385,2025-06
103011,2025-06-29,India,Asia,Mouse,Accessories,6,45.91,23.11,275.46,138.66,136.79999999999998,0.4966238292311043,2025-06
102528,2025-06-29,Australia,Australia & Oceania,Mouse,Accessories,12,49.07,22.24,588.84,266.88,321.96000000000004,0.5467699205217037,2025-06
104270,2025-06-29,New Zealand,Australia & Oceania,Headphones,Accessories,9,133.66,72.38,1202.94,651.42,551.5200000000001,0.45847673200658395,2025-06
102970,2025-06-29,South Korea,Asia,Keyboard,Accessories,8,75.56,38.39,604.48,307.12,297.36,0.4919269454737957,2025-06
104831,2025-06-29,Canada,North America,Tablet,Electronics,5,500.04,331.95,2500.2,1659.75,840.4499999999998,0.33615310775137985,2025-06
101716,2025-06-29,New Zealand,Australia & Oceania,Tablet,Electronics,13,490.72,300.38,6379.36,3904.94,2474.4199999999996,0.3878790348875122,2025-06
103115,2025-06-29,Spain,Europe,Phone,Electronics,11,720.91,436.16,7930.01,4797.76,3132.25,0.394986891567602,2025-06
102609,2025-06-29,USA,North America,Phone,Electronics,14,727.74,411.2,10188.36,5756.8,4431.56,0.4349630362492099,2025-06
104114,2025-06-29,France,Europe,Phone,Electronics,1,720.95,447.88,720.95,447.88,273.07000000000005,0.37876413066093356,2025-06
104978,2025-06-29,Italy,Europe,Keyboard,Accessories,9,76.58,38.62,689.22,347.58,341.64000000000004,0.49569078088273705,2025-06
102600,2025-06-29,Italy,Europe,Headphones,Accessories,4,128.55,64.68,514.2,258.72,255.48000000000002,0.4968494749124854,2025-06
101558,2025-06-29,South Korea,Asia,Phone,Electronics,2,598.17,452.78,1196.34,905.56,290.78,0.24305799354698496,2025-06
103226,2025-06-29,New Zealand,Australia & Oceania,Tablet,Electronics,3,462.24,326.78,1386.72,980.34,406.38,0.29305122879889234,2025-06
104972,2025-06-29,New Zealand,Australia & Oceania,Smartwatch,Wearables,9,225.4,133.53,2028.6,1201.77,826.8299999999999,0.40758651286601594,2025-06
101711,2025-06-30,Netherlands,Europe,Tablet,Electronics,4,458.4,305.96,1833.6,1223.84,609.76,0.33254799301919724,2025-06
101281,2025-06-30,Canada,North America,Laptop,Electronics,2,963.42,648.64,1926.84,1297.28,629.56,0.32673185111374065,2025-06
103487,2025-06-30,South Korea,Asia,Monitor,Electronics,14,351.29,228.29,4918.06,3196.06,1722.0000000000005,0.3501380625693872,2025-06
104782,2025-06-30,Germany,Europe,Headphones,Accessories,2,109.23,65.23,218.46,130.46,88.0,0.40281973816717015,2025-06
102380,2025-06-30,USA,North America,Smartwatch,Wearables,10,234.3,144.63,2343.0,1446.3,896.7,0.3827144686299616,2025-06
100190,2025-06-30,UK,Europe,Phone,Electronics,12,675.3,435.37,8103.6,5224.44,2879.1600000000008,0.35529394343254855,2025-06
103252,2025-06-30,Spain,Europe,Mouse,Accessories,8,44.73,24.28,357.84,194.24,163.59999999999997,0.45718756986362613,2025-06
101702,2025-06-30,Singapore,Asia,Phone,Electronics,9,698.77,455.09,6288.93,4095.81,2193.1200000000003,0.3487270489574539,2025-06
104439,2025-06-30,Australia,Australia & Oceania,Smartwatch,Wearables,3,225.85,139.88,677.55,419.64,257.90999999999997,0.38065087447420853,2025-06
104157,2025-06-30,UAE,Asia,Tablet,Electronics,12,449.36,312.49,5392.32,3749.88,1642.4399999999996,0.3045887484422289,2025-06
100091,2025-07-01,Germany,Europe,Laptop,Electronics,7,891.36,680.12,6239.52,4760.84,1478.6800000000003,0.23698617842398137,2025-07
101343,2025-07-01,New Zealand,Australia & Oceania,Tablet,Electronics,3,502.89,292.93,1508.67,878.79,629.8800000000001,0.41750681063453243,2025-07
102379,2025-07-01,UAE,Asia,Mouse,Accessories,11,42.29,23.17,465.19,254.87,210.32,0.4521163395601797,2025-07
100612,2025-07-01,Mexico,North America,Laptop,Electronics,6,879.6,621.2,5277.6,3727.2,1550.4000000000005,0.29376989540700327,2025-07
103394,2025-07-01,Japan,Asia,Keyboard,Accessories,2,77.4,35.97,154.8,71.94,82.86000000000001,0.5352713178294574,2025-07
100052,2025-07-01,USA,North America,Phone,Electronics,3,612.01,413.52,1836.03,1240.56,595.47,0.32432476593519716,2025-07
101594,2025-07-01,Netherlands,Europe,Smartwatch,Wearables,11,230.4,145.89,2534.4,1604.79,929.6100000000001,0.366796875,2025-07
104678,2025-07-01,Australia,Australia & Oceania,Headphones,Accessories,8,109.0,65.61,872.0,524.88,347.12,0.39807339449541285,2025-07
104768,2025-07-02,Italy,Europe,Mouse,Accessories,2,46.73,23.37,93.46,46.74,46.71999999999999,0.4998930023539482,2025-07
103672,2025-07-02,Spain,Europe,Mouse,Accessories,4,44.71,22.64,178.84,90.56,88.28,0.4936255871169761,2025-07
104686,2025-07-02,Japan,Asia,Phone,Electronics,8,637.62,452.29,5100.96,3618.32,1482.6399999999999,0.2906590132053574,2025-07
104563,2025-07-02,New Zealand,Australia & Oceania,Keyboard,Accessories,12,73.28,35.75,879.36,429.0,450.36,0.5121451965065502,2025-07
100268,2025-07-02,USA,North America,Smartwatch,Wearables,15,235.18,142.05,3527.7,2130.75,1396.9499999999998,0.39599455736031974,2025-07
104610,2025-07-02,UAE,Asia,Monitor,Electronics,13,334.09,246.98,4343.17,3210.74,1132.4300000000003,0.26073812445748157,2025-07
100972,2025-07-02,Australia,Australia & Oceania,Headphones,Accessories,6,132.15,65.52,792.9,393.12,399.78,0.504199772985244,2025-07
103397,2025-07-02,USA,North America,Tablet,Electronics,3,420.55,299.3,1261.65,897.9,363.7500000000001,0.28831292355249083,2025-07
101672,2025-07-02,Australia,Australia & Oceania,Laptop,Electronics,8,874.7,675.15,6997.6,5401.2,1596.4000000000005,0.22813536069509552,2025-07
101266,2025-07-02,France,Europe,Smartwatch,Wearables,10,239.6,144.58,2396.0,1445.8,950.2,0.39657762938230384,2025-07
102318,2025-07-02,South Korea,Asia,Laptop,Electronics,12,966.93,674.67,11603.16,8096.04,3507.12,0.3022555924420589,2025-07
103744,2025-07-03,Spain,Europe,Phone,Electronics,3,702.24,459.96,2106.72,1379.88,726.8399999999997,0.34501025290498966,2025-07
100486,2025-07-03,Australia,Australia & Oceania,Keyboard,Accessories,11,64.19,37.52,706.09,412.72,293.37,0.4154852780806979,2025-07
102110,2025-07-03,Australia,Australia & Oceania,Mouse,Accessories,12,49.13,22.83,589.56,273.96,315.59999999999997,0.535314471809485,2025-07
101490,2025-07-03,UAE,Asia,Smartwatch,Wearables,15,234.7,145.0,3520.5,2175.0,1345.5,0.3821900298253089,2025-07
102660,2025-07-03,USA,North America,Monitor,Electronics,4,347.43,236.18,1389.72,944.72,445.0,0.32020838730103907,2025-07
103137,2025-07-03,USA,North America,Laptop,Electronics,7,867.41,650.35,6071.87,4552.45,1519.42,0.25023921790156906,2025-07
100274,2025-07-04,New Zealand,Australia & Oceania,Headphones,Accessories,15,128.87,71.87,1933.05,1078.05,855.0,0.4423062000465586,2025-07
102477,2025-07-04,Spain,Europe,Keyboard,Accessories,9,76.4,39.76,687.6,357.84,329.76000000000005,0.4795811518324608,2025-07
100149,2025-07-04,Netherlands,Europe,Mouse,Accessories,3,46.04,24.07,138.12,72.21,65.91000000000001,0.47719374456993924,2025-07
103680,2025-07-04,Singapore,Asia,Laptop,Electronics,14,854.02,675.71,11956.28,9459.94,2496.34,0.20878902133439498,2025-07
102400,2025-07-04,USA,North America,Monitor,Electronics,3,330.08,243.99,990.24,731.97,258.27,0.2608155598642753,2025-07
103899,2025-07-04,India,Asia,Keyboard,Accessories,3,74.76,36.69,224.28,110.07,114.21000000000001,0.5092295345104334,2025-07
101453,2025-07-04,Australia,Australia & Oceania,Mouse,Accessories,7,48.77,24.4,341.39,170.8,170.58999999999997,0.4996924338732827,2025-07
102999,2025-07-04,France,Europe,Tablet,Electronics,12,447.29,289.91,5367.48,3478.92,1888.5599999999995,0.35185226586778146,2025-07
101184,2025-07-04,New Zealand,Australia & Oceania,Monitor,Electronics,15,388.48,243.17,5827.2,3647.55,2179.6499999999996,0.37404757001647443,2025-07
104371,2025-07-04,Germany,Europe,Smartwatch,Wearables,7,226.0,140.15,1582.0,981.05,600.95,0.3798672566371682,2025-07
101627,2025-07-04,Spain,Europe,Tablet,Electronics,9,502.5,292.0,4522.5,2628.0,1894.5,0.41890547263681593,2025-07
102852,2025-07-05,UK,Europe,Mouse,Accessories,1,41.07,23.94,41.07,23.94,17.13,0.41709276844411974,2025-07
102486,2025-07-05,New Zealand,Australia & Oceania,Keyboard,Accessories,8,72.37,39.18,578.96,313.44,265.52000000000004,0.45861544839021695,2025-07
103736,2025-07-05,UAE,Asia,Headphones,Accessories,3,110.08,72.0,330.24,216.0,114.24000000000001,0.34593023255813954,2025-07
102480,2025-07-05,Canada,North America,Smartwatch,Wearables,2,223.43,145.23,446.86,290.46,156.40000000000003,0.3499977621626461,2025-07
102718,2025-07-05,New Zealand,Australia & Oceania,Keyboard,Accessories,8,68.0,40.01,544.0,320.08,223.92000000000002,0.41161764705882353,2025-07
102712,2025-07-05,India,Asia,Keyboard,Accessories,10,65.02,39.1,650.2,391.0,259.20000000000005,0.39864657028606587,2025-07
104200,2025-07-05,USA,North America,Mouse,Accessories,4,44.63,24.05,178.52,96.2,82.32000000000001,0.4611248039435358,2025-07
103150,2025-07-05,India,Asia,Laptop,Electronics,13,982.53,664.97,12772.89,8644.61,4128.279999999999,0.3232064160890761,2025-07
100003,2025-07-05,Mexico,North America,Keyboard,Accessories,2,75.26,38.33,150.52,76.66,73.86000000000001,0.4906989104437949,2025-07
100877,2025-07-06,Canada,North America,Tablet,Electronics,2,463.03,290.36,926.06,580.72,345.3399999999999,0.37291320216832596,2025-07
102892,2025-07-06,Canada,North America,Monitor,Electronics,4,350.36,236.44,1401.44,945.76,455.68000000000006,0.3251512729763672,2025-07
103441,2025-07-06,Singapore,Asia,Mouse,Accessories,10,41.69,21.53,416.9,215.3,201.59999999999997,0.48356920124730146,2025-07
103643,2025-07-06,UAE,Asia,Phone,Electronics,5,618.49,443.86,3092.45,2219.3,873.1499999999996,0.28234894662807797,2025-07
103649,2025-07-06,Japan,Asia,Keyboard,Accessories,14,72.41,36.31,1013.74,508.34,505.40000000000003,0.4985499240436404,2025-07
103480,2025-07-06,UAE,Asia,Keyboard,Accessories,3,67.54,36.99,202.62,110.97,91.65,0.45232454841575365,2025-07
101726,2025-07-06,Netherlands,Europe,Laptop,Electronics,11,846.99,663.12,9316.89,7294.32,2022.5699999999997,0.21708638826904683,2025-07
104051,2025-07-06,New Zealand,Australia & Oceania,Tablet,Electronics,4,429.92,322.66,1719.68,1290.64,429.03999999999996,0.24948827688872346,2025-07
102362,2025-07-06,India,Asia,Phone,Electronics,5,699.38,461.13,3496.9,2305.65,1191.25,0.3406588692842232,2025-07
102146,2025-07-06,Mexico,North America,Phone,Electronics,6,588.72,445.02,3532.32,2670.12,862.2000000000003,0.2440888707704852,2025-07
103530,2025-07-07,Japan,Asia,Laptop,Electronics,10,905.73,681.67,9057.3,6816.7,2240.5999999999995,0.24738056595232571,2025-07
101371,2025-07-07,Australia,Australia & Oceania,Monitor,Electronics,12,361.74,221.41,4340.88,2656.92,1683.96,0.3879305578592359,2025-07
104941,2025-07-07,Singapore,Asia,Monitor,Electronics,9,326.02,234.69,2934.18,2112.21,821.9699999999998,0.28013618796392853,2025-07
101724,2025-07-07,Netherlands,Europe,Phone,Electronics,2,703.68,439.78,1407.36,879.56,527.8,0.3750284220100045,2025-07
100346,2025-07-07,Mexico,North America,Mouse,Accessories,12,41.88,24.72,502.56,296.64,205.92000000000002,0.40974212034383956,2025-07
104364,2025-07-07,Singapore,Asia,Monitor,Electronics,15,354.59,242.87,5318.85,3643.05,1675.8000000000002,0.3150681068276037,2025-07
100405,2025-07-07,Japan,Asia,Headphones,Accessories,2,114.09,66.47,228.18,132.94,95.24000000000001,0.417389779998247,2025-07
100460,2025-07-07,Spain,Europe,Laptop,Electronics,14,962.31,633.53,13472.34,8869.42,4602.92,0.34165705437956584,2025-07
102484,2025-07-07,Netherlands,Europe,Phone,Electronics,15,691.42,448.05,10371.3,6720.75,3650.5499999999993,0.35198576841861673,2025-07
100417,2025-07-07,Germany,Europe,Mouse,Accessories,12,40.97,21.75,491.64,261.0,230.64,0.4691237490846961,2025-07
102765,2025-07-07,UK,Europe,Tablet,Electronics,9,438.41,313.5,3945.69,2821.5,1124.19,0.2849159462603499,2025-07
102907,2025-07-08,Australia,Australia & Oceania,Monitor,Electronics,8,365.21,226.42,2921.68,1811.36,1110.32,0.3800279291366611,2025-07
103883,2025-07-08,New Zealand,Australia & Oceania,Tablet,Electronics,10,452.12,300.51,4521.2,3005.1,1516.1,0.3353313279660267,2025-07
104852,2025-07-08,South Korea,Asia,Smartwatch,Wearables,5,205.0,127.73,1025.0,638.65,386.35,0.3769268292682927,2025-07
103125,2025-07-08,USA,North America,Laptop,Electronics,5,863.78,678.95,4318.9,3394.75,924.1499999999996,0.21397809627451428,2025-07
100392,2025-07-08,South Korea,Asia,Monitor,Electronics,2,360.95,236.92,721.9,473.84,248.06,0.34362100013852337,2025-07
102258,2025-07-08,Japan,Asia,Laptop,Electronics,14,919.25,638.77,12869.5,8942.78,3926.7199999999993,0.3051183029643731,2025-07
100247,2025-07-08,UAE,Asia,Monitor,Electronics,5,336.32,233.91,1681.6,1169.55,512.05,0.30450166508087534,2025-07
104694,2025-07-08,Singapore,Asia,Smartwatch,Wearables,9,230.46,139.37,2074.14,1254.33,819.81,0.3952529723162371,2025-07
103914,2025-07-08,Australia,Australia & Oceania,Laptop,Electronics,12,915.94,647.64,10991.28,7771.68,3219.6000000000004,0.2929231172347534,2025-07
102172,2025-07-08,Spain,Europe,Smartwatch,Wearables,4,212.77,134.64,851.08,538.56,312.5200000000001,0.36720402312356076,2025-07
100390,2025-07-08,USA,North America,Smartwatch,Wearables,8,224.76,133.35,1798.08,1066.8,731.28,0.4067004805125467,2025-07
102812,2025-07-08,Mexico,North America,Keyboard,Accessories,8,69.62,36.67,556.96,293.36,263.6,0.47328353921286986,2025-07
102490,2025-07-08,South Korea,Asia,Keyboard,Accessories,13,77.44,37.87,1006.72,492.31,514.4100000000001,0.5109762396694215,2025-07
101358,2025-07-09,Singapore,Asia,Keyboard,Accessories,12,64.9,36.55,778.8,438.6,340.19999999999993,0.4368258859784283,2025-07
104559,2025-07-09,New Zealand,Australia & Oceania,Smartwatch,Wearables,12,246.3,139.74,2955.6,1676.88,1278.7199999999998,0.43264311814859924,2025-07
104977,2025-07-09,Netherlands,Europe,Keyboard,Accessories,15,78.26,38.58,1173.9,578.7,595.2,0.5070278558650652,2025-07
103565,2025-07-09,Singapore,Asia,Smartwatch,Wearables,14,239.15,130.64,3348.1,1828.96,1519.1399999999999,0.4537319673844867,2025-07
104407,2025-07-10,New Zealand,Australia & Oceania,Keyboard,Accessories,14,63.29,37.24,886.06,521.36,364.69999999999993,0.4115974087533575,2025-07
101847,2025-07-10,Germany,Europe,Mouse,Accessories,10,45.34,22.68,453.4,226.8,226.59999999999997,0.4997794441993824,2025-07
104135,2025-07-10,UAE,Asia,Phone,Electronics,15,702.64,413.98,10539.6,6209.7,4329.900000000001,0.41082204258226124,2025-07
101935,2025-07-10,Canada,North America,Smartwatch,Wearables,13,199.11,128.54,2588.43,1671.02,917.4099999999999,0.35442720104464864,2025-07
100756,2025-07-10,USA,North America,Laptop,Electronics,7,895.46,632.73,6268.22,4429.11,1839.1100000000006,0.29340227369173394,2025-07
100412,2025-07-10,New Zealand,Australia & Oceania,Phone,Electronics,2,700.07,428.58,1400.14,857.16,542.9800000000001,0.3878040767351837,2025-07
102328,2025-07-10,Netherlands,Europe,Phone,Electronics,6,649.69,467.92,3898.14,2807.52,1090.62,0.27977958718773566,2025-07
100296,2025-07-10,India,Asia,Smartwatch,Wearables,3,241.3,137.45,723.9,412.35,311.54999999999995,0.4303771239121425,2025-07
101054,2025-07-10,Mexico,North America,Tablet,Electronics,8,470.29,322.66,3762.32,2581.28,1181.04,0.31391269216866186,2025-07
100224,2025-07-11,South Korea,Asia,Headphones,Accessories,6,112.97,66.16,677.82,396.96,280.86000000000007,0.41435779410462964,2025-07
101454,2025-07-11,Singapore,Asia,Phone,Electronics,14,671.99,432.28,9407.86,6051.92,3355.9400000000005,0.35671661780681263,2025-07
103518,2025-07-11,Singapore,Asia,Tablet,Electronics,9,451.42,311.23,4062.78,2801.07,1261.71,0.31055336493730895,2025-07
102240,2025-07-11,Italy,Europe,Headphones,Accessories,4,120.45,70.31,481.8,281.24,200.56,0.4162723121627231,2025-07
102940,2025-07-11,Spain,Europe,Phone,Electronics,12,598.33,437.36,7179.96,5248.32,1931.6400000000003,0.26903213945481597,2025-07
100710,2025-07-11,Mexico,North America,Laptop,Electronics,15,886.98,642.18,13304.7,9632.7,3672.0,0.2759926943110329,2025-07
102341,2025-07-12,Canada,North America,Keyboard,Accessories,10,72.07,40.49,720.7,404.9,315.80000000000007,0.43818509782156245,2025-07
102092,2025-07-12,New Zealand,Australia & Oceania,Mouse,Accessories,12,41.78,22.85,501.36,274.2,227.16000000000003,0.45308760172331264,2025-07
104445,2025-07-12,India,Asia,Keyboard,Accessories,14,67.06,39.99,938.84,559.86,378.98,0.40366835669549656,2025-07
102494,2025-07-12,Japan,Asia,Keyboard,Accessories,15,74.47,37.87,1117.05,568.05,549.0,0.4914730764066067,2025-07
100442,2025-07-13,New Zealand,Australia & Oceania,Monitor,Electronics,7,321.01,217.61,2247.07,1523.27,723.8000000000002,0.3221083455344071,2025-07
104153,2025-07-13,Mexico,North America,Keyboard,Accessories,3,77.15,37.1,231.45,111.3,120.14999999999999,0.5191186001296176,2025-07
104705,2025-07-13,South Korea,Asia,Phone,Electronics,3,697.42,448.65,2092.26,1345.95,746.3100000000002,0.35670041008287695,2025-07
101251,2025-07-13,Mexico,North America,Monitor,Electronics,7,374.44,229.45,2621.08,1606.15,1014.9299999999998,0.38721824591389803,2025-07
102181,2025-07-13,Spain,Europe,Smartwatch,Wearables,15,236.19,137.66,3542.85,2064.9,1477.9499999999998,0.4171641475083619,2025-07
102444,2025-07-13,USA,North America,Laptop,Electronics,8,907.32,615.62,7258.56,4924.96,2333.6000000000004,0.3214962747431998,2025-07
100497,2025-07-14,India,Asia,Laptop,Electronics,5,827.72,614.73,4138.6,3073.65,1064.9500000000003,0.25732131638718414,2025-07
103529,2025-07-14,Australia,Australia & Oceania,Tablet,Electronics,3,488.97,333.27,1466.91,999.81,467.10000000000014,0.3184244432173754,2025-07
100306,2025-07-14,New Zealand,Australia & Oceania,Mouse,Accessories,2,48.48,23.56,96.96,47.12,49.839999999999996,0.514026402640264,2025-07
100597,2025-07-14,Canada,North America,Mouse,Accessories,10,47.78,22.06,477.8,220.6,257.20000000000005,0.5383005441607368,2025-07
103974,2025-07-14,USA,North America,Laptop,Electronics,8,946.7,657.64,7573.6,5261.12,2312.4800000000005,0.30533431921411225,2025-07
100613,2025-07-14,Canada,North America,Headphones,Accessories,13,109.67,65.79,1425.71,855.27,570.44,0.4001094191665907,2025-07
100050,2025-07-14,Spain,Europe,Phone,Electronics,13,699.82,429.03,9097.66,5577.39,3520.2699999999995,0.38694235660598436,2025-07
104800,2025-07-15,USA,North America,Headphones,Accessories,10,119.08,70.55,1190.8,705.5,485.29999999999995,0.40754114880752434,2025-07
104241,2025-07-15,Mexico,North America,Phone,Electronics,2,591.58,432.58,1183.16,865.16,318.0000000000001,0.2687717637513101,2025-07
102499,2025-07-15,Australia,Australia & Oceania,Smartwatch,Wearables,15,199.42,128.94,2991.3,1934.1,1057.2000000000003,0.3534249323036807,2025-07
104004,2025-07-15,UK,Europe,Laptop,Electronics,12,844.21,612.74,10130.52,7352.88,2777.6400000000003,0.27418533303325004,2025-07
101154,2025-07-15,Canada,North America,Phone,Electronics,5,616.05,460.44,3080.25,2302.2,778.0500000000002,0.2525931336742148,2025-07
103496,2025-07-15,Germany,Europe,Mouse,Accessories,11,48.55,24.03,534.05,264.33,269.71999999999997,0.5050463439752833,2025-07
101564,2025-07-16,France,Europe,Monitor,Electronics,4,325.83,229.39,1303.32,917.56,385.76,0.29598256759659947,2025-07
103540,2025-07-16,France,Europe,Headphones,Accessories,7,110.24,71.12,771.68,497.84,273.84,0.3548621190130624,2025-07
103022,2025-07-16,South Korea,Asia,Headphones,Accessories,14,119.59,69.9,1674.26,978.6,695.66,0.415502968475625,2025-07
103641,2025-07-16,Germany,Europe,Keyboard,Accessories,4,73.32,37.3,293.28,149.2,144.07999999999998,0.4912711402073104,2025-07
103028,2025-07-16,USA,North America,Keyboard,Accessories,11,67.87,36.37,746.57,400.07,346.50000000000006,0.4641225872992486,2025-07
104613,2025-07-16,Japan,Asia,Monitor,Electronics,7,385.47,237.04,2698.29,1659.28,1039.01,0.38506239136638387,2025-07
104640,2025-07-16,Canada,North America,Keyboard,Accessories,5,63.82,40.1,319.1,200.5,118.60000000000002,0.37167032278282675,2025-07
100015,2025-07-16,France,Europe,Tablet,Electronics,6,431.71,304.92,2590.26,1829.52,760.7400000000002,0.293692525074703,2025-07
101390,2025-07-16,India,Asia,Smartwatch,Wearables,8,201.65,129.75,1613.2,1038.0,575.2,0.356558393255641,2025-07
101175,2025-07-16,Canada,North America,Smartwatch,Wearables,7,240.23,146.01,1681.61,1022.07,659.5399999999998,0.3922074678433168,2025-07
101576,2025-07-16,Germany,Europe,Mouse,Accessories,12,47.13,23.81,565.56,285.72,279.8399999999999,0.4948016125610014,2025-07
100647,2025-07-16,Japan,Asia,Monitor,Electronics,4,382.21,239.23,1528.84,956.92,571.92,0.37408754349703044,2025-07
101757,2025-07-16,Australia,Australia & Oceania,Keyboard,Accessories,8,75.82,40.09,606.56,320.72,285.8399999999999,0.47124769190187277,2025-07
100666,2025-07-17,Germany,Europe,Tablet,Electronics,6,481.64,322.31,2889.84,1933.86,955.9800000000002,0.33080724192342836,2025-07
103166,2025-07-17,India,Asia,Mouse,Accessories,11,46.32,23.09,509.52,253.99,255.52999999999997,0.5015112262521588,2025-07
102755,2025-07-17,Australia,Australia & Oceania,Smartwatch,Wearables,15,232.81,146.51,3492.15,2197.65,1294.5,0.37068854430651604,2025-07
103516,2025-07-17,Australia,Australia & Oceania,Mouse,Accessories,10,43.33,23.97,433.3,239.7,193.60000000000002,0.44680360027694443,2025-07
102960,2025-07-17,USA,North America,Laptop,Electronics,1,854.45,619.82,854.45,619.82,234.63,0.2745976944233132,2025-07
102575,2025-07-18,Netherlands,Europe,Tablet,Electronics,9,411.91,309.06,3707.19,2781.54,925.6500000000001,0.24969046636401157,2025-07
103126,2025-07-18,Canada,North America,Smartwatch,Wearables,9,205.04,143.91,1845.36,1295.19,550.1699999999998,0.2981369488880218,2025-07
100261,2025-07-18,Mexico,North America,Mouse,Accessories,5,45.35,24.11,226.75,120.55,106.2,0.46835722160970233,2025-07
100309,2025-07-19,Canada,North America,Phone,Electronics,7,609.94,411.04,4269.58,2877.28,1392.2999999999997,0.3260976489490769,2025-07
102929,2025-07-19,Mexico,North America,Tablet,Electronics,11,430.73,305.64,4738.03,3362.04,1375.9899999999998,0.29041394841315904,2025-07
100975,2025-07-19,France,Europe,Mouse,Accessories,5,42.61,24.37,213.05,121.85,91.20000000000002,0.4280685285144333,2025-07
100863,2025-07-19,Japan,Asia,Phone,Electronics,10,695.05,410.59,6950.5,4105.9,2844.6000000000004,0.40926552046615355,2025-07
100081,2025-07-19,New Zealand,Australia & Oceania,Tablet,Electronics,3,407.12,298.02,1221.36,894.06,327.29999999999995,0.2679799567695028,2025-07
103662,2025-07-19,Japan,Asia,Phone,Electronics,7,680.44,420.72,4763.08,2945.04,1818.04,0.3816941978719652,2025-07
102737,2025-07-19,New Zealand,Australia & Oceania,Monitor,Electronics,12,361.54,228.56,4338.48,2742.72,1595.7599999999998,0.3678154561044421,2025-07
100369,2025-07-19,Germany,Europe,Laptop,Electronics,9,984.68,604.33,8862.12,5438.97,3423.1500000000005,0.38626761993744163,2025-07
100146,2025-07-19,Netherlands,Europe,Monitor,Electronics,10,349.61,226.77,3496.1,2267.7,1228.4,0.3513629472841166,2025-07
103743,2025-07-19,USA,North America,Mouse,Accessories,12,48.22,24.22,578.64,290.64,288.0,0.4977187888842804,2025-07
103954,2025-07-20,France,Europe,Phone,Electronics,3,594.28,447.07,1782.84,1341.21,441.6299999999999,0.24771151645688896,2025-07
104745,2025-07-20,Italy,Europe,Laptop,Electronics,13,851.9,625.43,11074.7,8130.59,2944.1100000000006,0.26584106115741285,2025-07
101848,2025-07-20,Netherlands,Europe,Smartwatch,Wearables,7,229.18,132.76,1604.26,929.32,674.9399999999999,0.42071734008203154,2025-07
102297,2025-07-20,Germany,Europe,Phone,Electronics,12,624.53,461.74,7494.36,5540.88,1953.4799999999996,0.2606600163322818,2025-07
100901,2025-07-20,Spain,Europe,Headphones,Accessories,13,108.77,66.68,1414.01,866.84,547.17,0.38696331709110965,2025-07
102925,2025-07-21,Singapore,Asia,Keyboard,Accessories,3,72.19,37.63,216.57,112.89,103.67999999999999,0.4787366671284111,2025-07
104465,2025-07-21,Canada,North America,Mouse,Accessories,1,41.97,22.85,41.97,22.85,19.119999999999997,0.45556349773647836,2025-07
103517,2025-07-21,Spain,Europe,Laptop,Electronics,12,868.94,634.17,10427.28,7610.04,2817.2400000000007,0.2701797592468986,2025-07
101668,2025-07-21,Australia,Australia & Oceania,Phone,Electronics,2,692.15,409.45,1384.3,818.9,565.4,0.4084374774254136,2025-07
100564,2025-07-21,Italy,Europe,Phone,Electronics,9,699.21,432.04,6292.89,3888.36,2404.53,0.38210265871483534,2025-07
101587,2025-07-21,Canada,North America,Headphones,Accessories,7,124.88,71.29,874.16,499.03,375.13,0.4291319666880205,2025-07
103237,2025-07-21,France,Europe,Mouse,Accessories,14,49.46,22.49,692.44,314.86,377.58000000000004,0.5452891225232511,2025-07
104476,2025-07-21,Japan,Asia,Headphones,Accessories,3,120.19,71.14,360.57,213.42,147.15,0.40810383559364344,2025-07
101590,2025-07-21,USA,North America,Headphones,Accessories,3,123.65,70.19,370.95,210.57,160.38,0.4323493732308937,2025-07
104955,2025-07-21,Singapore,Asia,Monitor,Electronics,14,353.45,241.05,4948.3,3374.7,1573.6000000000004,0.3180082048380252,2025-07
104680,2025-07-22,USA,North America,Smartwatch,Wearables,1,211.85,129.02,211.85,129.02,82.82999999999998,0.3909841869247108,2025-07
102041,2025-07-22,Australia,Australia & Oceania,Smartwatch,Wearables,13,230.46,142.58,2995.98,1853.54,1142.44,0.3813243079059273,2025-07
100333,2025-07-22,France,Europe,Smartwatch,Wearables,15,238.25,135.23,3573.75,2028.45,1545.3,0.43240293809024133,2025-07
100563,2025-07-22,Germany,Europe,Mouse,Accessories,7,43.71,22.15,305.97,155.05,150.92000000000002,0.4932509723175475,2025-07
100606,2025-07-22,South Korea,Asia,Phone,Electronics,10,703.61,437.62,7036.1,4376.2,2659.9000000000005,0.378036127968619,2025-07
103575,2025-07-22,New Zealand,Australia & Oceania,Keyboard,Accessories,15,77.11,37.24,1156.65,558.6,598.0500000000001,0.5170535598495656,2025-07
104113,2025-07-22,Italy,Europe,Mouse,Accessories,7,46.08,22.03,322.56,154.21,168.35,0.5219184027777778,2025-07
101585,2025-07-23,New Zealand,Australia & Oceania,Phone,Electronics,9,634.01,437.55,5706.09,3937.95,1768.1400000000003,0.30986892951215284,2025-07
102859,2025-07-23,UK,Europe,Headphones,Accessories,5,117.89,66.86,589.45,334.3,255.15000000000003,0.43286114174230217,2025-07
102324,2025-07-23,Italy,Europe,Tablet,Electronics,5,430.55,315.77,2152.75,1578.85,573.9000000000001,0.2665892463128557,2025-07
104781,2025-07-24,Netherlands,Europe,Headphones,Accessories,5,122.57,69.69,612.85,348.45,264.40000000000003,0.43142693970792206,2025-07
100608,2025-07-24,South Korea,Asia,Monitor,Electronics,4,329.39,233.45,1317.56,933.8,383.76,0.29126567291053157,2025-07
104971,2025-07-24,UAE,Asia,Keyboard,Accessories,3,71.87,40.09,215.61,120.27,95.34000000000002,0.44218728259357176,2025-07
103430,2025-07-24,India,Asia,Tablet,Electronics,4,421.51,323.63,1686.04,1294.52,391.52,0.232212758890655,2025-07
100499,2025-07-24,Australia,Australia & Oceania,Keyboard,Accessories,9,70.5,35.85,634.5,322.65,311.85,0.4914893617021277,2025-07
102817,2025-07-24,India,Asia,Laptop,Electronics,9,990.31,624.73,8912.79,5622.57,3290.220000000001,0.36915713261503985,2025-07
101015,2025-07-24,Mexico,North America,Mouse,Accessories,13,44.79,23.71,582.27,308.23,274.03999999999996,0.47064076802857774,2025-07
100792,2025-07-24,Singapore,Asia,Monitor,Electronics,7,377.65,232.08,2643.55,1624.56,1018.9900000000002,0.38546273004104337,2025-07
100817,2025-07-25,UAE,Asia,Smartwatch,Wearables,2,199.07,146.21,398.14,292.42,105.71999999999997,0.26553473652484044,2025-07
101085,2025-07-25,New Zealand,Australia & Oceania,Phone,Electronics,11,597.83,453.27,6576.13,4985.97,1590.1599999999999,0.2418078718030209,2025-07
103067,2025-07-25,Netherlands,Europe,Mouse,Accessories,7,42.31,21.59,296.17,151.13,145.04000000000002,0.4897187426140393,2025-07
101762,2025-07-25,Canada,North America,Laptop,Electronics,14,846.15,650.3,11846.1,9104.2,2741.8999999999996,0.23146014300064996,2025-07
100768,2025-07-25,Australia,Australia & Oceania,Smartwatch,Wearables,8,206.32,128.36,1650.56,1026.88,623.6799999999998,0.3778596355176424,2025-07
101112,2025-07-25,Netherlands,Europe,Smartwatch,Wearables,7,210.2,139.27,1471.4,974.89,496.5100000000001,0.33744053282588016,2025-07
102774,2025-07-26,Japan,Asia,Smartwatch,Wearables,4,206.55,131.54,826.2,526.16,300.0400000000001,0.3631566206729606,2025-07
101089,2025-07-26,New Zealand,Australia & Oceania,Smartwatch,Wearables,14,224.9,128.89,3148.6,1804.46,1344.1399999999999,0.4269008448199199,2025-07
100195,2025-07-26,UAE,Asia,Keyboard,Accessories,11,64.99,39.43,714.89,433.73,281.15999999999997,0.3932912755808586,2025-07
103032,2025-07-26,UAE,Asia,Mouse,Accessories,15,46.77,23.31,701.55,349.65,351.9,0.5016035920461834,2025-07
102227,2025-07-26,France,Europe,Laptop,Electronics,14,965.29,641.98,13514.06,8987.72,4526.34,0.33493561520372117,2025-07
104822,2025-07-26,Germany,Europe,Keyboard,Accessories,5,72.21,39.83,361.05,199.15,161.9,0.4484143470433458,2025-07
102965,2025-07-26,Australia,Australia & Oceania,Mouse,Accessories,7,42.85,22.93,299.95,160.51,139.44,0.46487747957993,2025-07
102536,2025-07-26,Canada,North America,Keyboard,Accessories,10,64.69,39.23,646.9,392.3,254.59999999999997,0.3935693306538877,2025-07
102816,2025-07-26,USA,North America,Keyboard,Accessories,5,76.61,36.15,383.05,180.75,202.3,0.5281294870121395,2025-07
102796,2025-07-26,Singapore,Asia,Keyboard,Accessories,7,69.4,38.14,485.8,266.98,218.82,0.4504322766570605,2025-07
100936,2025-07-26,Italy,Europe,Mouse,Accessories,4,43.69,23.21,174.76,92.84,81.91999999999999,0.468757152666514,2025-07
103219,2025-07-26,USA,North America,Headphones,Accessories,2,128.13,71.52,256.26,143.04,113.22,0.4418169047061578,2025-07
102918,2025-07-26,Mexico,North America,Headphones,Accessories,11,114.47,68.76,1259.17,756.36,502.81000000000006,0.3993185987595003,2025-07
104204,2025-07-27,New Zealand,Australia & Oceania,Monitor,Electronics,3,382.76,222.18,1148.28,666.54,481.74,0.41953182150694956,2025-07
102701,2025-07-27,India,Asia,Smartwatch,Wearables,4,201.66,129.27,806.64,517.08,289.55999999999995,0.35897054448080923,2025-07
102671,2025-07-27,Canada,North America,Headphones,Accessories,6,115.45,71.1,692.7,426.6,266.1,0.38414898224339544,2025-07
104433,2025-07-27,Singapore,Asia,Laptop,Electronics,15,902.31,668.5,13534.65,10027.5,3507.1499999999996,0.2591238044574481,2025-07
102105,2025-07-27,Mexico,North America,Tablet,Electronics,9,459.71,318.27,4137.39,2864.43,1272.9600000000005,0.3076722281438299,2025-07
104242,2025-07-27,Singapore,Asia,Keyboard,Accessories,2,78.2,40.2,156.4,80.4,76.0,0.4859335038363171,2025-07
104961,2025-07-27,Singapore,Asia,Headphones,Accessories,14,129.39,64.67,1811.46,905.38,906.08,0.5001932143133163,2025-07
101144,2025-07-27,India,Asia,Laptop,Electronics,1,972.83,649.14,972.83,649.14,323.69000000000005,0.3327302817552913,2025-07
101972,2025-07-27,Canada,North America,Headphones,Accessories,10,127.43,69.74,1274.3,697.4,576.9,0.45271913991995605,2025-07
104895,2025-07-27,Japan,Asia,Keyboard,Accessories,14,63.15,36.32,884.1,508.48,375.62,0.42486144101346,2025-07
100800,2025-07-28,Australia,Australia & Oceania,Laptop,Electronics,3,904.21,662.88,2712.63,1988.64,723.99,0.266895964433041,2025-07
100900,2025-07-28,UK,Europe,Phone,Electronics,4,660.73,454.76,2642.92,1819.04,823.8800000000001,0.3117309642365263,2025-07
102020,2025-07-28,Canada,North America,Phone,Electronics,1,661.5,457.32,661.5,457.32,204.18,0.3086621315192744,2025-07
100400,2025-07-28,Mexico,North America,Headphones,Accessories,13,121.62,64.17,1581.06,834.21,746.8499999999999,0.47237296497286624,2025-07
100590,2025-07-28,Netherlands,Europe,Laptop,Electronics,6,947.53,648.52,5685.18,3891.12,1794.0600000000004,0.3155678448175784,2025-07
102578,2025-07-28,Canada,North America,Phone,Electronics,15,619.81,425.54,9297.15,6383.1,2914.0499999999993,0.3134347622658556,2025-07
102597,2025-07-28,Spain,Europe,Laptop,Electronics,13,818.86,601.47,10645.18,7819.11,2826.0700000000006,0.265478836431136,2025-07
102880,2025-07-28,France,Europe,Laptop,Electronics,12,982.89,646.23,11794.68,7754.76,4039.92,0.3425205262033391,2025-07
103968,2025-07-28,Germany,Europe,Keyboard,Accessories,12,70.32,40.09,843.84,481.08,362.76000000000005,0.42989192263936293,2025-07
104704,2025-07-28,Singapore,Asia,Monitor,Electronics,13,357.38,231.87,4645.94,3014.31,1631.6299999999997,0.3511948066483854,2025-07
103926,2025-07-28,Italy,Europe,Laptop,Electronics,14,992.86,644.4,13900.04,9021.6,4878.4400000000005,0.3509658965010173,2025-07
104349,2025-07-28,USA,North America,Tablet,Electronics,15,450.86,316.64,6762.9,4749.6,2013.2999999999993,0.29769773322095544,2025-07
102663,2025-07-29,Germany,Europe,Mouse,Accessories,1,50.28,22.23,50.28,22.23,28.05,0.5578758949880668,2025-07
103845,2025-07-29,Spain,Europe,Phone,Electronics,8,601.39,453.95,4811.12,3631.6,1179.52,0.24516536690001497,2025-07
104824,2025-07-29,UAE,Asia,Headphones,Accessories,14,110.75,70.18,1550.5,982.52,567.98,0.3663205417607224,2025-07
101044,2025-07-29,Canada,North America,Mouse,Accessories,14,46.11,24.43,645.54,342.02,303.52,0.47018000433745394,2025-07
104918,2025-07-29,UAE,Asia,Smartwatch,Wearables,3,226.91,135.72,680.73,407.16,273.57,0.40187739632453395,2025-07
101189,2025-07-29,Germany,Europe,Keyboard,Accessories,15,73.13,37.63,1096.95,564.45,532.5,0.4854368932038835,2025-07
102750,2025-07-29,Canada,North America,Smartwatch,Wearables,6,200.5,132.32,1203.0,793.92,409.08000000000004,0.3400498753117207,2025-07
103509,2025-07-29,Canada,North America,Laptop,Electronics,1,832.94,599.56,832.94,599.56,233.3800000000001,0.28018824885345894,2025-07
104658,2025-07-30,India,Asia,Monitor,Electronics,9,377.51,242.03,3397.59,2178.27,1219.3200000000002,0.3588779105189267,2025-07
102826,2025-07-30,Mexico,North America,Laptop,Electronics,9,847.01,632.84,7623.09,5695.56,1927.5299999999997,0.25285415756602636,2025-07
104606,2025-07-30,Australia,Australia & Oceania,Phone,Electronics,10,657.37,414.21,6573.7,4142.1,2431.5999999999995,0.36989823082890905,2025-07
103638,2025-07-30,UK,Europe,Phone,Electronics,5,670.29,416.49,3351.45,2082.45,1269.0,0.3786420802936043,2025-07
104919,2025-07-30,USA,North America,Keyboard,Accessories,3,73.57,39.68,220.71,119.04,101.67,0.4606497213538127,2025-07
104900,2025-07-30,New Zealand,Australia & Oceania,Headphones,Accessories,12,109.46,69.07,1313.52,828.84,484.67999999999995,0.3689932395395578,2025-07
102500,2025-07-30,Singapore,Asia,Tablet,Electronics,4,501.48,298.25,2005.92,1193.0,812.9200000000001,0.4052604291297759,2025-07
101428,2025-07-30,New Zealand,Australia & Oceania,Mouse,Accessories,3,46.06,22.31,138.18,66.93,71.25,0.515631784628745,2025-07
101462,2025-07-30,USA,North America,Headphones,Accessories,2,119.4,71.23,238.8,142.46,96.34,0.40343383584589615,2025-07
100110,2025-07-30,Germany,Europe,Keyboard,Accessories,5,70.53,39.59,352.65,197.95,154.7,0.43867857649227276,2025-07
102544,2025-07-31,USA,North America,Keyboard,Accessories,12,71.73,40.58,860.76,486.96,373.8,0.43426739160741673,2025-07
102080,2025-07-31,Mexico,North America,Phone,Electronics,2,600.84,434.62,1201.68,869.24,332.44000000000005,0.2766460288928833,2025-07
103442,2025-07-31,India,Asia,Mouse,Accessories,14,49.12,24.58,687.68,344.12,343.55999999999995,0.49959283387622144,2025-07
103087,2025-07-31,UAE,Asia,Phone,Electronics,14,700.15,410.14,9802.1,5741.96,4060.1400000000003,0.41421124044847535,2025-07
100178,2025-07-31,UAE,Asia,Mouse,Accessories,3,48.85,23.55,146.55,70.65,75.9,0.5179119754350051,2025-07
102898,2025-07-31,Netherlands,Europe,Headphones,Accessories,1,119.36,64.95,119.36,64.95,54.41,0.455847855227882,2025-07
102939,2025-07-31,New Zealand,Australia & Oceania,Monitor,Electronics,15,368.33,232.76,5524.95,3491.4,2033.5499999999997,0.36806667933646453,2025-07
102934,2025-07-31,South Korea,Asia,Mouse,Accessories,3,47.26,22.55,141.78,67.65,74.13,0.522852306390182,2025-07
103661,2025-07-31,UAE,Asia,Smartwatch,Wearables,5,245.0,145.67,1225.0,728.35,496.65,0.4054285714285714,2025-07
103305,2025-07-31,Spain,Europe,Monitor,Electronics,4,320.44,222.96,1281.76,891.84,389.91999999999996,0.304206715765822,2025-07
103095,2025-08-01,France,Europe,Phone,Electronics,9,695.7,454.43,6261.3,4089.87,2171.4300000000003,0.34680178237746156,2025-08
103118,2025-08-01,Italy,Europe,Monitor,Electronics,13,347.58,243.54,4518.54,3166.02,1352.52,0.29932677369238736,2025-08
100978,2025-08-01,Germany,Europe,Smartwatch,Wearables,12,198.66,140.04,2383.92,1680.48,703.44,0.29507701600724856,2025-08
100875,2025-08-01,France,Europe,Headphones,Accessories,1,108.94,71.19,108.94,71.19,37.75,0.34652102074536445,2025-08
101792,2025-08-01,Canada,North America,Keyboard,Accessories,4,76.87,39.24,307.48,156.96,150.52,0.48952777416417326,2025-08
102125,2025-08-01,New Zealand,Australia & Oceania,Laptop,Electronics,11,831.48,681.77,9146.28,7499.47,1646.8100000000004,0.18005243661904077,2025-08
101871,2025-08-01,USA,North America,Phone,Electronics,15,678.83,441.09,10182.45,6616.35,3566.1000000000004,0.35022023186954027,2025-08
101606,2025-08-01,Japan,Asia,Phone,Electronics,14,694.46,464.37,9722.44,6501.18,3221.26,0.3313221783832042,2025-08
100574,2025-08-01,Canada,North America,Smartwatch,Wearables,11,213.78,129.44,2351.58,1423.84,927.74,0.3945177285059407,2025-08
103721,2025-08-01,UAE,Asia,Headphones,Accessories,9,111.6,71.52,1004.4,643.68,360.72,0.3591397849462366,2025-08
103015,2025-08-01,Canada,North America,Keyboard,Accessories,2,64.72,40.07,129.44,80.14,49.3,0.3808714462299135,2025-08
102964,2025-08-01,Australia,Australia & Oceania,Mouse,Accessories,1,47.72,23.92,47.72,23.92,23.799999999999997,0.498742665549036,2025-08
102731,2025-08-01,USA,North America,Headphones,Accessories,14,122.65,66.0,1717.1,924.0,793.0999999999999,0.4618834080717488,2025-08
100862,2025-08-02,Singapore,Asia,Mouse,Accessories,8,50.29,24.67,402.32,197.36,204.95999999999998,0.5094452177371246,2025-08
102426,2025-08-02,New Zealand,Australia & Oceania,Laptop,Electronics,10,817.75,653.23,8177.5,6532.3,1645.1999999999998,0.20118618159584223,2025-08
104661,2025-08-02,UAE,Asia,Mouse,Accessories,10,44.85,24.6,448.5,246.0,202.5,0.451505016722408,2025-08
100803,2025-08-02,South Korea,Asia,Phone,Electronics,2,611.49,416.58,1222.98,833.16,389.82000000000005,0.3187460138350587,2025-08
100136,2025-08-02,India,Asia,Smartwatch,Wearables,14,222.82,144.02,3119.48,2016.28,1103.2,0.35364868503724983,2025-08
103468,2025-08-02,Mexico,North America,Smartwatch,Wearables,9,231.72,146.33,2085.48,1316.97,768.51,0.3685050923528396,2025-08
103283,2025-08-02,New Zealand,Australia & Oceania,Laptop,Electronics,2,931.4,645.06,1862.8,1290.12,572.6800000000001,0.3074296757569251,2025-08
100433,2025-08-02,USA,North America,Mouse,Accessories,15,48.06,24.49,720.9,367.35,353.54999999999995,0.49042863087806904,2025-08
102205,2025-08-02,Mexico,North America,Smartwatch,Wearables,14,224.6,144.99,3144.4,2029.86,1114.5400000000002,0.3544523597506679,2025-08
102165,2025-08-02,India,Asia,Mouse,Accessories,3,41.05,22.76,123.15,68.28,54.870000000000005,0.44555420219244823,2025-08
102662,2025-08-02,New Zealand,Australia & Oceania,Mouse,Accessories,12,45.21,23.03,542.52,276.36,266.15999999999997,0.49059942490599423,2025-08
102733,2025-08-02,Italy,Europe,Headphones,Accessories,15,132.61,64.14,1989.15,962.1,1027.0500000000002,0.5163260689239123,2025-08
100065,2025-08-03,France,Europe,Headphones,Accessories,3,130.45,68.97,391.35,206.91,184.44000000000003,0.4712916826370257,2025-08
100905,2025-08-03,Japan,Asia,Smartwatch,Wearables,2,219.19,134.15,438.38,268.3,170.07999999999998,0.38797390391897435,2025-08
100150,2025-08-03,Spain,Europe,Keyboard,Accessories,3,72.1,39.66,216.3,118.98,97.32000000000001,0.44993065187239945,2025-08
103841,2025-08-03,India,Asia,Keyboard,Accessories,10,73.15,35.54,731.5,355.4,376.1,0.514149008885851,2025-08
101930,2025-08-03,Netherlands,Europe,Phone,Electronics,4,648.68,444.34,2594.72,1777.36,817.3599999999999,0.315008941234507,2025-08
104033,2025-08-03,UK,Europe,Keyboard,Accessories,15,76.09,39.2,1141.35,588.0,553.3499999999999,0.4848206071757129,2025-08
102209,2025-08-03,Spain,Europe,Tablet,Electronics,11,489.63,312.57,5385.93,3438.27,1947.6600000000003,0.36161999877458495,2025-08
102997,2025-08-03,France,Europe,Smartwatch,Wearables,9,232.56,130.04,2093.04,1170.36,922.6800000000001,0.4408324733402133,2025-08
102224,2025-08-03,Italy,Europe,Phone,Electronics,12,641.23,467.58,7694.76,5610.96,2083.8,0.27080766651591476,2025-08
102804,2025-08-03,Australia,Australia & Oceania,Phone,Electronics,5,637.71,465.29,3188.55,2326.45,862.1000000000004,0.27037368082670815,2025-08
102390,2025-08-04,Mexico,North America,Keyboard,Accessories,1,67.26,36.74,67.26,36.74,30.520000000000003,0.4537615224501933,2025-08
102346,2025-08-04,Canada,North America,Mouse,Accessories,5,42.25,22.38,211.25,111.9,99.35,0.47029585798816564,2025-08
101686,2025-08-04,New Zealand,Australia & Oceania,Mouse,Accessories,1,50.19,21.7,50.19,21.7,28.49,0.5676429567642957,2025-08
104427,2025-08-04,France,Europe,Phone,Electronics,1,658.95,410.75,658.95,410.75,248.20000000000005,0.37665983762045685,2025-08
100421,2025-08-04,Canada,North America,Headphones,Accessories,2,112.88,67.48,225.76,134.96,90.79999999999998,0.4021970233876683,2025-08
100937,2025-08-04,Netherlands,Europe,Monitor,Electronics,15,347.68,234.82,5215.2,3522.3,1692.8999999999996,0.3246088357109986,2025-08
103507,2025-08-04,Australia,Australia & Oceania,Headphones,Accessories,10,129.04,70.91,1290.4,709.1,581.3000000000001,0.45048047117172973,2025-08
102206,2025-08-04,Australia,Australia & Oceania,Keyboard,Accessories,12,64.2,38.39,770.4,460.68,309.71999999999997,0.40202492211838003,2025-08
100820,2025-08-04,UAE,Asia,Keyboard,Accessories,6,78.2,36.63,469.2,219.78,249.42,0.5315856777493606,2025-08
102989,2025-08-04,Mexico,North America,Headphones,Accessories,2,116.35,73.31,232.7,146.62,86.07999999999998,0.3699183498066179,2025-08
101961,2025-08-04,Germany,Europe,Smartwatch,Wearables,13,228.9,129.81,2975.7,1687.53,1288.1699999999998,0.4328964613368283,2025-08
101108,2025-08-04,USA,North America,Monitor,Electronics,6,367.14,216.42,2202.84,1298.52,904.3200000000002,0.4105245955221442,2025-08
101941,2025-08-04,Spain,Europe,Tablet,Electronics,7,438.74,319.64,3071.18,2237.48,833.6999999999998,0.2714591785567762,2025-08
101032,2025-08-04,Singapore,Asia,Tablet,Electronics,8,465.54,311.04,3724.32,2488.32,1236.0,0.3318726640030932,2025-08
101958,2025-08-04,South Korea,Asia,Phone,Electronics,1,637.75,428.89,637.75,428.89,208.86,0.32749509996079973,2025-08
102890,2025-08-05,Canada,North America,Laptop,Electronics,12,891.78,671.72,10701.36,8060.64,2640.7200000000003,0.24676489717194824,2025-08
101153,2025-08-05,Canada,North America,Laptop,Electronics,1,945.54,674.45,945.54,674.45,271.0899999999999,0.28670389407111274,2025-08
103585,2025-08-05,South Korea,Asia,Keyboard,Accessories,4,77.79,38.18,311.16,152.72,158.44000000000003,0.5091914127779921,2025-08
100699,2025-08-05,Germany,Europe,Monitor,Electronics,12,377.52,217.17,4530.24,2606.04,1924.1999999999998,0.4247457088366179,2025-08
101216,2025-08-05,Netherlands,Europe,Keyboard,Accessories,14,72.45,38.33,1014.3,536.62,477.67999999999995,0.4709454796411318,2025-08
100358,2025-08-05,South Korea,Asia,Headphones,Accessories,6,116.07,64.6,696.42,387.6,308.81999999999994,0.44343930386835523,2025-08
103018,2025-08-05,UAE,Asia,Mouse,Accessories,4,48.77,22.18,195.08,88.72,106.36000000000001,0.5452122206274349,2025-08
102930,2025-08-05,South Korea,Asia,Smartwatch,Wearables,7,212.55,133.83,1487.85,936.81,551.04,0.3703599153140438,2025-08
100539,2025-08-05,UAE,Asia,Mouse,Accessories,5,41.23,23.2,206.15,116.0,90.15,0.4373029347562455,2025-08
100008,2025-08-05,Australia,Australia & Oceania,Phone,Electronics,11,691.9,462.38,7610.9,5086.18,2524.7199999999993,0.3317242376065905,2025-08
104827,2025-08-06,Canada,North America,Smartwatch,Wearables,1,222.24,140.91,222.24,140.91,81.33000000000001,0.3659557235421167,2025-08
101312,2025-08-06,New Zealand,Australia & Oceania,Keyboard,Accessories,7,69.88,39.6,489.16,277.2,211.96000000000004,0.43331425300515175,2025-08
101534,2025-08-06,Italy,Europe,Smartwatch,Wearables,1,240.05,144.87,240.05,144.87,95.18,0.3965007290147886,2025-08
103797,2025-08-06,Japan,Asia,Headphones,Accessories,11,122.45,71.76,1346.95,789.36,557.59,0.4139648836259698,2025-08
103573,2025-08-06,USA,North America,Monitor,Electronics,4,343.8,230.39,1375.2,921.56,453.6400000000001,0.32987201861547416,2025-08
102305,2025-08-06,Australia,Australia & Oceania,Phone,Electronics,8,618.56,457.05,4948.48,3656.4,1292.0799999999995,0.26110644076564915,2025-08
104767,2025-08-07,New Zealand,Australia & Oceania,Monitor,Electronics,2,346.91,217.65,693.82,435.3,258.52000000000004,0.3726038453777637,2025-08
103539,2025-08-07,Mexico,North America,Smartwatch,Wearables,3,232.79,135.84,698.37,407.52,290.85,0.4164697796297092,2025-08
103794,2025-08-07,USA,North America,Laptop,Electronics,5,929.11,614.65,4645.55,3073.25,1572.3000000000002,0.3384529280709496,2025-08
102957,2025-08-07,USA,North America,Monitor,Electronics,13,379.51,237.39,4933.63,3086.07,1847.56,0.37448288582646044,2025-08
101147,2025-08-07,Canada,North America,Headphones,Accessories,12,122.32,68.73,1467.84,824.76,643.0799999999999,0.43811314584695876,2025-08
104865,2025-08-07,Netherlands,Europe,Smartwatch,Wearables,15,238.65,139.39,3579.75,2090.85,1488.9,0.4159228996438299,2025-08
102394,2025-08-07,Spain,Europe,Headphones,Accessories,2,109.08,66.2,218.16,132.4,85.75999999999999,0.39310597726439306,2025-08
102179,2025-08-07,Mexico,North America,Keyboard,Accessories,6,74.7,38.35,448.2,230.1,218.1,0.4866131191432396,2025-08
100345,2025-08-07,India,Asia,Keyboard,Accessories,10,65.25,39.12,652.5,391.2,261.3,0.40045977011494255,2025-08
102053,2025-08-07,Germany,Europe,Phone,Electronics,4,713.24,448.94,2852.96,1795.76,1057.2,0.37056250350513154,2025-08
101125,2025-08-07,Mexico,North America,Smartwatch,Wearables,13,203.8,140.17,2649.4,1822.21,827.19,0.3122178606476938,2025-08
100843,2025-08-08,Netherlands,Europe,Headphones,Accessories,4,119.18,69.72,476.72,278.88,197.84000000000003,0.41500251720087267,2025-08
102011,2025-08-08,Netherlands,Europe,Monitor,Electronics,5,321.66,229.2,1608.3,1146.0,462.29999999999995,0.2874463719455325,2025-08
101684,2025-08-08,Canada,North America,Monitor,Electronics,1,331.49,239.0,331.49,239.0,92.49000000000001,0.2790129415668648,2025-08
104416,2025-08-08,UAE,Asia,Keyboard,Accessories,13,63.85,39.89,830.05,518.57,311.4799999999999,0.37525450274079863,2025-08
102987,2025-08-08,Italy,Europe,Monitor,Electronics,6,327.76,241.33,1966.56,1447.98,518.5799999999999,0.2636990480839638,2025-08
103216,2025-08-08,Spain,Europe,Phone,Electronics,11,629.93,440.35,6929.23,4843.85,2085.379999999999,0.30095407426221954,2025-08
101810,2025-08-08,Italy,Europe,Headphones,Accessories,4,112.52,67.53,450.08,270.12,179.95999999999998,0.39984002843938854,2025-08
101583,2025-08-08,UAE,Asia,Monitor,Electronics,10,325.41,217.94,3254.1,2179.4,1074.6999999999998,0.33026028702252536,2025-08
102686,2025-08-08,Spain,Europe,Tablet,Electronics,8,460.38,303.49,3683.04,2427.92,1255.12,0.340783700421391,2025-08
103836,2025-08-08,UK,Europe,Headphones,Accessories,9,127.33,67.7,1145.97,609.3,536.6700000000001,0.46831068876148596,2025-08
103645,2025-08-09,Canada,North America,Tablet,Electronics,15,419.58,309.88,6293.7,4648.2,1645.5,0.2614519281185948,2025-08
100885,2025-08-09,Canada,North America,Laptop,Electronics,2,870.21,636.93,1740.42,1273.86,466.5600000000002,0.2680732237046231,2025-08
102044,2025-08-09,Spain,Europe,Mouse,Accessories,14,40.72,24.5,570.08,343.0,227.08000000000004,0.3983300589390963,2025-08
101518,2025-08-09,New Zealand,Australia & Oceania,Keyboard,Accessories,12,64.29,37.18,771.48,446.16,325.32,0.42168299891118366,2025-08
100225,2025-08-09,Italy,Europe,Mouse,Accessories,7,42.6,23.18,298.2,162.26,135.94,0.45586854460093895,2025-08
104603,2025-08-09,Australia,Australia & Oceania,Phone,Electronics,8,629.81,455.62,5038.48,3644.96,1393.5199999999995,0.2765754751432971,2025-08
103821,2025-08-09,UAE,Asia,Tablet,Electronics,5,484.62,314.72,2423.1,1573.6,849.5,0.3505839626924188,2025-08
101124,2025-08-09,Mexico,North America,Mouse,Accessories,15,46.99,23.78,704.85,356.7,348.15000000000003,0.49393487976165146,2025-08
100453,2025-08-09,India,Asia,Headphones,Accessories,1,118.61,71.97,118.61,71.97,46.64,0.3932214821684512,2025-08
100604,2025-08-09,UK,Europe,Monitor,Electronics,10,377.91,247.96,3779.1,2479.6,1299.5,0.3438649413881612,2025-08
102213,2025-08-09,Netherlands,Europe,Monitor,Electronics,15,373.35,229.03,5600.25,3435.45,2164.8,0.38655417168876394,2025-08
101201,2025-08-09,USA,North America,Monitor,Electronics,5,353.96,229.75,1769.8,1148.75,621.05,0.350915357667533,2025-08
103478,2025-08-09,India,Asia,Monitor,Electronics,12,388.47,235.1,4661.64,2821.2,1840.4400000000005,0.39480526166756774,2025-08
102853,2025-08-09,Spain,Europe,Mouse,Accessories,9,46.28,22.86,416.52,205.74,210.77999999999997,0.5060501296456352,2025-08
101061,2025-08-10,Australia,Australia & Oceania,Headphones,Accessories,11,111.94,72.72,1231.34,799.92,431.41999999999996,0.35036626764338036,2025-08
101593,2025-08-10,Italy,Europe,Tablet,Electronics,11,460.35,316.14,5063.85,3477.54,1586.3100000000004,0.31326164874551976,2025-08
100051,2025-08-10,New Zealand,Australia & Oceania,Tablet,Electronics,12,444.56,333.64,5334.72,4003.68,1331.0400000000004,0.24950512866654675,2025-08
104912,2025-08-11,South Korea,Asia,Mouse,Accessories,11,42.65,24.33,469.15,267.63,201.51999999999998,0.42954279015240326,2025-08
100206,2025-08-11,Netherlands,Europe,Laptop,Electronics,2,891.77,670.99,1783.54,1341.98,441.55999999999995,0.24757504737768704,2025-08
103482,2025-08-11,UAE,Asia,Smartwatch,Wearables,11,212.36,145.27,2335.96,1597.97,737.99,0.31592578640045205,2025-08
100318,2025-08-11,France,Europe,Monitor,Electronics,15,389.98,230.31,5849.7,3454.65,2395.0499999999997,0.4094312528847633,2025-08
103083,2025-08-11,UK,Europe,Headphones,Accessories,2,115.15,70.35,230.3,140.7,89.60000000000002,0.3890577507598785,2025-08
100063,2025-08-11,USA,North America,Phone,Electronics,4,650.19,453.52,2600.76,1814.08,786.6800000000003,0.30248081330072757,2025-08
104877,2025-08-11,USA,North America,Monitor,Electronics,6,331.79,233.7,1990.74,1402.2,588.54,0.2956388076795563,2025-08
104605,2025-08-11,Canada,North America,Tablet,Electronics,7,420.79,305.64,2945.53,2139.48,806.0500000000002,0.2736519403978232,2025-08
103453,2025-08-11,Canada,North America,Mouse,Accessories,6,42.5,23.76,255.0,142.56,112.44,0.4409411764705882,2025-08
104523,2025-08-11,New Zealand,Australia & Oceania,Headphones,Accessories,7,128.37,70.49,898.59,493.43,405.16,0.4508841629664252,2025-08
101347,2025-08-11,India,Asia,Mouse,Accessories,15,47.73,22.32,715.95,334.8,381.15000000000003,0.5323695788812068,2025-08
101486,2025-08-11,UAE,Asia,Headphones,Accessories,11,132.8,69.63,1460.8,765.93,694.87,0.4756777108433735,2025-08
100461,2025-08-12,Spain,Europe,Monitor,Electronics,15,370.65,221.33,5559.75,3319.95,2239.8,0.4028598408201808,2025-08
103129,2025-08-12,New Zealand,Australia & Oceania,Tablet,Electronics,15,414.5,294.45,6217.5,4416.75,1800.75,0.2896260554885404,2025-08
104180,2025-08-12,Germany,Europe,Monitor,Electronics,13,360.52,229.77,4686.76,2987.01,1699.75,0.36267058692999,2025-08
101637,2025-08-12,Singapore,Asia,Tablet,Electronics,10,502.18,297.47,5021.8,2974.7,2047.1000000000004,0.40764267792425035,2025-08
104073,2025-08-12,South Korea,Asia,Tablet,Electronics,15,410.63,320.61,6159.45,4809.15,1350.3000000000002,0.21922411903660233,2025-08
100538,2025-08-12,Netherlands,Europe,Headphones,Accessories,4,124.55,65.79,498.2,263.16,235.03999999999996,0.4717784022480931,2025-08
101068,2025-08-13,Netherlands,Europe,Laptop,Electronics,5,915.41,672.93,4577.05,3364.65,1212.4,0.26488677204749783,2025-08
104582,2025-08-13,France,Europe,Tablet,Electronics,11,443.39,305.62,4877.29,3361.82,1515.4699999999998,0.31071968244660453,2025-08
100503,2025-08-13,UK,Europe,Phone,Electronics,12,670.29,448.86,8043.48,5386.32,2657.16,0.33034955019469187,2025-08
100123,2025-08-13,France,Europe,Laptop,Electronics,3,818.01,615.4,2454.03,1846.2,607.8300000000002,0.24768645860075064,2025-08
101445,2025-08-13,Australia,Australia & Oceania,Tablet,Electronics,8,434.76,310.24,3478.08,2481.92,996.1599999999999,0.28641089336645503,2025-08
102531,2025-08-13,Mexico,North America,Laptop,Electronics,8,918.51,613.49,7348.08,4907.92,2440.16,0.33208130559275345,2025-08
104337,2025-08-13,India,Asia,Monitor,Electronics,1,315.74,244.25,315.74,244.25,71.49000000000001,0.22642047254069805,2025-08
102134,2025-08-13,UAE,Asia,Headphones,Accessories,5,130.03,72.49,650.15,362.45,287.7,0.44251326616934555,2025-08
101840,2025-08-13,Netherlands,Europe,Phone,Electronics,10,687.94,460.68,6879.4,4606.8,2272.5999999999995,0.330348576910777,2025-08
100174,2025-08-13,France,Europe,Headphones,Accessories,2,119.96,70.69,239.92,141.38,98.53999999999999,0.41072024008002667,2025-08
100458,2025-08-13,South Korea,Asia,Monitor,Electronics,13,386.88,237.07,5029.44,3081.91,1947.5299999999997,0.38722601323407774,2025-08
102200,2025-08-13,Singapore,Asia,Keyboard,Accessories,13,66.25,39.5,861.25,513.5,347.75,0.4037735849056604,2025-08
101669,2025-08-13,Netherlands,Europe,Laptop,Electronics,4,870.42,609.73,3481.68,2438.92,1042.7599999999998,0.2994990923921784,2025-08
101945,2025-08-13,Canada,North America,Keyboard,Accessories,4,68.53,40.39,274.12,161.56,112.56,0.41062308478038817,2025-08
101578,2025-08-14,Canada,North America,Smartwatch,Wearables,9,216.57,132.19,1949.13,1189.71,759.4200000000001,0.389619984300688,2025-08
102740,2025-08-14,UK,Europe,Laptop,Electronics,4,917.43,641.42,3669.72,2565.68,1104.04,0.30085129110667846,2025-08
103708,2025-08-14,Germany,Europe,Tablet,Electronics,14,466.58,295.88,6532.12,4142.32,2389.8,0.3658536585365854,2025-08
102076,2025-08-14,New Zealand,Australia & Oceania,Smartwatch,Wearables,10,243.61,143.5,2436.1,1435.0,1001.0999999999999,0.41094372152210495,2025-08
100126,2025-08-14,Singapore,Asia,Monitor,Electronics,2,328.97,245.78,657.94,491.56,166.38000000000005,0.2528802018421133,2025-08
104142,2025-08-14,Italy,Europe,Keyboard,Accessories,14,64.21,40.67,898.94,569.38,329.56000000000006,0.3666095623734621,2025-08
103456,2025-08-14,Netherlands,Europe,Phone,Electronics,11,671.93,411.29,7391.23,4524.19,2867.04,0.38789754885181493,2025-08
102190,2025-08-14,Canada,North America,Keyboard,Accessories,13,67.39,39.15,876.07,508.95,367.12000000000006,0.4190532719988129,2025-08
100682,2025-08-15,UK,Europe,Laptop,Electronics,13,900.87,669.86,11711.31,8708.18,3003.129999999999,0.2564298955454172,2025-08
100745,2025-08-15,France,Europe,Headphones,Accessories,14,134.28,70.0,1879.92,980.0,899.9200000000001,0.4787012213285672,2025-08
100737,2025-08-15,Japan,Asia,Headphones,Accessories,13,131.45,64.2,1708.85,834.6,874.2499999999999,0.5116013693419551,2025-08
100067,2025-08-15,UK,Europe,Tablet,Electronics,3,407.95,304.34,1223.85,913.02,310.8299999999999,0.25397720308861377,2025-08
100572,2025-08-15,Canada,North America,Tablet,Electronics,15,463.7,331.13,6955.5,4966.95,1988.5500000000002,0.2858960534828553,2025-08
101706,2025-08-15,Spain,Europe,Monitor,Electronics,15,384.93,222.99,5773.95,3344.85,2429.1,0.4206998675083781,2025-08
102883,2025-08-15,UK,Europe,Laptop,Electronics,2,943.11,596.56,1886.22,1193.12,693.1000000000001,0.3674544856909587,2025-08
101766,2025-08-15,India,Asia,Monitor,Electronics,1,315.04,229.03,315.04,229.03,86.01000000000002,0.27301295073641446,2025-08
104082,2025-08-15,UK,Europe,Mouse,Accessories,9,46.96,22.6,422.64,203.4,219.23999999999998,0.5187393526405452,2025-08
101663,2025-08-16,New Zealand,Australia & Oceania,Laptop,Electronics,2,848.8,669.38,1697.6,1338.76,358.8399999999999,0.21138077285579637,2025-08
102217,2025-08-16,USA,North America,Headphones,Accessories,1,109.87,67.36,109.87,67.36,42.510000000000005,0.3869118048602895,2025-08
100773,2025-08-16,Germany,Europe,Mouse,Accessories,7,45.34,23.36,317.38,163.52,153.85999999999999,0.4847816497573886,2025-08
104175,2025-08-16,New Zealand,Australia & Oceania,Smartwatch,Wearables,6,211.59,142.62,1269.54,855.72,413.81999999999994,0.3259605841485892,2025-08
103281,2025-08-16,Japan,Asia,Keyboard,Accessories,2,72.06,38.43,144.12,76.86,67.26,0.4666944213155704,2025-08
100026,2025-08-16,USA,North America,Smartwatch,Wearables,1,242.3,128.37,242.3,128.37,113.93,0.47020222864217914,2025-08
100912,2025-08-16,UK,Europe,Smartwatch,Wearables,11,233.53,133.03,2568.83,1463.33,1105.5,0.4303515608273027,2025-08
101517,2025-08-16,USA,North America,Laptop,Electronics,15,974.75,625.18,14621.25,9377.7,5243.549999999999,0.3586252885355219,2025-08
104803,2025-08-16,New Zealand,Australia & Oceania,Keyboard,Accessories,15,74.2,36.25,1113.0,543.75,569.25,0.511455525606469,2025-08
102797,2025-08-17,Germany,Europe,Mouse,Accessories,2,46.75,24.2,93.5,48.4,45.1,0.4823529411764706,2025-08
102537,2025-08-17,Canada,North America,Keyboard,Accessories,11,76.79,38.54,844.69,423.94,420.75000000000006,0.49811173329860664,2025-08
100128,2025-08-17,New Zealand,Australia & Oceania,Tablet,Electronics,7,419.21,322.52,2934.47,2257.64,676.8299999999999,0.23064812385200734,2025-08
100148,2025-08-17,UAE,Asia,Phone,Electronics,6,585.2,465.83,3511.2,2794.98,716.2199999999998,0.2039815447710184,2025-08
102589,2025-08-17,France,Europe,Monitor,Electronics,12,345.26,231.16,4143.12,2773.92,1369.1999999999998,0.33047558361814283,2025-08
100479,2025-08-17,Australia,Australia & Oceania,Headphones,Accessories,9,115.52,67.68,1039.68,609.12,430.56000000000006,0.4141274238227147,2025-08
104333,2025-08-18,India,Asia,Laptop,Electronics,3,894.99,613.45,2684.97,1840.35,844.6199999999999,0.3145733471882367,2025-08
101968,2025-08-18,India,Asia,Tablet,Electronics,10,465.76,298.63,4657.6,2986.3,1671.3000000000002,0.358832875300584,2025-08
104398,2025-08-18,Spain,Europe,Laptop,Electronics,13,988.83,680.13,12854.79,8841.69,4013.1000000000004,0.3121871302448348,2025-08
104959,2025-08-18,France,Europe,Laptop,Electronics,2,836.81,614.68,1673.62,1229.36,444.26,0.26544854865501133,2025-08
102694,2025-08-18,UAE,Asia,Tablet,Electronics,3,467.54,321.67,1402.62,965.01,437.6099999999999,0.3119946956410146,2025-08
103360,2025-08-18,Canada,North America,Mouse,Accessories,10,44.25,23.24,442.5,232.4,210.1,0.47480225988700564,2025-08
104859,2025-08-18,New Zealand,Australia & Oceania,Headphones,Accessories,14,110.78,73.5,1550.92,1029.0,521.9200000000001,0.3365228380574111,2025-08
104525,2025-08-18,Mexico,North America,Mouse,Accessories,8,47.54,21.99,380.32,175.92,204.4,0.5374421539755995,2025-08
104905,2025-08-18,Australia,Australia & Oceania,Keyboard,Accessories,11,72.52,38.9,797.72,427.9,369.82000000000005,0.46359624931053506,2025-08
103134,2025-08-18,India,Asia,Keyboard,Accessories,5,68.37,40.17,341.85,200.85,141.00000000000003,0.4124616059675297,2025-08
103551,2025-08-18,USA,North America,Mouse,Accessories,5,41.34,22.22,206.7,111.1,95.6,0.4625060474117078,2025-08
101942,2025-08-18,Japan,Asia,Monitor,Electronics,1,351.02,218.73,351.02,218.73,132.29,0.3768731126431542,2025-08
104756,2025-08-18,New Zealand,Australia & Oceania,Tablet,Electronics,10,445.43,332.92,4454.3,3329.2,1125.1000000000004,0.2525873874682891,2025-08
102548,2025-08-19,Japan,Asia,Laptop,Electronics,7,933.7,646.77,6535.9,4527.39,2008.5099999999993,0.30730427332119514,2025-08
101813,2025-08-19,France,Europe,Tablet,Electronics,2,428.08,320.64,856.16,641.28,214.88,0.2509811250233601,2025-08
100714,2025-08-19,Japan,Asia,Headphones,Accessories,1,114.6,70.13,114.6,70.13,44.47,0.3880453752181501,2025-08
102302,2025-08-19,South Korea,Asia,Smartwatch,Wearables,8,204.83,145.13,1638.64,1161.04,477.60000000000014,0.2914612117365621,2025-08
102836,2025-08-19,Australia,Australia & Oceania,Smartwatch,Wearables,9,198.07,131.22,1782.63,1180.98,601.6500000000001,0.33750694199020553,2025-08
101313,2025-08-19,UAE,Asia,Laptop,Electronics,8,881.82,680.56,7054.56,5444.48,1610.0800000000008,0.22823251910820813,2025-08
101514,2025-08-19,UK,Europe,Smartwatch,Wearables,11,207.33,139.14,2280.63,1530.54,750.0900000000001,0.32889596295760387,2025-08
100894,2025-08-19,UAE,Asia,Smartwatch,Wearables,14,235.43,134.31,3296.02,1880.34,1415.68,0.4295119568449221,2025-08
101001,2025-08-19,Italy,Europe,Headphones,Accessories,13,120.37,64.04,1564.81,832.52,732.29,0.4679737476115311,2025-08
103076,2025-08-19,New Zealand,Australia & Oceania,Mouse,Accessories,7,47.42,24.57,331.94,171.99,159.95,0.4818641923239139,2025-08
102130,2025-08-19,Singapore,Asia,Mouse,Accessories,12,44.53,21.97,534.36,263.64,270.72,0.5066247473613295,2025-08
100356,2025-08-19,Mexico,North America,Tablet,Electronics,12,435.66,301.92,5227.92,3623.04,1604.88,0.3069825092962402,2025-08
100114,2025-08-20,USA,North America,Keyboard,Accessories,11,63.27,37.45,695.97,411.95,284.02000000000004,0.408092302829145,2025-08
104746,2025-08-20,Italy,Europe,Phone,Electronics,7,609.62,466.52,4267.34,3265.64,1001.7000000000003,0.23473639316295403,2025-08
103012,2025-08-20,Netherlands,Europe,Mouse,Accessories,6,45.26,22.18,271.56,133.08,138.48,0.5099425541316835,2025-08
100602,2025-08-20,Spain,Europe,Headphones,Accessories,7,122.86,67.48,860.02,472.36,387.65999999999997,0.4507569591404851,2025-08
104158,2025-08-20,Australia,Australia & Oceania,Mouse,Accessories,7,50.14,23.96,350.98,167.72,183.26000000000002,0.5221380135620264,2025-08
100469,2025-08-20,Netherlands,Europe,Smartwatch,Wearables,5,241.35,141.18,1206.75,705.9,500.85,0.4150403977625855,2025-08
104188,2025-08-20,South Korea,Asia,Keyboard,Accessories,12,76.95,39.66,923.4,475.92,447.47999999999996,0.48460038986354775,2025-08
101093,2025-08-20,Canada,North America,Laptop,Electronics,9,1005.86,635.26,9052.74,5717.34,3335.3999999999996,0.3684409361143698,2025-08
104252,2025-08-20,Germany,Europe,Keyboard,Accessories,6,74.16,39.47,444.96,236.82,208.14,0.46777238403451993,2025-08
100201,2025-08-21,Canada,North America,Smartwatch,Wearables,10,203.33,134.99,2033.3,1349.9,683.3999999999999,0.3361038705552549,2025-08
103186,2025-08-21,Singapore,Asia,Smartwatch,Wearables,6,232.73,145.55,1396.38,873.3,523.0800000000002,0.37459717268938264,2025-08
103151,2025-08-21,Mexico,North America,Phone,Electronics,2,658.14,412.03,1316.28,824.06,492.22,0.37394779226304437,2025-08
103185,2025-08-21,Singapore,Asia,Headphones,Accessories,12,120.97,66.93,1451.64,803.16,648.4800000000001,0.4467223278498802,2025-08
104948,2025-08-21,USA,North America,Monitor,Electronics,9,366.11,215.86,3294.99,1942.74,1352.2499999999998,0.41039578268826304,2025-08
100986,2025-08-21,Japan,Asia,Monitor,Electronics,4,381.99,246.35,1527.96,985.4,542.5600000000001,0.35508782952433315,2025-08
100034,2025-08-21,New Zealand,Australia & Oceania,Monitor,Electronics,13,379.24,225.36,4930.12,2929.68,2000.44,0.4057588861934395,2025-08
103377,2025-08-21,Mexico,North America,Laptop,Electronics,13,970.87,647.65,12621.31,8419.45,4201.859999999999,0.3329178983798036,2025-08
101797,2025-08-21,USA,North America,Keyboard,Accessories,11,70.37,37.0,774.07,407.0,367.07000000000005,0.4742077589882052,2025-08
101143,2025-08-21,Canada,North America,Smartwatch,Wearables,15,227.76,143.69,3416.4,2155.35,1261.0500000000002,0.3691166139796277,2025-08
102091,2025-08-21,Mexico,North America,Keyboard,Accessories,8,67.48,36.38,539.84,291.04,248.8,0.460877296976882,2025-08
103840,2025-08-21,Canada,North America,Monitor,Electronics,15,349.21,224.3,5238.15,3364.5,1873.6499999999996,0.3576930786632685,2025-08
102081,2025-08-21,Germany,Europe,Mouse,Accessories,12,43.36,24.43,520.32,293.16,227.16000000000003,0.43657749077490776,2025-08
101000,2025-08-22,South Korea,Asia,Smartwatch,Wearables,8,199.59,134.45,1596.72,1075.6,521.1200000000001,0.32636905656596027,2025-08
100383,2025-08-22,Mexico,North America,Smartwatch,Wearables,15,198.65,141.76,2979.75,2126.4,853.3499999999999,0.28638308582934807,2025-08
103452,2025-08-22,Mexico,North America,Tablet,Electronics,4,421.11,330.09,1684.44,1320.36,364.08000000000015,0.2161430505093682,2025-08
102345,2025-08-22,New Zealand,Australia & Oceania,Monitor,Electronics,15,349.2,223.1,5238.0,3346.5,1891.5,0.3611111111111111,2025-08
104230,2025-08-22,Germany,Europe,Smartwatch,Wearables,13,229.85,141.85,2988.05,1844.05,1144.0000000000002,0.3828583859038504,2025-08
100189,2025-08-22,Japan,Asia,Laptop,Electronics,14,843.38,642.93,11807.32,9001.02,2806.2999999999993,0.23767459508169503,2025-08
104619,2025-08-22,Spain,Europe,Phone,Electronics,9,672.0,419.3,6048.0,3773.7,2274.3,0.3760416666666667,2025-08
100953,2025-08-22,Italy,Europe,Phone,Electronics,10,601.35,408.15,6013.5,4081.5,1932.0,0.32127712646545276,2025-08
101919,2025-08-22,South Korea,Asia,Laptop,Electronics,12,950.46,645.87,11405.52,7750.44,3655.080000000001,0.3204658796793132,2025-08
102266,2025-08-22,Mexico,North America,Monitor,Electronics,6,343.58,220.5,2061.48,1323.0,738.48,0.3582280691541999,2025-08
101353,2025-08-23,Japan,Asia,Laptop,Electronics,7,945.32,672.59,6617.24,4708.13,1909.1099999999997,0.28850547962594675,2025-08
100973,2025-08-23,Mexico,North America,Mouse,Accessories,10,50.14,21.67,501.4,216.7,284.7,0.567810131631432,2025-08
104805,2025-08-23,Canada,North America,Smartwatch,Wearables,12,211.91,140.07,2542.92,1680.84,862.0800000000002,0.3390118446510311,2025-08
102316,2025-08-23,Netherlands,Europe,Keyboard,Accessories,3,64.06,40.41,192.18,121.23,70.95,0.369185138932251,2025-08
102013,2025-08-23,Australia,Australia & Oceania,Phone,Electronics,14,638.53,463.02,8939.42,6482.28,2457.1400000000003,0.27486570717115877,2025-08
100585,2025-08-23,Canada,North America,Headphones,Accessories,12,122.29,71.35,1467.48,856.2,611.28,0.4165508218169924,2025-08
103035,2025-08-23,Netherlands,Europe,Keyboard,Accessories,6,75.53,39.83,453.18,238.98,214.20000000000002,0.4726598702502317,2025-08
103642,2025-08-23,New Zealand,Australia & Oceania,Laptop,Electronics,5,955.12,622.56,4775.6,3112.8,1662.8000000000002,0.3481866152944133,2025-08
101710,2025-08-24,Canada,North America,Keyboard,Accessories,9,71.11,39.91,639.99,359.19,280.8,0.4387568555758684,2025-08
104773,2025-08-24,UK,Europe,Tablet,Electronics,12,439.27,322.7,5271.24,3872.4,1398.8399999999997,0.2653720946115145,2025-08
102786,2025-08-24,Germany,Europe,Monitor,Electronics,2,339.67,247.15,679.34,494.3,185.04000000000002,0.27238201784084554,2025-08
100864,2025-08-24,Japan,Asia,Keyboard,Accessories,11,77.82,39.59,856.02,435.49,420.53,0.49126188640452323,2025-08
100621,2025-08-24,France,Europe,Headphones,Accessories,5,127.25,69.84,636.25,349.2,287.05,0.45115913555992143,2025-08
103002,2025-08-25,Mexico,North America,Monitor,Electronics,12,360.59,244.79,4327.08,2937.48,1389.6,0.3211403533098533,2025-08
104600,2025-08-25,Spain,Europe,Tablet,Electronics,2,442.58,307.25,885.16,614.5,270.65999999999997,0.3057752270775905,2025-08
101543,2025-08-25,UAE,Asia,Phone,Electronics,1,648.69,418.75,648.69,418.75,229.94000000000005,0.35446823598328947,2025-08
100203,2025-08-25,Spain,Europe,Mouse,Accessories,14,42.94,24.2,601.16,338.8,262.35999999999996,0.4364229156963204,2025-08
103451,2025-08-25,Singapore,Asia,Keyboard,Accessories,1,70.26,36.34,70.26,36.34,33.92,0.48277825220609166,2025-08
103830,2025-08-25,Germany,Europe,Tablet,Electronics,8,424.86,333.02,3398.88,2664.16,734.7200000000003,0.21616532504825126,2025-08
102161,2025-08-25,Mexico,North America,Phone,Electronics,5,701.92,459.16,3509.6,2295.8,1213.7999999999997,0.34585137907453833,2025-08
101984,2025-08-25,India,Asia,Smartwatch,Wearables,6,214.61,142.74,1287.66,856.44,431.22,0.3348865383719305,2025-08
100887,2025-08-26,USA,North America,Keyboard,Accessories,3,75.84,39.67,227.52,119.01,108.51,0.4769251054852321,2025-08
102192,2025-08-26,Australia,Australia & Oceania,Headphones,Accessories,2,130.5,66.77,261.0,133.54,127.46000000000001,0.48835249042145595,2025-08
104742,2025-08-26,Germany,Europe,Phone,Electronics,6,599.09,417.7,3594.54,2506.2,1088.3400000000001,0.3027758767463988,2025-08
102792,2025-08-26,Australia,Australia & Oceania,Mouse,Accessories,12,42.84,22.61,514.08,271.32,242.76000000000005,0.47222222222222227,2025-08
102888,2025-08-26,South Korea,Asia,Smartwatch,Wearables,1,227.85,143.65,227.85,143.65,84.19999999999999,0.36954136493306994,2025-08
102978,2025-08-26,Germany,Europe,Laptop,Electronics,15,817.79,604.08,12266.85,9061.2,3205.6499999999996,0.26132625735213194,2025-08
103040,2025-08-26,South Korea,Asia,Headphones,Accessories,1,125.2,72.9,125.2,72.9,52.3,0.4177316293929712,2025-08
100641,2025-08-26,Spain,Europe,Keyboard,Accessories,5,72.8,36.44,364.0,182.2,181.8,0.4994505494505495,2025-08
102738,2025-08-26,UAE,Asia,Mouse,Accessories,2,43.5,21.56,87.0,43.12,43.88,0.504367816091954,2025-08
101283,2025-08-26,India,Asia,Laptop,Electronics,3,916.55,602.72,2749.65,1808.16,941.49,0.3424035786372811,2025-08
100181,2025-08-26,Singapore,Asia,Mouse,Accessories,11,42.28,21.88,465.08,240.68,224.39999999999998,0.48249763481551555,2025-08
103640,2025-08-27,Germany,Europe,Smartwatch,Wearables,7,239.1,146.36,1673.7,1024.52,649.1800000000001,0.38787118360518613,2025-08
100662,2025-08-27,New Zealand,Australia & Oceania,Mouse,Accessories,2,43.58,21.6,87.16,43.2,43.959999999999994,0.5043597980725103,2025-08
104102,2025-08-27,South Korea,Asia,Smartwatch,Wearables,12,201.62,143.57,2419.44,1722.84,696.6000000000001,0.28791786529114183,2025-08
100636,2025-08-27,UAE,Asia,Headphones,Accessories,10,117.22,73.49,1172.2,734.9,437.30000000000007,0.37305920491383726,2025-08
103154,2025-08-27,South Korea,Asia,Smartwatch,Wearables,7,208.43,146.31,1459.01,1024.17,434.8399999999999,0.29803771050232686,2025-08
100045,2025-08-27,UK,Europe,Monitor,Electronics,10,322.82,217.39,3228.2,2173.9,1054.2999999999997,0.32659066972306544,2025-08
103684,2025-08-27,Italy,Europe,Headphones,Accessories,6,108.02,73.02,648.12,438.12,210.0,0.3240140714682466,2025-08
102174,2025-08-27,Australia,Australia & Oceania,Keyboard,Accessories,15,77.09,37.6,1156.35,564.0,592.3499999999999,0.5122583992735763,2025-08
103929,2025-08-27,Canada,North America,Laptop,Electronics,12,816.57,621.79,9798.84,7461.48,2337.3600000000006,0.23853435712798662,2025-08
103561,2025-08-27,France,Europe,Monitor,Electronics,1,358.26,224.76,358.26,224.76,133.5,0.3726343995980573,2025-08
100163,2025-08-27,Canada,North America,Mouse,Accessories,6,43.32,24.8,259.92,148.8,111.12,0.42751615881809785,2025-08
104964,2025-08-27,Canada,North America,Mouse,Accessories,12,44.19,24.43,530.28,293.16,237.11999999999995,0.44715999094817827,2025-08
104291,2025-08-28,UAE,Asia,Keyboard,Accessories,15,63.39,40.3,950.85,604.5,346.35,0.3642530367565862,2025-08
100266,2025-08-28,Mexico,North America,Monitor,Electronics,8,358.75,235.27,2870.0,1882.16,987.8399999999999,0.3441951219512195,2025-08
102986,2025-08-28,Australia,Australia & Oceania,Keyboard,Accessories,14,63.48,39.03,888.72,546.42,342.30000000000007,0.38516068052930064,2025-08
103196,2025-08-28,India,Asia,Monitor,Electronics,15,380.57,217.51,5708.55,3262.65,2445.9,0.42846256930393883,2025-08
100706,2025-08-28,Australia,Australia & Oceania,Keyboard,Accessories,3,63.79,35.61,191.37,106.83,84.54,0.44176203166640543,2025-08
103100,2025-08-28,South Korea,Asia,Laptop,Electronics,12,852.6,600.61,10231.2,7207.32,3023.880000000001,0.29555477363359145,2025-08
101384,2025-08-28,France,Europe,Keyboard,Accessories,14,77.58,38.52,1086.12,539.28,546.8399999999999,0.5034802784222737,2025-08
101413,2025-08-28,France,Europe,Laptop,Electronics,11,882.03,615.96,9702.33,6775.56,2926.7699999999995,0.3016564062446855,2025-08
100781,2025-08-28,Canada,North America,Headphones,Accessories,14,126.2,71.54,1766.8,1001.56,765.24,0.433122028526149,2025-08
102425,2025-08-28,Spain,Europe,Smartwatch,Wearables,5,215.82,133.02,1079.1,665.1,413.9999999999999,0.3836530442035028,2025-08
101309,2025-08-29,Japan,Asia,Laptop,Electronics,6,857.36,622.7,5144.16,3736.2,1407.96,0.2737006624988336,2025-08
100205,2025-08-29,Mexico,North America,Smartwatch,Wearables,4,236.55,136.45,946.2,545.8,400.4000000000001,0.42316634960896227,2025-08
103624,2025-08-29,Australia,Australia & Oceania,Headphones,Accessories,13,118.83,68.91,1544.79,895.83,648.9599999999999,0.42009593536985607,2025-08
100423,2025-08-29,Netherlands,Europe,Headphones,Accessories,15,108.95,68.85,1634.25,1032.75,601.5,0.3680587425424507,2025-08
104438,2025-08-29,USA,North America,Headphones,Accessories,7,124.32,66.97,870.24,468.79,401.45,0.4613095238095238,2025-08
100776,2025-08-29,Netherlands,Europe,Phone,Electronics,4,712.73,432.41,2850.92,1729.64,1121.28,0.39330461745682094,2025-08
103382,2025-08-29,Japan,Asia,Keyboard,Accessories,2,77.98,38.95,155.96,77.9,78.06,0.5005129520389844,2025-08
100946,2025-08-30,Italy,Europe,Keyboard,Accessories,15,76.66,37.49,1149.9,562.35,587.5500000000001,0.5109574745630054,2025-08
101172,2025-08-30,Australia,Australia & Oceania,Phone,Electronics,8,611.54,449.7,4892.32,3597.6,1294.7199999999998,0.2646433593877751,2025-08
103432,2025-08-30,New Zealand,Australia & Oceania,Headphones,Accessories,2,114.53,68.8,229.06,137.6,91.46000000000001,0.399284030385052,2025-08
104212,2025-08-30,Japan,Asia,Phone,Electronics,14,634.03,421.81,8876.42,5905.34,2971.08,0.33471602290112457,2025-08
100704,2025-08-30,Spain,Europe,Laptop,Electronics,13,993.35,634.44,12913.55,8247.72,4665.83,0.3613127296521871,2025-08
102762,2025-08-30,Spain,Europe,Monitor,Electronics,7,388.6,218.62,2720.2,1530.34,1189.86,0.43741636644364384,2025-08
101841,2025-08-30,UAE,Asia,Keyboard,Accessories,14,75.84,38.48,1061.76,538.72,523.04,0.49261603375527424,2025-08
103842,2025-08-30,France,Europe,Keyboard,Accessories,9,69.77,36.18,627.93,325.62,302.30999999999995,0.4814390139028235,2025-08
102461,2025-08-31,Australia,Australia & Oceania,Phone,Electronics,2,636.69,427.48,1273.38,854.96,418.4200000000001,0.3285900516734989,2025-08
104225,2025-08-31,South Korea,Asia,Keyboard,Accessories,13,72.46,36.16,941.98,470.08,471.90000000000003,0.5009660502346123,2025-08
100570,2025-08-31,South Korea,Asia,Headphones,Accessories,2,111.86,68.21,223.72,136.42,87.30000000000001,0.39021991775433584,2025-08
103997,2025-08-31,UAE,Asia,Phone,Electronics,15,624.19,413.42,9362.85,6201.3,3161.55,0.3376696198272962,2025-08
102250,2025-08-31,France,Europe,Monitor,Electronics,3,385.03,232.35,1155.09,697.05,458.03999999999996,0.3965405293094045,2025-08
101876,2025-08-31,South Korea,Asia,Monitor,Electronics,15,383.44,234.32,5751.6,3514.8,2236.8,0.38890047986647197,2025-08
103831,2025-08-31,UAE,Asia,Keyboard,Accessories,2,78.24,40.55,156.48,81.1,75.38,0.48172290388548056,2025-08
103816,2025-08-31,Japan,Asia,Keyboard,Accessories,10,68.93,37.96,689.3,379.6,309.69999999999993,0.44929638763963436,2025-08
104012,2025-08-31,India,Asia,Laptop,Electronics,4,956.39,627.7,3825.56,2510.8,1314.7599999999998,0.3436777883499409,2025-08
103639,2025-09-01,Italy,Europe,Smartwatch,Wearables,4,228.8,143.62,915.2,574.48,340.72,0.3722902097902098,2025-09
103149,2025-09-01,Mexico,North America,Headphones,Accessories,15,132.84,66.16,1992.6,992.4,1000.1999999999999,0.5019572417946402,2025-09
102352,2025-09-01,Australia,Australia & Oceania,Phone,Electronics,8,706.68,438.53,5653.44,3508.24,2145.2,0.3794503877285334,2025-09
103381,2025-09-01,Singapore,Asia,Smartwatch,Wearables,2,218.68,135.98,437.36,271.96,165.40000000000003,0.3781781598683008,2025-09
100819,2025-09-01,France,Europe,Laptop,Electronics,4,925.31,598.55,3701.24,2394.2,1307.04,0.35313570587154575,2025-09
102441,2025-09-01,Singapore,Asia,Tablet,Electronics,9,459.08,301.79,4131.72,2716.11,1415.6100000000001,0.34262002265400365,2025-09
101260,2025-09-01,Japan,Asia,Smartwatch,Wearables,13,242.83,133.85,3156.79,1740.05,1416.74,0.4487913355022032,2025-09
102808,2025-09-01,Spain,Europe,Phone,Electronics,1,590.17,467.86,590.17,467.86,122.30999999999995,0.2072453699781418,2025-09
104735,2025-09-01,India,Asia,Keyboard,Accessories,2,67.85,39.7,135.7,79.4,56.29999999999998,0.41488577745025784,2025-09
101287,2025-09-01,Germany,Europe,Headphones,Accessories,12,117.59,69.01,1411.08,828.12,582.9599999999999,0.41313036822859084,2025-09
103787,2025-09-02,India,Asia,Monitor,Electronics,1,377.35,243.4,377.35,243.4,133.95000000000002,0.3549754869484564,2025-09
101997,2025-09-02,New Zealand,Australia & Oceania,Laptop,Electronics,10,946.31,640.47,9463.1,6404.7,3058.4000000000005,0.3231921886062707,2025-09
102065,2025-09-02,UK,Europe,Tablet,Electronics,2,449.86,303.66,899.72,607.32,292.4,0.32498999688792063,2025-09
103317,2025-09-02,Japan,Asia,Laptop,Electronics,12,914.43,668.32,10973.16,8019.84,2953.3199999999997,0.26914033879028465,2025-09
103843,2025-09-02,South Korea,Asia,Monitor,Electronics,15,368.69,230.19,5530.35,3452.85,2077.5000000000005,0.3756543437576284,2025-09
101653,2025-09-02,Netherlands,Europe,Tablet,Electronics,1,464.45,316.86,464.45,316.86,147.58999999999997,0.3177737108407794,2025-09
103652,2025-09-02,Singapore,Asia,Tablet,Electronics,2,487.32,321.69,974.64,643.38,331.26,0.33987934006402365,2025-09
104097,2025-09-02,France,Europe,Smartwatch,Wearables,4,229.86,146.85,919.44,587.4,332.0400000000001,0.3611328634821196,2025-09
103014,2025-09-02,India,Asia,Headphones,Accessories,13,127.0,65.23,1651.0,847.99,803.01,0.4863779527559055,2025-09
103493,2025-09-02,New Zealand,Australia & Oceania,Laptop,Electronics,3,940.92,663.47,2822.76,1990.41,832.3500000000001,0.29487097734132556,2025-09
101772,2025-09-03,USA,North America,Smartwatch,Wearables,11,217.7,132.64,2394.7,1459.04,935.6599999999999,0.39072117593017913,2025-09
104872,2025-09-03,UK,Europe,Keyboard,Accessories,1,75.8,35.85,75.8,35.85,39.949999999999996,0.5270448548812664,2025-09
102522,2025-09-03,UK,Europe,Smartwatch,Wearables,10,232.01,135.2,2320.1,1352.0,968.0999999999999,0.4172664971337442,2025-09
103220,2025-09-03,Mexico,North America,Laptop,Electronics,6,955.64,632.45,5733.84,3794.7,1939.1400000000003,0.3381922062701436,2025-09
104594,2025-09-03,UK,Europe,Keyboard,Accessories,13,67.24,37.87,874.12,492.31,381.81,0.4367935752528257,2025-09
103683,2025-09-03,USA,North America,Phone,Electronics,8,726.83,433.44,5814.64,3467.52,2347.1200000000003,0.4036569761842522,2025-09
100079,2025-09-03,South Korea,Asia,Laptop,Electronics,2,961.81,671.37,1923.62,1342.74,580.8799999999999,0.30197232301598026,2025-09
103098,2025-09-03,Spain,Europe,Phone,Electronics,5,682.81,451.66,3414.05,2258.3,1155.75,0.3385275552496302,2025-09
103827,2025-09-03,Japan,Asia,Laptop,Electronics,2,930.83,611.96,1861.66,1223.92,637.74,0.34256523747623085,2025-09
103535,2025-09-03,Germany,Europe,Phone,Electronics,2,669.05,442.85,1338.1,885.7,452.39999999999986,0.3380913235184216,2025-09
102203,2025-09-03,Japan,Asia,Monitor,Electronics,6,318.41,230.46,1910.46,1382.76,527.7,0.27621619923997365,2025-09
101918,2025-09-03,UAE,Asia,Keyboard,Accessories,8,66.32,38.63,530.56,309.04,221.51999999999992,0.4175211097708081,2025-09
100030,2025-09-03,Italy,Europe,Headphones,Accessories,9,120.16,70.98,1081.44,638.82,442.62,0.40928761651131823,2025-09
101804,2025-09-04,France,Europe,Monitor,Electronics,11,380.48,233.39,4185.28,2567.29,1617.9899999999998,0.3865906223717409,2025-09
103473,2025-09-04,Mexico,North America,Keyboard,Accessories,14,76.92,36.75,1076.88,514.5,562.3800000000001,0.5222308892355695,2025-09
104707,2025-09-04,Canada,North America,Laptop,Electronics,1,846.41,619.55,846.41,619.55,226.86,0.2680261339067355,2025-09
104007,2025-09-04,Japan,Asia,Tablet,Electronics,6,444.68,305.89,2668.08,1835.34,832.74,0.31211208059728346,2025-09
104864,2025-09-04,UAE,Asia,Phone,Electronics,9,632.76,407.93,5694.84,3671.37,2023.4700000000003,0.35531639168089013,2025-09
101680,2025-09-04,Mexico,North America,Laptop,Electronics,1,812.09,641.26,812.09,641.26,170.83000000000004,0.2103584578064008,2025-09
100158,2025-09-04,Canada,North America,Headphones,Accessories,11,124.08,67.94,1364.88,747.34,617.5400000000001,0.4524500322372663,2025-09
102128,2025-09-04,France,Europe,Laptop,Electronics,5,1003.57,672.77,5017.85,3363.85,1654.0000000000005,0.32962324501529544,2025-09
104584,2025-09-04,USA,North America,Phone,Electronics,13,638.26,458.32,8297.38,5958.16,2339.2199999999993,0.2819227274151599,2025-09
100137,2025-09-04,UAE,Asia,Smartwatch,Wearables,2,221.02,143.1,442.04,286.2,155.84000000000003,0.35254728078906894,2025-09
104908,2025-09-04,Italy,Europe,Tablet,Electronics,2,499.05,329.9,998.1,659.8,338.30000000000007,0.3389439935878169,2025-09
101744,2025-09-04,UK,Europe,Phone,Electronics,10,699.29,456.64,6992.9,4566.4,2426.5,0.34699480902057805,2025-09
103025,2025-09-04,Germany,Europe,Laptop,Electronics,3,1000.33,668.72,3000.99,2006.16,994.8299999999997,0.33150060480041577,2025-09
103091,2025-09-04,South Korea,Asia,Smartwatch,Wearables,8,200.55,144.89,1604.4,1159.12,445.2800000000002,0.2775367738718525,2025-09
104055,2025-09-04,USA,North America,Keyboard,Accessories,9,77.79,37.88,700.11,340.92,359.19,0.5130479496079188,2025-09
100681,2025-09-05,Canada,North America,Phone,Electronics,7,646.97,454.78,4528.79,3183.46,1345.33,0.29706168755892853,2025-09
103284,2025-09-05,Australia,Australia & Oceania,Tablet,Electronics,9,491.94,320.98,4427.46,2888.82,1538.6399999999999,0.34752205553522786,2025-09
104693,2025-09-05,Japan,Asia,Headphones,Accessories,11,128.01,71.13,1408.11,782.43,625.68,0.4443402859151629,2025-09
102038,2025-09-05,Spain,Europe,Headphones,Accessories,4,109.28,73.43,437.12,293.72,143.39999999999998,0.32805636896046847,2025-09
103475,2025-09-05,Canada,North America,Keyboard,Accessories,4,73.1,36.15,292.4,144.6,147.79999999999998,0.5054719562243501,2025-09
101641,2025-09-05,India,Asia,Headphones,Accessories,4,134.39,69.89,537.56,279.56,257.99999999999994,0.4799464245851625,2025-09
102815,2025-09-05,South Korea,Asia,Phone,Electronics,12,670.01,427.98,8040.12,5135.76,2904.3599999999997,0.3612334144266503,2025-09
103725,2025-09-05,South Korea,Asia,Keyboard,Accessories,10,64.4,36.05,644.0,360.5,283.5,0.44021739130434784,2025-09
102085,2025-09-05,South Korea,Asia,Headphones,Accessories,11,108.84,69.05,1197.24,759.55,437.69000000000005,0.36558250643145906,2025-09
101557,2025-09-06,Canada,North America,Tablet,Electronics,13,420.01,315.08,5460.13,4096.04,1364.0900000000001,0.24982738506226043,2025-09
101741,2025-09-06,Canada,North America,Headphones,Accessories,5,113.0,66.4,565.0,332.0,233.0,0.41238938053097346,2025-09
103205,2025-09-06,Mexico,North America,Phone,Electronics,13,653.82,460.17,8499.66,5982.21,2517.45,0.2961824355327154,2025-09
104132,2025-09-06,Italy,Europe,Monitor,Electronics,8,316.26,240.23,2530.08,1921.84,608.24,0.2404034655030671,2025-09
103342,2025-09-06,Singapore,Asia,Phone,Electronics,9,700.31,432.66,6302.79,3893.94,2408.85,0.3821878882209307,2025-09
103446,2025-09-06,Canada,North America,Phone,Electronics,7,722.03,441.38,5054.21,3089.66,1964.5500000000002,0.38869576056396554,2025-09
102955,2025-09-06,Australia,Australia & Oceania,Phone,Electronics,9,681.36,452.84,6132.24,4075.56,2056.68,0.33538804743454265,2025-09
102000,2025-09-07,France,Europe,Keyboard,Accessories,11,73.21,37.72,805.31,414.92,390.38999999999993,0.4847698401857669,2025-09
100089,2025-09-07,Australia,Australia & Oceania,Monitor,Electronics,2,382.7,241.8,765.4,483.6,281.79999999999995,0.3681735040501698,2025-09
104685,2025-09-07,USA,North America,Phone,Electronics,13,715.69,434.95,9303.97,5654.35,3649.619999999999,0.3922648073886738,2025-09
104103,2025-09-07,India,Asia,Laptop,Electronics,2,904.08,686.75,1808.16,1373.5,434.6600000000001,0.24038801875940186,2025-09
101257,2025-09-07,Netherlands,Europe,Keyboard,Accessories,10,76.62,40.68,766.2,406.8,359.40000000000003,0.46906812842599843,2025-09
100746,2025-09-07,New Zealand,Australia & Oceania,Phone,Electronics,6,598.91,456.2,3593.46,2737.2,856.2600000000002,0.2382828805663623,2025-09
104547,2025-09-07,Germany,Europe,Smartwatch,Wearables,8,237.19,132.19,1897.52,1057.52,840.0,0.44268308107424426,2025-09
103801,2025-09-07,France,Europe,Smartwatch,Wearables,8,200.89,134.25,1607.12,1074.0,533.1199999999999,0.33172382896112296,2025-09
103329,2025-09-07,Spain,Europe,Tablet,Electronics,12,488.01,333.88,5856.12,4006.56,1849.56,0.31583369193254235,2025-09
103627,2025-09-07,France,Europe,Monitor,Electronics,6,332.17,218.61,1993.02,1311.66,681.3599999999999,0.341873137248999,2025-09
104030,2025-09-07,UAE,Asia,Laptop,Electronics,2,994.28,651.62,1988.56,1303.24,685.3199999999999,0.3446312909844309,2025-09
102057,2025-09-08,UAE,Asia,Keyboard,Accessories,8,66.38,35.67,531.04,285.36,245.67999999999995,0.4626393492015667,2025-09
100288,2025-09-08,Singapore,Asia,Headphones,Accessories,15,124.6,71.21,1869.0,1068.15,800.8499999999999,0.42849117174959866,2025-09
104602,2025-09-08,Canada,North America,Tablet,Electronics,3,416.07,326.33,1248.21,978.99,269.22,0.21568486072055185,2025-09
102741,2025-09-08,Singapore,Asia,Tablet,Electronics,9,448.58,331.65,4037.22,2984.85,1052.37,0.26066699362432566,2025-09
101531,2025-09-08,Spain,Europe,Laptop,Electronics,3,969.85,669.89,2909.55,2009.67,899.8800000000001,0.30928494097025316,2025-09
101150,2025-09-08,Australia,Australia & Oceania,Laptop,Electronics,12,904.21,644.68,10850.52,7736.16,3114.3600000000006,0.2870240320279582,2025-09
101982,2025-09-08,USA,North America,Tablet,Electronics,12,489.5,304.74,5874.0,3656.88,2217.12,0.3774463738508682,2025-09
100049,2025-09-08,South Korea,Asia,Mouse,Accessories,3,42.64,23.13,127.92,69.39,58.53,0.4575515947467167,2025-09
100073,2025-09-08,France,Europe,Monitor,Electronics,13,352.11,230.82,4577.43,3000.66,1576.7700000000004,0.34446621794325644,2025-09
103429,2025-09-09,Australia,Australia & Oceania,Smartwatch,Wearables,5,199.94,140.86,999.7,704.3,295.4000000000001,0.2954886465939783,2025-09
102923,2025-09-09,USA,North America,Monitor,Electronics,12,361.1,222.67,4333.2,2672.04,1661.1599999999999,0.38335641096649126,2025-09
102062,2025-09-09,UAE,Asia,Mouse,Accessories,8,45.6,23.76,364.8,190.08,174.72,0.4789473684210526,2025-09
102117,2025-09-09,Japan,Asia,Headphones,Accessories,5,130.24,72.65,651.2,363.25,287.95000000000005,0.44218366093366096,2025-09
100988,2025-09-09,Japan,Asia,Headphones,Accessories,12,113.78,71.97,1365.36,863.64,501.7199999999999,0.36746352610300576,2025-09
101657,2025-09-09,Japan,Asia,Tablet,Electronics,7,457.39,331.51,3201.73,2320.57,881.1599999999999,0.2752137125866328,2025-09
104061,2025-09-09,Germany,Europe,Monitor,Electronics,10,361.36,240.51,3613.6,2405.1,1208.5,0.3344310382997565,2025-09
101604,2025-09-09,India,Asia,Phone,Electronics,7,668.37,446.99,4678.59,3128.93,1549.6600000000003,0.33122372338674694,2025-09
101242,2025-09-09,Mexico,North America,Mouse,Accessories,6,45.03,24.47,270.18,146.82,123.36000000000001,0.4565844992227404,2025-09
102637,2025-09-09,Australia,Australia & Oceania,Tablet,Electronics,1,424.05,293.31,424.05,293.31,130.74,0.30831269897417757,2025-09
101632,2025-09-10,Japan,Asia,Tablet,Electronics,13,407.72,300.9,5300.36,3911.7,1388.6599999999999,0.26199352496811534,2025-09
101181,2025-09-10,New Zealand,Australia & Oceania,Phone,Electronics,15,609.04,437.77,9135.6,6566.55,2569.05,0.2812130566136871,2025-09
104399,2025-09-11,Italy,Europe,Keyboard,Accessories,5,63.32,40.64,316.6,203.2,113.40000000000003,0.3581806696146558,2025-09
103574,2025-09-11,Australia,Australia & Oceania,Laptop,Electronics,1,956.38,673.12,956.38,673.12,283.26,0.2961793429389991,2025-09
102397,2025-09-11,France,Europe,Keyboard,Accessories,14,66.58,36.21,932.12,506.94,425.18,0.45614298588164615,2025-09
104494,2025-09-11,Canada,North America,Keyboard,Accessories,10,73.66,39.49,736.6,394.9,341.70000000000005,0.46388813467282114,2025-09
102037,2025-09-11,Germany,Europe,Keyboard,Accessories,5,67.62,35.76,338.1,178.8,159.3,0.47116237799467614,2025-09
100090,2025-09-11,South Korea,Asia,Tablet,Electronics,3,450.23,322.34,1350.69,967.02,383.6700000000001,0.2840548164271595,2025-09
100586,2025-09-12,UK,Europe,Smartwatch,Wearables,3,244.3,128.22,732.9,384.66,348.23999999999995,0.47515349979533356,2025-09
103834,2025-09-12,South Korea,Asia,Monitor,Electronics,15,330.39,245.76,4955.85,3686.4,1269.4500000000003,0.2561518205756833,2025-09
103921,2025-09-12,New Zealand,Australia & Oceania,Phone,Electronics,11,588.23,409.78,6470.53,4507.58,1962.9499999999998,0.30336773030957276,2025-09
101818,2025-09-12,Canada,North America,Tablet,Electronics,15,410.01,306.66,6150.15,4599.9,1550.25,0.25206702275554255,2025-09
100327,2025-09-12,Japan,Asia,Smartwatch,Wearables,3,204.63,137.9,613.89,413.7,200.19,0.32610076723843034,2025-09
104390,2025-09-12,Netherlands,Europe,Laptop,Electronics,6,839.39,665.13,5036.34,3990.78,1045.56,0.20760314037574903,2025-09
104217,2025-09-12,Netherlands,Europe,Headphones,Accessories,6,116.11,69.67,696.66,418.02,278.64,0.3999655499095685,2025-09
102064,2025-09-13,South Korea,Asia,Tablet,Electronics,6,420.26,305.76,2521.56,1834.56,687.0,0.2724503878551373,2025-09
102434,2025-09-13,Italy,Europe,Phone,Electronics,3,621.07,411.3,1863.21,1233.9,629.31,0.3377558085239989,2025-09
100952,2025-09-13,Mexico,North America,Keyboard,Accessories,7,66.0,35.85,462.0,250.95,211.05,0.45681818181818185,2025-09
104656,2025-09-13,Italy,Europe,Mouse,Accessories,9,47.14,24.6,424.26,221.4,202.85999999999999,0.47815019092066186,2025-09
101811,2025-09-13,Canada,North America,Mouse,Accessories,8,48.8,21.54,390.4,172.32,218.07999999999998,0.5586065573770491,2025-09
102947,2025-09-13,Singapore,Asia,Keyboard,Accessories,1,65.43,39.35,65.43,39.35,26.080000000000005,0.3985939171633808,2025-09
103193,2025-09-13,Australia,Australia & Oceania,Mouse,Accessories,9,45.27,24.46,407.43,220.14,187.29000000000002,0.4596863264855313,2025-09
103181,2025-09-13,Germany,Europe,Headphones,Accessories,11,114.44,67.37,1258.84,741.07,517.7699999999999,0.4113072352324361,2025-09
100053,2025-09-13,New Zealand,Australia & Oceania,Keyboard,Accessories,6,74.69,38.6,448.14,231.6,216.54,0.483197215155978,2025-09
102640,2025-09-13,USA,North America,Keyboard,Accessories,13,70.37,38.67,914.81,502.71,412.09999999999997,0.4504760551371323,2025-09
101394,2025-09-14,Singapore,Asia,Keyboard,Accessories,6,63.12,40.36,378.72,242.16,136.56000000000003,0.36058301647655266,2025-09
101925,2025-09-14,Mexico,North America,Keyboard,Accessories,1,67.4,35.46,67.4,35.46,31.940000000000005,0.4738872403560831,2025-09
102201,2025-09-14,New Zealand,Australia & Oceania,Monitor,Electronics,12,348.3,247.96,4179.6,2975.52,1204.0800000000004,0.2880849842090153,2025-09
100010,2025-09-14,USA,North America,Laptop,Electronics,5,819.18,670.72,4095.9,3353.6,742.3000000000002,0.18123001049830323,2025-09
104181,2025-09-14,Japan,Asia,Mouse,Accessories,5,50.09,24.48,250.45,122.4,128.04999999999998,0.5112796965462167,2025-09
104003,2025-09-14,Mexico,North America,Monitor,Electronics,14,368.46,241.41,5158.44,3379.74,1778.6999999999998,0.34481354828203875,2025-09
100898,2025-09-14,New Zealand,Australia & Oceania,Phone,Electronics,14,594.02,441.95,8316.28,6187.3,2128.9800000000005,0.2560014814316017,2025-09
100921,2025-09-14,New Zealand,Australia & Oceania,Monitor,Electronics,4,374.24,230.74,1496.96,922.96,574.0,0.3834437793929029,2025-09
101634,2025-09-15,USA,North America,Phone,Electronics,4,623.52,454.55,2494.08,1818.2,675.8799999999999,0.2709937131126507,2025-09
102171,2025-09-15,Mexico,North America,Laptop,Electronics,2,970.99,609.87,1941.98,1219.74,722.24,0.3719090824828268,2025-09
100323,2025-09-15,Canada,North America,Headphones,Accessories,4,109.96,72.11,439.84,288.44,151.39999999999998,0.34421607857402686,2025-09
103198,2025-09-15,New Zealand,Australia & Oceania,Phone,Electronics,7,606.27,463.08,4243.89,3241.56,1002.3300000000004,0.2361818991538424,2025-09
100600,2025-09-15,Germany,Europe,Phone,Electronics,8,696.97,435.08,5575.76,3480.64,2095.1200000000003,0.3757550540195418,2025-09
103619,2025-09-15,USA,North America,Laptop,Electronics,13,968.48,666.75,12590.24,8667.75,3922.49,0.3115500578225673,2025-09
101078,2025-09-15,USA,North America,Laptop,Electronics,2,901.58,664.3,1803.16,1328.6,474.5600000000002,0.2631824130970076,2025-09
102154,2025-09-15,Canada,North America,Monitor,Electronics,6,333.85,223.91,2003.1,1343.46,659.6399999999999,0.3293095701662423,2025-09
103750,2025-09-16,New Zealand,Australia & Oceania,Smartwatch,Wearables,12,225.38,129.59,2704.56,1555.08,1149.48,0.42501552932824566,2025-09
104172,2025-09-16,Australia,Australia & Oceania,Keyboard,Accessories,2,73.51,37.33,147.02,74.66,72.36000000000001,0.4921779349748334,2025-09
104134,2025-09-16,USA,North America,Headphones,Accessories,12,120.9,67.09,1450.8,805.08,645.7199999999999,0.4450785773366418,2025-09
101058,2025-09-16,South Korea,Asia,Mouse,Accessories,1,45.14,22.01,45.14,22.01,23.13,0.5124058484714222,2025-09
100532,2025-09-16,New Zealand,Australia & Oceania,Keyboard,Accessories,3,67.45,39.23,202.35,117.69,84.66,0.4183839881393625,2025-09
100940,2025-09-16,India,Asia,Smartwatch,Wearables,8,214.88,132.08,1719.04,1056.64,662.3999999999999,0.38533134772896493,2025-09
103732,2025-09-16,Australia,Australia & Oceania,Keyboard,Accessories,10,66.32,40.22,663.2,402.2,261.00000000000006,0.3935464414957781,2025-09
102295,2025-09-16,Germany,Europe,Mouse,Accessories,3,41.71,23.5,125.13,70.5,54.629999999999995,0.4365859506113642,2025-09
103486,2025-09-16,Japan,Asia,Smartwatch,Wearables,10,201.41,140.38,2014.1,1403.8,610.3,0.30301375304106054,2025-09
100948,2025-09-16,Australia,Australia & Oceania,Smartwatch,Wearables,15,220.9,136.05,3313.5,2040.75,1272.75,0.3841104572204617,2025-09
104522,2025-09-16,Japan,Asia,Mouse,Accessories,11,44.98,23.87,494.78,262.57,232.20999999999998,0.46931969764339704,2025-09
103438,2025-09-16,South Korea,Asia,Monitor,Electronics,8,343.12,241.07,2744.96,1928.56,816.4000000000001,0.2974178130100257,2025-09
100348,2025-09-16,UK,Europe,Headphones,Accessories,6,134.0,65.39,804.0,392.34,411.66,0.5120149253731343,2025-09
102679,2025-09-16,Italy,Europe,Tablet,Electronics,15,432.76,302.58,6491.4,4538.7,1952.6999999999998,0.30081338386172474,2025-09
103258,2025-09-16,Germany,Europe,Keyboard,Accessories,9,65.73,38.26,591.57,344.34,247.23000000000008,0.41792180130838286,2025-09
101798,2025-09-17,UK,Europe,Headphones,Accessories,13,114.03,70.41,1482.39,915.33,567.0600000000001,0.3825309129176533,2025-09
100367,2025-09-17,Australia,Australia & Oceania,Laptop,Electronics,7,871.23,627.62,6098.61,4393.34,1705.2699999999995,0.2796161748332816,2025-09
101769,2025-09-17,Japan,Asia,Smartwatch,Wearables,14,234.41,146.86,3281.74,2056.04,1225.6999999999998,0.37349089202679064,2025-09
103026,2025-09-17,South Korea,Asia,Smartwatch,Wearables,13,234.31,135.17,3046.03,1757.21,1288.8200000000002,0.4231146771371261,2025-09
101698,2025-09-17,Italy,Europe,Smartwatch,Wearables,5,219.01,136.97,1095.05,684.85,410.19999999999993,0.37459476736222086,2025-09
100859,2025-09-17,South Korea,Asia,Smartwatch,Wearables,8,239.46,141.07,1915.68,1128.56,787.1200000000001,0.410882819677608,2025-09
101285,2025-09-17,Singapore,Asia,Tablet,Electronics,10,496.68,316.76,4966.8,3167.6,1799.2000000000003,0.36224530885076917,2025-09
104083,2025-09-17,Mexico,North America,Headphones,Accessories,14,122.76,68.02,1718.64,952.28,766.3600000000001,0.4459107201042685,2025-09
103692,2025-09-17,UAE,Asia,Headphones,Accessories,11,110.72,65.16,1217.92,716.76,501.1600000000001,0.4114884393063584,2025-09
101497,2025-09-17,USA,North America,Tablet,Electronics,2,478.93,297.94,957.86,595.88,361.98,0.3779049130353079,2025-09
102928,2025-09-17,New Zealand,Australia & Oceania,Smartwatch,Wearables,3,237.01,136.89,711.03,410.67,300.35999999999996,0.42242943335724226,2025-09
101392,2025-09-18,Spain,Europe,Laptop,Electronics,5,916.4,620.7,4582.0,3103.5,1478.5,0.32267568747271935,2025-09
101801,2025-09-18,Australia,Australia & Oceania,Laptop,Electronics,3,825.07,661.23,2475.21,1983.69,491.52,0.1985770904286909,2025-09
103776,2025-09-18,New Zealand,Australia & Oceania,Headphones,Accessories,3,118.02,69.49,354.06,208.47,145.59,0.41120149127266564,2025-09
104630,2025-09-18,Japan,Asia,Smartwatch,Wearables,4,215.76,146.35,863.04,585.4,277.64,0.3217000370782351,2025-09
104991,2025-09-18,New Zealand,Australia & Oceania,Keyboard,Accessories,3,76.69,36.58,230.07,109.74,120.33,0.5230147346459774,2025-09
100260,2025-09-18,Netherlands,Europe,Mouse,Accessories,9,48.33,24.42,434.97,219.78,215.19000000000003,0.494723774053383,2025-09
100882,2025-09-18,Mexico,North America,Phone,Electronics,5,701.47,434.17,3507.35,2170.85,1336.5,0.3810569233181747,2025-09
101346,2025-09-18,Singapore,Asia,Monitor,Electronics,7,379.34,228.62,2655.38,1600.34,1055.0400000000002,0.3973216639426373,2025-09
104246,2025-09-18,New Zealand,Australia & Oceania,Keyboard,Accessories,15,74.37,39.58,1115.55,593.7,521.8499999999999,0.4677961543633185,2025-09
100305,2025-09-18,USA,North America,Mouse,Accessories,6,41.72,24.2,250.32,145.2,105.12,0.4199424736337488,2025-09
102234,2025-09-18,New Zealand,Australia & Oceania,Keyboard,Accessories,11,68.23,36.82,750.53,405.02,345.51,0.4603546826908984,2025-09
104583,2025-09-18,USA,North America,Laptop,Electronics,5,857.48,633.54,4287.4,3167.7,1119.6999999999998,0.2611606101600037,2025-09
104588,2025-09-19,Spain,Europe,Laptop,Electronics,5,835.31,638.3,4176.55,3191.5,985.0500000000002,0.23585255773305722,2025-09
104166,2025-09-19,South Korea,Asia,Smartwatch,Wearables,13,198.91,146.34,2585.83,1902.42,683.4099999999999,0.2642903825850887,2025-09
104127,2025-09-19,Mexico,North America,Headphones,Accessories,11,121.12,71.99,1332.32,791.89,540.43,0.40563077939233816,2025-09
101562,2025-09-19,UK,Europe,Laptop,Electronics,9,815.75,622.78,7341.75,5605.02,1736.7299999999996,0.23655531719276734,2025-09
103890,2025-09-20,Japan,Asia,Keyboard,Accessories,10,69.28,38.09,692.8,380.9,311.9,0.45020207852193994,2025-09
102045,2025-09-20,New Zealand,Australia & Oceania,Smartwatch,Wearables,10,237.14,145.33,2371.4,1453.3,918.1000000000001,0.38715526693092694,2025-09
101209,2025-09-20,Germany,Europe,Mouse,Accessories,9,43.54,21.54,391.86,193.86,198.0,0.5052824988516307,2025-09
102936,2025-09-20,Netherlands,Europe,Laptop,Electronics,12,888.18,639.3,10658.16,7671.6,2986.5599999999995,0.28021347024251836,2025-09
101691,2025-09-20,UK,Europe,Keyboard,Accessories,7,68.83,39.76,481.81,278.32,203.49,0.4223449077437164,2025-09
100243,2025-09-20,New Zealand,Australia & Oceania,Laptop,Electronics,4,944.33,629.2,3777.32,2516.8,1260.52,0.3337074963201423,2025-09
101002,2025-09-20,India,Asia,Phone,Electronics,4,711.6,456.41,2846.4,1825.64,1020.76,0.3586143901068016,2025-09
101079,2025-09-20,Spain,Europe,Mouse,Accessories,13,44.65,23.22,580.45,301.86,278.59000000000003,0.4799552071668533,2025-09
100328,2025-09-21,USA,North America,Mouse,Accessories,5,47.31,22.44,236.55,112.2,124.35000000000001,0.5256816740646798,2025-09
104706,2025-09-21,Singapore,Asia,Tablet,Electronics,2,432.98,296.23,865.96,592.46,273.5,0.3158344496281583,2025-09
103424,2025-09-21,UK,Europe,Phone,Electronics,5,594.04,436.53,2970.2,2182.65,787.5499999999997,0.2651504949161672,2025-09
101400,2025-09-21,Mexico,North America,Phone,Electronics,4,687.31,412.06,2749.24,1648.24,1100.9999999999998,0.40047431290101987,2025-09
104988,2025-09-21,USA,North America,Laptop,Electronics,8,910.65,679.89,7285.2,5439.12,1846.08,0.25340141657058146,2025-09
104644,2025-09-21,France,Europe,Laptop,Electronics,14,934.65,684.67,13085.1,9585.38,3499.720000000001,0.2674584068902799,2025-09
103184,2025-09-21,France,Europe,Monitor,Electronics,6,356.94,237.13,2141.64,1422.78,718.8599999999999,0.3356586541155376,2025-09
101794,2025-09-22,Canada,North America,Mouse,Accessories,15,46.69,24.33,700.35,364.95,335.40000000000003,0.4789034054401371,2025-09
102169,2025-09-22,Mexico,North America,Tablet,Electronics,15,486.12,302.46,7291.8,4536.9,2754.9000000000005,0.3778079486546532,2025-09
102058,2025-09-22,UAE,Asia,Tablet,Electronics,11,484.01,313.67,5324.11,3450.37,1873.7399999999998,0.35193487737856655,2025-09
101440,2025-09-22,Canada,North America,Tablet,Electronics,14,418.62,309.02,5860.68,4326.28,1534.4000000000005,0.2618126224260667,2025-09
103085,2025-09-22,Mexico,North America,Keyboard,Accessories,8,68.61,36.41,548.88,291.28,257.6,0.46931934120390617,2025-09
100765,2025-09-22,Netherlands,Europe,Smartwatch,Wearables,5,212.74,142.41,1063.7,712.05,351.6500000000001,0.33059133214252145,2025-09
101782,2025-09-22,New Zealand,Australia & Oceania,Monitor,Electronics,4,368.6,245.08,1474.4,980.32,494.08000000000004,0.3351058057514921,2025-09
100630,2025-09-23,Spain,Europe,Tablet,Electronics,14,474.78,303.25,6646.92,4245.5,2401.42,0.36128312060322676,2025-09
101111,2025-09-23,Canada,North America,Tablet,Electronics,2,492.64,297.42,985.28,594.84,390.43999999999994,0.3962731406300746,2025-09
104100,2025-09-23,Spain,Europe,Smartwatch,Wearables,6,198.91,138.79,1193.46,832.74,360.72,0.30224724749886883,2025-09
104808,2025-09-23,Australia,Australia & Oceania,Monitor,Electronics,7,351.04,219.02,2457.28,1533.14,924.1400000000001,0.37608249772105745,2025-09
102951,2025-09-23,USA,North America,Tablet,Electronics,9,502.86,291.22,4525.74,2620.98,1904.7599999999998,0.42087260867835974,2025-09
101229,2025-09-23,Australia,Australia & Oceania,Phone,Electronics,10,681.77,433.68,6817.7,4336.8,2480.8999999999996,0.36389104830074653,2025-09
103851,2025-09-23,UAE,Asia,Tablet,Electronics,10,443.92,294.52,4439.2,2945.2,1494.0,0.3365471256082177,2025-09
102457,2025-09-23,Japan,Asia,Laptop,Electronics,7,966.69,609.75,6766.83,4268.25,2498.58,0.3692393631877851,2025-09
104524,2025-09-23,Japan,Asia,Mouse,Accessories,4,48.85,21.55,195.4,86.2,109.2,0.5588536335721597,2025-09
100794,2025-09-23,Canada,North America,Laptop,Electronics,13,909.24,626.03,11820.12,8138.39,3681.7300000000005,0.3114799172935639,2025-09
103256,2025-09-23,France,Europe,Phone,Electronics,3,593.9,465.75,1781.7,1397.25,384.45000000000005,0.21577706684627043,2025-09
100135,2025-09-24,New Zealand,Australia & Oceania,Monitor,Electronics,14,368.0,243.08,5152.0,3403.12,1748.88,0.33945652173913043,2025-09
101731,2025-09-24,UK,Europe,Smartwatch,Wearables,5,220.16,127.79,1100.8,638.95,461.8499999999999,0.41955850290697666,2025-09
100591,2025-09-24,UK,Europe,Laptop,Electronics,14,952.4,620.2,13333.6,8682.8,4650.800000000001,0.3488030239395213,2025-09
103943,2025-09-24,Germany,Europe,Keyboard,Accessories,12,70.89,39.17,850.68,470.04,380.63999999999993,0.4474538016645507,2025-09
104274,2025-09-24,Japan,Asia,Smartwatch,Wearables,8,215.16,142.28,1721.28,1138.24,583.04,0.33872467001301354,2025-09
104032,2025-09-24,Netherlands,Europe,Keyboard,Accessories,9,65.13,37.22,586.17,334.98,251.18999999999994,0.4285275602640871,2025-09
103962,2025-09-24,India,Asia,Phone,Electronics,13,645.33,454.21,8389.29,5904.73,2484.5600000000013,0.29615855453798845,2025-09
101914,2025-09-24,Japan,Asia,Smartwatch,Wearables,3,221.37,144.8,664.11,434.4,229.71000000000004,0.3458914938790261,2025-09
101607,2025-09-25,France,Europe,Phone,Electronics,2,691.43,458.05,1382.86,916.1,466.7599999999999,0.33753236047032953,2025-09
104983,2025-09-25,Mexico,North America,Phone,Electronics,9,628.72,428.73,5658.48,3858.57,1799.9099999999994,0.3180907240106883,2025-09
103924,2025-09-26,UK,Europe,Phone,Electronics,1,726.56,437.56,726.56,437.56,288.99999999999994,0.397764809513323,2025-09
100168,2025-09-26,France,Europe,Laptop,Electronics,10,827.82,637.48,8278.2,6374.8,1903.4000000000005,0.22992921166437152,2025-09
102571,2025-09-26,UAE,Asia,Mouse,Accessories,15,42.24,21.59,633.6,323.85,309.75,0.488873106060606,2025-09
104565,2025-09-26,Spain,Europe,Smartwatch,Wearables,8,241.62,130.27,1932.96,1042.16,890.8,0.4608476119526529,2025-09
100491,2025-09-26,Japan,Asia,Tablet,Electronics,1,447.01,292.44,447.01,292.44,154.57,0.34578644773047584,2025-09
102996,2025-09-26,Australia,Australia & Oceania,Laptop,Electronics,15,869.81,624.52,13047.15,9367.8,3679.3500000000004,0.2820041158413907,2025-09
103873,2025-09-26,France,Europe,Laptop,Electronics,10,905.03,618.57,9050.3,6185.7,2864.5999999999995,0.3165198943681425,2025-09
102473,2025-09-26,New Zealand,Australia & Oceania,Keyboard,Accessories,13,75.86,40.27,986.18,523.51,462.66999999999996,0.4691537041919325,2025-09
104647,2025-09-26,Canada,North America,Headphones,Accessories,3,131.68,68.42,395.04,205.26,189.78000000000003,0.48040704738760637,2025-09
101900,2025-09-26,Canada,North America,Monitor,Electronics,13,386.79,229.59,5028.27,2984.67,2043.6000000000004,0.4064220895059335,2025-09
101230,2025-09-27,South Korea,Asia,Headphones,Accessories,14,122.29,67.86,1712.06,950.04,762.02,0.4450895412543953,2025-09
104766,2025-09-27,New Zealand,Australia & Oceania,Phone,Electronics,1,607.22,438.27,607.22,438.27,168.95000000000005,0.27823523599354444,2025-09
104050,2025-09-27,UK,Europe,Monitor,Electronics,10,385.94,242.47,3859.4,2424.7,1434.7000000000003,0.3717417215111158,2025-09
104087,2025-09-27,France,Europe,Phone,Electronics,15,698.66,468.28,10479.9,7024.2,3455.7,0.32974551283886294,2025-09
103876,2025-09-27,UAE,Asia,Keyboard,Accessories,12,74.11,37.89,889.32,454.68,434.64000000000004,0.4887329645122116,2025-09
102540,2025-09-28,USA,North America,Smartwatch,Wearables,1,215.42,144.38,215.42,144.38,71.03999999999999,0.32977439420666604,2025-09
102419,2025-09-28,Spain,Europe,Headphones,Accessories,10,119.19,67.17,1191.9,671.7,520.2,0.4364460105713567,2025-09
104741,2025-09-28,Mexico,North America,Smartwatch,Wearables,13,229.93,145.07,2989.09,1885.91,1103.18,0.3690688470404036,2025-09
101291,2025-09-28,Singapore,Asia,Smartwatch,Wearables,8,238.51,143.2,1908.08,1145.6,762.48,0.3996058865456375,2025-09
101957,2025-09-28,Canada,North America,Mouse,Accessories,9,48.59,21.95,437.31,197.55,239.76,0.548260959045071,2025-09
101374,2025-09-28,India,Asia,Phone,Electronics,10,683.13,437.17,6831.3,4371.7,2459.6000000000004,0.3600485998272657,2025-09
103086,2025-09-28,Canada,North America,Smartwatch,Wearables,4,216.39,139.22,865.56,556.88,308.67999999999995,0.35662461296732745,2025-09
101742,2025-09-28,Mexico,North America,Monitor,Electronics,4,377.22,233.0,1508.88,932.0,576.8800000000001,0.3823233126557447,2025-09
103364,2025-09-28,France,Europe,Headphones,Accessories,8,113.64,68.62,909.12,548.96,360.15999999999997,0.3961633227736712,2025-09
102599,2025-09-28,Germany,Europe,Mouse,Accessories,3,40.67,23.44,122.01,70.32,51.69000000000001,0.4236537988689453,2025-09
100315,2025-09-29,USA,North America,Headphones,Accessories,13,111.2,65.07,1445.6,845.91,599.6899999999999,0.41483812949640286,2025-09
100017,2025-09-29,Italy,Europe,Headphones,Accessories,15,114.42,67.26,1716.3,1008.9,707.4,0.4121657052962769,2025-09
103231,2025-09-29,Singapore,Asia,Keyboard,Accessories,10,77.12,37.9,771.2,379.0,392.20000000000005,0.5085580912863071,2025-09
101141,2025-09-29,USA,North America,Tablet,Electronics,2,438.09,331.76,876.18,663.52,212.65999999999997,0.2427126846081855,2025-09
103277,2025-09-29,Canada,North America,Keyboard,Accessories,15,69.71,40.37,1045.65,605.55,440.10000000000014,0.42088652990962566,2025-09
100655,2025-09-29,UAE,Asia,Phone,Electronics,4,587.2,421.07,2348.8,1684.28,664.5200000000002,0.28291893732970036,2025-09
100291,2025-09-29,Netherlands,Europe,Tablet,Electronics,11,489.36,315.41,5382.96,3469.51,1913.4499999999998,0.3554642798757561,2025-09
100152,2025-09-29,France,Europe,Phone,Electronics,13,636.69,458.57,8276.97,5961.41,2315.5599999999995,0.27975938054626265,2025-09
100994,2025-09-29,India,Asia,Headphones,Accessories,2,117.13,68.11,234.26,136.22,98.03999999999999,0.41850934858704003,2025-09
102625,2025-09-29,India,Asia,Phone,Electronics,8,648.12,452.33,5184.96,3618.64,1566.3200000000002,0.3020891192988953,2025-09
103678,2025-09-30,India,Asia,Smartwatch,Wearables,1,220.34,134.12,220.34,134.12,86.22,0.3913043478260869,2025-09
100914,2025-09-30,UAE,Asia,Monitor,Electronics,10,389.63,221.81,3896.3,2218.1,1678.2000000000003,0.4307163206118626,2025-09
101186,2025-09-30,New Zealand,Australia & Oceania,Laptop,Electronics,5,974.22,601.94,4871.1,3009.7,1861.4000000000005,0.38213134610252314,2025-09
102628,2025-09-30,Canada,North America,Tablet,Electronics,15,494.85,309.22,7422.75,4638.3,2784.45,0.37512377488127713,2025-09
101177,2025-09-30,Canada,North America,Headphones,Accessories,6,108.59,66.57,651.54,399.42,252.11999999999995,0.3869601252417349,2025-09
100208,2025-09-30,USA,North America,Tablet,Electronics,13,482.75,332.46,6275.75,4321.98,1953.7700000000004,0.3113205592957018,2025-09
103334,2025-09-30,France,Europe,Smartwatch,Wearables,4,199.8,135.07,799.2,540.28,258.9200000000001,0.32397397397397404,2025-09
101272,2025-09-30,New Zealand,Australia & Oceania,Monitor,Electronics,15,335.42,228.53,5031.3,3427.95,1603.3500000000004,0.31867509391211024,2025-09
104151,2025-09-30,Spain,Europe,Laptop,Electronics,6,950.46,603.35,5702.76,3620.1,2082.6600000000003,0.36520211266123775,2025-09
102342,2025-09-30,Spain,Europe,Monitor,Electronics,1,370.59,242.37,370.59,242.37,128.21999999999997,0.34598882862462554,2025-09
104133,2025-09-30,Canada,North America,Monitor,Electronics,5,328.4,220.14,1642.0,1100.7,541.3,0.3296589524969549,2025-09
103383,2025-09-30,Spain,Europe,Headphones,Accessories,13,122.79,70.86,1596.27,921.18,675.09,0.42291717566577086,2025-09
103006,2025-10-01,USA,North America,Phone,Electronics,2,710.81,410.32,1421.62,820.64,600.9799999999999,0.4227430677677579,2025-10
104642,2025-10-01,Netherlands,Europe,Mouse,Accessories,4,47.64,22.25,190.56,89.0,101.56,0.5329554995801847,2025-10
100194,2025-10-01,USA,North America,Laptop,Electronics,9,854.84,619.69,7693.56,5577.21,2116.3500000000004,0.27508071685929536,2025-10
103854,2025-10-02,Australia,Australia & Oceania,Tablet,Electronics,12,484.73,333.36,5816.76,4000.32,1816.44,0.3122769376766447,2025-10
101129,2025-10-02,South Korea,Asia,Phone,Electronics,7,684.24,438.06,4789.68,3066.42,1723.2600000000002,0.35978603998596986,2025-10
102017,2025-10-02,Singapore,Asia,Monitor,Electronics,13,391.21,241.02,5085.73,3133.26,1952.4699999999993,0.3839114542061807,2025-10
102518,2025-10-03,Japan,Asia,Monitor,Electronics,7,323.5,232.95,2264.5,1630.65,633.8499999999999,0.2799072642967542,2025-10
103376,2025-10-03,Canada,North America,Headphones,Accessories,1,121.31,69.22,121.31,69.22,52.09,0.42939576292144094,2025-10
104318,2025-10-03,UK,Europe,Headphones,Accessories,1,125.87,69.82,125.87,69.82,56.05000000000001,0.4453007070787321,2025-10
104621,2025-10-03,New Zealand,Australia & Oceania,Phone,Electronics,8,610.97,428.32,4887.76,3426.56,1461.2000000000003,0.29895084865050664,2025-10
103687,2025-10-03,New Zealand,Australia & Oceania,Monitor,Electronics,8,370.22,221.81,2961.76,1774.48,1187.2800000000002,0.40086975311976664,2025-10
102106,2025-10-03,Spain,Europe,Tablet,Electronics,4,460.79,305.86,1843.16,1223.44,619.72,0.3362269146465852,2025-10
103579,2025-10-03,Canada,North America,Smartwatch,Wearables,1,241.78,133.83,241.78,133.83,107.94999999999999,0.4464802713210356,2025-10
101939,2025-10-04,UAE,Asia,Tablet,Electronics,11,464.12,319.37,5105.32,3513.07,1592.2499999999995,0.31188054813410315,2025-10
104711,2025-10-04,Singapore,Asia,Smartwatch,Wearables,14,213.79,134.77,2993.06,1886.78,1106.28,0.36961504279900836,2025-10
103160,2025-10-04,UK,Europe,Smartwatch,Wearables,9,209.1,128.65,1881.9,1157.85,724.0500000000002,0.3847441415590627,2025-10
100326,2025-10-04,Mexico,North America,Tablet,Electronics,12,444.47,329.05,5333.64,3948.6,1385.0400000000004,0.2596800683960673,2025-10
104355,2025-10-04,India,Asia,Tablet,Electronics,7,459.22,317.54,3214.54,2222.78,991.7599999999998,0.3085231479465179,2025-10
104193,2025-10-05,Japan,Asia,Tablet,Electronics,15,483.86,330.81,7257.9,4962.15,2295.75,0.3163105030380689,2025-10
100635,2025-10-05,Netherlands,Europe,Keyboard,Accessories,10,71.74,40.18,717.4,401.8,315.59999999999997,0.43992194034011706,2025-10
104830,2025-10-05,South Korea,Asia,Laptop,Electronics,6,886.9,684.09,5321.4,4104.54,1216.8599999999997,0.22867290562633888,2025-10
101773,2025-10-05,New Zealand,Australia & Oceania,Tablet,Electronics,3,469.41,304.61,1408.23,913.83,494.4,0.35107901408150655,2025-10
104045,2025-10-05,UAE,Asia,Laptop,Electronics,4,918.14,631.58,3672.56,2526.32,1146.2399999999998,0.31210926438233816,2025-10
104737,2025-10-05,Singapore,Asia,Monitor,Electronics,4,342.6,229.22,1370.4,916.88,453.5200000000001,0.3309398715703445,2025-10
104566,2025-10-05,New Zealand,Australia & Oceania,Mouse,Accessories,9,48.72,23.74,438.48,213.66,224.82000000000002,0.5127257799671593,2025-10
104352,2025-10-06,Japan,Asia,Keyboard,Accessories,6,71.49,38.93,428.94,233.58,195.35999999999999,0.45544831444957334,2025-10
101547,2025-10-06,Mexico,North America,Laptop,Electronics,2,963.62,665.63,1927.24,1331.26,595.98,0.30924015690832485,2025-10
101070,2025-10-06,Germany,Europe,Mouse,Accessories,15,43.89,24.07,658.35,361.05,297.3,0.45158350421508314,2025-10
101915,2025-10-06,Japan,Asia,Phone,Electronics,1,635.86,426.53,635.86,426.53,209.33000000000004,0.3292076872267481,2025-10
103271,2025-10-06,Spain,Europe,Tablet,Electronics,13,443.06,312.75,5759.78,4065.75,1694.0299999999997,0.29411366406355793,2025-10
101978,2025-10-06,India,Asia,Keyboard,Accessories,7,72.46,40.04,507.22,280.28,226.94000000000005,0.4474192658018218,2025-10
102742,2025-10-07,UK,Europe,Monitor,Electronics,4,345.04,246.63,1380.16,986.52,393.6400000000001,0.2852133086019013,2025-10
100075,2025-10-07,USA,North America,Monitor,Electronics,10,366.76,226.07,3667.6,2260.7,1406.9,0.3836023557639874,2025-10
102351,2025-10-07,Mexico,North America,Headphones,Accessories,14,115.69,67.74,1619.66,948.36,671.3000000000001,0.4144697035180223,2025-10
104688,2025-10-07,UK,Europe,Tablet,Electronics,9,427.31,301.78,3845.79,2716.02,1129.77,0.2937679904518967,2025-10
102897,2025-10-07,India,Asia,Laptop,Electronics,11,967.55,662.44,10643.05,7286.84,3356.209999999999,0.31534287633714014,2025-10
102417,2025-10-07,South Korea,Asia,Keyboard,Accessories,14,77.29,39.18,1082.06,548.52,533.54,0.49307801785483246,2025-10
101639,2025-10-07,New Zealand,Australia & Oceania,Laptop,Electronics,12,892.81,658.58,10713.72,7902.96,2810.7599999999993,0.2623514521566738,2025-10
103747,2025-10-08,USA,North America,Smartwatch,Wearables,11,226.78,128.35,2494.58,1411.85,1082.73,0.4340329835082459,2025-10
102481,2025-10-08,Spain,Europe,Smartwatch,Wearables,6,214.04,129.04,1284.24,774.24,510.0,0.3971220332648103,2025-10
101756,2025-10-08,USA,North America,Tablet,Electronics,5,471.23,326.82,2356.15,1634.1,722.0500000000002,0.30645332427901456,2025-10
102096,2025-10-08,USA,North America,Keyboard,Accessories,1,68.26,40.01,68.26,40.01,28.250000000000007,0.41385877527102266,2025-10
104598,2025-10-08,Netherlands,Europe,Laptop,Electronics,1,837.28,664.37,837.28,664.37,172.90999999999997,0.20651394993311672,2025-10
101254,2025-10-08,France,Europe,Monitor,Electronics,7,370.73,237.04,2595.11,1659.28,935.8300000000002,0.3606128449275754,2025-10
101509,2025-10-08,USA,North America,Phone,Electronics,2,652.0,426.43,1304.0,852.86,451.14,0.34596625766871164,2025-10
100160,2025-10-08,USA,North America,Smartwatch,Wearables,7,220.81,129.89,1545.67,909.23,636.44,0.4117567139169422,2025-10
100709,2025-10-08,UK,Europe,Laptop,Electronics,7,982.93,618.8,6880.51,4331.6,2548.91,0.3704536436979235,2025-10
103236,2025-10-09,UK,Europe,Phone,Electronics,6,658.91,408.33,3953.46,2449.98,1503.48,0.3802947291739388,2025-10
104192,2025-10-09,Australia,Australia & Oceania,Keyboard,Accessories,15,64.92,35.83,973.8,537.45,436.3499999999999,0.44808995686999376,2025-10
104731,2025-10-09,Germany,Europe,Phone,Electronics,10,687.49,426.47,6874.9,4264.7,2610.2,0.3796709770323932,2025-10
100755,2025-10-09,Germany,Europe,Laptop,Electronics,7,826.23,607.51,5783.61,4252.57,1531.04,0.26472047734892223,2025-10
103445,2025-10-09,Australia,Australia & Oceania,Headphones,Accessories,15,117.21,70.51,1758.15,1057.65,700.5,0.39843016807439635,2025-10
102860,2025-10-09,Spain,Europe,Monitor,Electronics,5,316.3,230.69,1581.5,1153.45,428.04999999999995,0.2706607650964274,2025-10
104841,2025-10-09,Australia,Australia & Oceania,Tablet,Electronics,5,489.59,296.85,2447.95,1484.25,963.6999999999998,0.3936763414285422,2025-10
103385,2025-10-10,France,Europe,Monitor,Electronics,10,332.72,221.67,3327.2,2216.7,1110.5,0.333764125991825,2025-10
102208,2025-10-10,Australia,Australia & Oceania,Smartwatch,Wearables,15,202.81,135.96,3042.15,2039.4,1002.75,0.3296188550860411,2025-10
102260,2025-10-10,UAE,Asia,Phone,Electronics,12,604.48,428.93,7253.76,5147.16,2106.6000000000004,0.2904149020645845,2025-10
103900,2025-10-10,Canada,North America,Keyboard,Accessories,11,74.93,37.04,824.23,407.44,416.79,0.5056719604964633,2025-10
102112,2025-10-10,France,Europe,Laptop,Electronics,6,918.17,622.81,5509.02,3736.86,1772.1600000000003,0.3216833483995339,2025-10
102791,2025-10-10,USA,North America,Smartwatch,Wearables,3,213.76,132.86,641.28,398.58,242.7,0.3784618263473054,2025-10
102610,2025-10-10,Germany,Europe,Mouse,Accessories,6,48.67,21.55,292.02,129.3,162.71999999999997,0.5572221080747893,2025-10
101464,2025-10-10,Mexico,North America,Keyboard,Accessories,10,69.33,38.78,693.3,387.8,305.49999999999994,0.44064618491273616,2025-10
102453,2025-10-10,Japan,Asia,Keyboard,Accessories,9,70.46,40.51,634.14,364.59,269.55,0.42506386602327567,2025-10
101868,2025-10-10,Germany,Europe,Keyboard,Accessories,8,73.46,39.68,587.68,317.44,270.23999999999995,0.4598420909338415,2025-10
104268,2025-10-10,Netherlands,Europe,Mouse,Accessories,13,43.33,24.53,563.29,318.89,244.39999999999998,0.4338795291945534,2025-10
101965,2025-10-11,India,Asia,Smartwatch,Wearables,11,238.48,130.14,2623.28,1431.54,1191.7400000000002,0.45429386112042947,2025-10
103523,2025-10-11,Netherlands,Europe,Laptop,Electronics,12,968.92,644.13,11627.04,7729.56,3897.4800000000005,0.3352082731288445,2025-10
102801,2025-10-11,Canada,North America,Mouse,Accessories,13,46.35,24.15,602.55,313.95,288.59999999999997,0.47896440129449835,2025-10
102199,2025-10-12,UAE,Asia,Headphones,Accessories,5,108.75,72.86,543.75,364.3,179.45,0.33002298850574713,2025-10
104543,2025-10-12,UK,Europe,Monitor,Electronics,8,325.67,232.56,2605.36,1860.48,744.8800000000001,0.2859029078515061,2025-10
102723,2025-10-12,Canada,North America,Phone,Electronics,2,714.13,414.67,1428.26,829.34,598.92,0.41933541512049627,2025-10
101988,2025-10-12,Singapore,Asia,Laptop,Electronics,14,919.44,602.37,12872.16,8433.18,4438.98,0.34485121378230227,2025-10
104691,2025-10-12,India,Asia,Mouse,Accessories,5,46.05,22.27,230.25,111.35,118.9,0.5163952225841477,2025-10
103593,2025-10-12,India,Asia,Keyboard,Accessories,2,66.56,38.71,133.12,77.42,55.7,0.41841947115384615,2025-10
103124,2025-10-12,South Korea,Asia,Mouse,Accessories,14,46.11,23.24,645.54,325.36,320.17999999999995,0.4959878551290392,2025-10
104091,2025-10-12,USA,North America,Monitor,Electronics,15,369.51,217.04,5542.65,3255.6,2287.0499999999997,0.4126275337609266,2025-10
103803,2025-10-12,Canada,North America,Phone,Electronics,13,698.8,408.82,9084.4,5314.66,3769.74,0.4149685174585003,2025-10
100858,2025-10-12,Singapore,Asia,Keyboard,Accessories,7,73.16,39.36,512.12,275.52,236.60000000000002,0.46200109349371243,2025-10
100341,2025-10-12,Singapore,Asia,Headphones,Accessories,1,111.46,72.51,111.46,72.51,38.94999999999999,0.34945271846402287,2025-10
104302,2025-10-13,Australia,Australia & Oceania,Keyboard,Accessories,2,66.21,38.13,132.42,76.26,56.15999999999998,0.4241051200724965,2025-10
104804,2025-10-13,Italy,Europe,Phone,Electronics,15,653.53,436.1,9802.95,6541.5,3261.4500000000007,0.33270087065628207,2025-10
103791,2025-10-13,France,Europe,Keyboard,Accessories,13,72.38,36.28,940.94,471.64,469.30000000000007,0.49875656258634987,2025-10
104797,2025-10-13,France,Europe,Mouse,Accessories,8,42.36,22.44,338.88,179.52,159.35999999999999,0.4702549575070821,2025-10
104314,2025-10-13,New Zealand,Australia & Oceania,Headphones,Accessories,13,130.41,68.98,1695.33,896.74,798.5899999999999,0.4710528333716739,2025-10
102985,2025-10-13,Singapore,Asia,Phone,Electronics,2,628.22,413.45,1256.44,826.9,429.5400000000001,0.34187068224507344,2025-10
102129,2025-10-13,New Zealand,Australia & Oceania,Phone,Electronics,13,681.95,443.8,8865.35,5769.4,3095.9500000000007,0.349219150964147,2025-10
104325,2025-10-13,USA,North America,Phone,Electronics,14,678.42,452.39,9497.88,6333.46,3164.419999999999,0.3331711918870316,2025-10
100249,2025-10-13,Australia,Australia & Oceania,Headphones,Accessories,13,114.19,65.33,1484.47,849.29,635.1800000000001,0.42788335230755764,2025-10
101696,2025-10-13,Spain,Europe,Keyboard,Accessories,13,72.81,35.74,946.53,464.62,481.90999999999997,0.5091333608020876,2025-10
103888,2025-10-13,Mexico,North America,Mouse,Accessories,12,49.2,23.13,590.4,277.56,312.84,0.5298780487804878,2025-10
103944,2025-10-13,Japan,Asia,Headphones,Accessories,9,116.48,73.55,1048.32,661.95,386.3699999999999,0.3685611263736263,2025-10
102423,2025-10-13,Canada,North America,Mouse,Accessories,3,49.03,21.65,147.09,64.95,82.14,0.5584336120742402,2025-10
103669,2025-10-14,Spain,Europe,Mouse,Accessories,11,42.36,21.7,465.96,238.7,227.26,0.48772426817752595,2025-10
101946,2025-10-14,Japan,Asia,Smartwatch,Wearables,1,225.4,144.19,225.4,144.19,81.21000000000001,0.36029281277728487,2025-10
103544,2025-10-14,Japan,Asia,Phone,Electronics,3,660.24,461.77,1980.72,1385.31,595.4100000000001,0.30060281109899434,2025-10
100777,2025-10-14,France,Europe,Laptop,Electronics,7,936.04,683.75,6552.28,4786.25,1766.0299999999997,0.2695290799538481,2025-10
102319,2025-10-14,UAE,Asia,Keyboard,Accessories,3,71.85,38.18,215.55,114.54,101.01,0.4686151704940849,2025-10
102268,2025-10-14,USA,North America,Laptop,Electronics,6,854.84,652.07,5129.04,3912.42,1216.62,0.23720228346825134,2025-10
100830,2025-10-15,South Korea,Asia,Monitor,Electronics,7,338.61,238.34,2370.27,1668.38,701.8899999999999,0.29612238268214164,2025-10
100749,2025-10-15,Australia,Australia & Oceania,Laptop,Electronics,11,973.78,638.19,10711.58,7020.09,3691.49,0.34462609624350465,2025-10
100275,2025-10-15,UAE,Asia,Mouse,Accessories,3,47.4,24.22,142.2,72.66,69.53999999999999,0.4890295358649789,2025-10
104759,2025-10-15,India,Asia,Mouse,Accessories,1,49.8,22.12,49.8,22.12,27.679999999999996,0.5558232931726907,2025-10
101783,2025-10-15,Singapore,Asia,Smartwatch,Wearables,1,241.11,132.48,241.11,132.48,108.63000000000002,0.450541246733856,2025-10
104493,2025-10-15,Singapore,Asia,Tablet,Electronics,11,476.84,327.91,5245.24,3607.01,1638.2299999999996,0.3123269859911081,2025-10
102299,2025-10-15,Netherlands,Europe,Mouse,Accessories,8,44.97,22.45,359.76,179.6,180.16,0.500778296642206,2025-10
103582,2025-10-15,USA,North America,Mouse,Accessories,7,48.36,22.99,338.52,160.93,177.58999999999997,0.5246071133167907,2025-10
101248,2025-10-15,Netherlands,Europe,Keyboard,Accessories,12,71.11,35.7,853.32,428.4,424.9200000000001,0.4979609056391507,2025-10
100338,2025-10-15,Canada,North America,Tablet,Electronics,3,432.63,328.7,1297.89,986.1,311.7900000000001,0.2402283706631533,2025-10
100789,2025-10-15,South Korea,Asia,Phone,Electronics,12,594.31,457.95,7131.72,5495.4,1636.3200000000006,0.22944254681900025,2025-10
101084,2025-10-16,New Zealand,Australia & Oceania,Keyboard,Accessories,4,72.1,38.5,288.4,154.0,134.39999999999998,0.4660194174757281,2025-10
102401,2025-10-16,India,Asia,Smartwatch,Wearables,5,204.32,145.67,1021.6,728.35,293.25,0.2870497259201253,2025-10
100990,2025-10-16,Canada,North America,Phone,Electronics,2,687.34,431.61,1374.68,863.22,511.46000000000004,0.3720574970174877,2025-10
100059,2025-10-16,France,Europe,Tablet,Electronics,13,460.06,306.28,5980.78,3981.64,1999.1399999999999,0.33426074859800897,2025-10
104348,2025-10-17,Singapore,Asia,Monitor,Electronics,4,362.24,225.28,1448.96,901.12,547.84,0.37809187279151946,2025-10
103644,2025-10-17,UAE,Asia,Smartwatch,Wearables,1,215.97,142.56,215.97,142.56,73.41,0.33990832060008336,2025-10
104021,2025-10-17,India,Asia,Monitor,Electronics,6,357.72,218.14,2146.32,1308.84,837.4800000000002,0.39019344738901945,2025-10
102924,2025-10-17,Netherlands,Europe,Smartwatch,Wearables,3,219.49,138.35,658.47,415.05,243.42000000000002,0.3696751560435555,2025-10
103466,2025-10-17,USA,North America,Monitor,Electronics,12,337.7,223.71,4052.4,2684.52,1367.88,0.33754811963281023,2025-10
101279,2025-10-18,UK,Europe,Phone,Electronics,8,667.95,407.73,5343.6,3261.84,2081.76,0.3895800583876039,2025-10
101421,2025-10-18,UK,Europe,Mouse,Accessories,5,43.13,23.47,215.65,117.35,98.30000000000001,0.4558312079758869,2025-10
103945,2025-10-18,Italy,Europe,Laptop,Electronics,15,893.79,664.2,13406.85,9963.0,3443.8500000000004,0.25687241969590174,2025-10
103694,2025-10-18,Netherlands,Europe,Monitor,Electronics,5,322.54,236.26,1612.7,1181.3,431.4000000000001,0.2675017052148571,2025-10
103474,2025-10-18,Mexico,North America,Keyboard,Accessories,13,64.53,40.56,838.89,527.28,311.61,0.37145513714551376,2025-10
104104,2025-10-18,Spain,Europe,Keyboard,Accessories,10,69.49,38.59,694.9,385.9,309.0,0.4446682975967765,2025-10
101976,2025-10-18,New Zealand,Australia & Oceania,Monitor,Electronics,12,361.66,243.49,4339.92,2921.88,1418.04,0.32674335010783606,2025-10
102636,2025-10-19,USA,North America,Monitor,Electronics,1,349.79,241.45,349.79,241.45,108.34000000000003,0.3097286943594729,2025-10
104862,2025-10-19,Mexico,North America,Keyboard,Accessories,6,77.5,36.7,465.0,220.2,244.8,0.5264516129032258,2025-10
101539,2025-10-19,Spain,Europe,Smartwatch,Wearables,1,229.06,133.13,229.06,133.13,95.93,0.41879856806077015,2025-10
102048,2025-10-19,Canada,North America,Smartwatch,Wearables,11,202.93,128.38,2232.23,1412.18,820.05,0.36736805795101757,2025-10
102454,2025-10-19,Japan,Asia,Phone,Electronics,12,661.9,426.23,7942.8,5114.76,2828.04,0.35605076295512916,2025-10
103693,2025-10-19,USA,North America,Tablet,Electronics,6,457.77,306.88,2746.62,1841.28,905.3399999999999,0.3296196780042379,2025-10
104060,2025-10-19,Australia,Australia & Oceania,Tablet,Electronics,4,477.22,314.18,1908.88,1256.72,652.1600000000001,0.3416453627257869,2025-10
104917,2025-10-19,UAE,Asia,Monitor,Electronics,8,321.56,218.1,2572.48,1744.8,827.6800000000001,0.3217439980097027,2025-10
100281,2025-10-20,New Zealand,Australia & Oceania,Monitor,Electronics,11,332.13,237.11,3653.43,2608.21,1045.2199999999998,0.2860927949899135,2025-10
101755,2025-10-20,New Zealand,Australia & Oceania,Monitor,Electronics,9,364.41,232.41,3279.69,2091.69,1188.0,0.3622293570428912,2025-10
104281,2025-10-20,France,Europe,Phone,Electronics,3,625.73,422.84,1877.19,1268.52,608.6700000000001,0.32424528151119497,2025-10
100620,2025-10-20,Canada,North America,Phone,Electronics,4,681.35,457.92,2725.4,1831.68,893.72,0.3279225067879944,2025-10
103957,2025-10-20,Australia,Australia & Oceania,Smartwatch,Wearables,12,209.13,143.45,2509.56,1721.4,788.1599999999999,0.3140630230000478,2025-10
101591,2025-10-20,USA,North America,Smartwatch,Wearables,4,221.78,138.71,887.12,554.84,332.28,0.37456037514654156,2025-10
101584,2025-10-20,UAE,Asia,Phone,Electronics,4,670.14,437.76,2680.56,1751.04,929.52,0.34676336287939835,2025-10
104440,2025-10-20,Italy,Europe,Keyboard,Accessories,4,69.07,37.4,276.28,149.6,126.67999999999998,0.45852034168235123,2025-10
102958,2025-10-20,Australia,Australia & Oceania,Laptop,Electronics,11,843.59,665.67,9279.49,7322.37,1957.12,0.21090814258111168,2025-10
102778,2025-10-20,France,Europe,Laptop,Electronics,2,970.01,651.16,1940.02,1302.32,637.7,0.32870795146441795,2025-10
102990,2025-10-20,Australia,Australia & Oceania,Mouse,Accessories,12,41.46,23.95,497.52,287.4,210.12,0.42233478051133627,2025-10
101342,2025-10-20,Japan,Asia,Phone,Electronics,10,637.12,416.39,6371.2,4163.9,2207.3,0.3464496484178805,2025-10
101989,2025-10-20,South Korea,Asia,Smartwatch,Wearables,14,217.72,139.07,3048.08,1946.98,1101.1,0.36124379937534445,2025-10
100998,2025-10-20,Germany,Europe,Keyboard,Accessories,5,63.77,38.82,318.85,194.1,124.75000000000003,0.3912498039830642,2025-10
104968,2025-10-20,Canada,North America,Headphones,Accessories,14,119.52,72.58,1673.28,1016.12,657.16,0.3927376171352075,2025-10
103729,2025-10-21,Italy,Europe,Phone,Electronics,6,693.85,461.99,4163.1,2771.94,1391.1600000000003,0.3341644447647186,2025-10
102269,2025-10-21,France,Europe,Headphones,Accessories,5,131.7,65.16,658.5,325.8,332.7,0.5052391799544419,2025-10
104120,2025-10-21,USA,North America,Smartwatch,Wearables,5,221.43,128.86,1107.15,644.3,462.85000000000014,0.41805536738472665,2025-10
100340,2025-10-21,Germany,Europe,Mouse,Accessories,15,44.72,23.65,670.8,354.75,316.04999999999995,0.47115384615384615,2025-10
101617,2025-10-21,New Zealand,Australia & Oceania,Headphones,Accessories,4,108.94,73.32,435.76,293.28,142.48000000000002,0.3269689737470168,2025-10
103527,2025-10-21,New Zealand,Australia & Oceania,Mouse,Accessories,3,44.9,23.47,134.7,70.41,64.28999999999999,0.47728285077951,2025-10
103958,2025-10-21,Singapore,Asia,Laptop,Electronics,13,932.38,669.92,12120.94,8708.96,3411.9800000000014,0.28149466955533164,2025-10
103547,2025-10-21,Germany,Europe,Mouse,Accessories,3,41.4,22.29,124.2,66.87,57.33,0.4615942028985507,2025-10
103996,2025-10-21,UAE,Asia,Keyboard,Accessories,7,66.7,37.69,466.9,263.83,203.07,0.43493253373313345,2025-10
100332,2025-10-21,Canada,North America,Monitor,Electronics,1,389.15,217.06,389.15,217.06,172.08999999999997,0.4422202235641783,2025-10
102567,2025-10-21,France,Europe,Mouse,Accessories,13,46.16,22.36,600.08,290.68,309.40000000000003,0.5155979202772963,2025-10
100811,2025-10-22,New Zealand,Australia & Oceania,Tablet,Electronics,8,476.21,332.71,3809.68,2661.68,1148.0,0.3013376451565486,2025-10
103096,2025-10-22,USA,North America,Headphones,Accessories,4,118.64,73.35,474.56,293.4,181.16000000000003,0.38174308833445725,2025-10
104266,2025-10-22,South Korea,Asia,Mouse,Accessories,1,47.51,23.01,47.51,23.01,24.499999999999996,0.5156809092822563,2025-10
104492,2025-10-22,Mexico,North America,Headphones,Accessories,9,128.08,72.27,1152.72,650.43,502.2900000000001,0.4357432854465959,2025-10
101496,2025-10-22,Canada,North America,Laptop,Electronics,12,908.93,662.39,10907.16,7948.68,2958.4799999999996,0.27124200983574087,2025-10
103350,2025-10-22,Italy,Europe,Mouse,Accessories,8,47.49,23.96,379.92,191.68,188.24,0.4954727311012845,2025-10
101233,2025-10-22,France,Europe,Headphones,Accessories,10,131.45,70.77,1314.5,707.7,606.8,0.4616203879802206,2025-10
100299,2025-10-22,Canada,North America,Mouse,Accessories,2,45.19,22.91,90.38,45.82,44.559999999999995,0.4930294312901084,2025-10
103500,2025-10-22,Mexico,North America,Monitor,Electronics,15,383.83,236.42,5757.45,3546.3,2211.1499999999996,0.3840502305708256,2025-10
102482,2025-10-22,New Zealand,Australia & Oceania,Headphones,Accessories,7,133.87,72.07,937.09,504.49,432.6,0.46164189138716666,2025-10
103936,2025-10-22,UAE,Asia,Smartwatch,Wearables,5,223.88,139.21,1119.4,696.05,423.35000000000014,0.3781936751831339,2025-10
100424,2025-10-23,UAE,Asia,Monitor,Electronics,4,379.03,216.68,1516.12,866.72,649.3999999999999,0.4283302113289185,2025-10
100775,2025-10-23,USA,North America,Monitor,Electronics,15,358.81,229.13,5382.15,3436.95,1945.1999999999998,0.3614169058833366,2025-10
103139,2025-10-23,South Korea,Asia,Tablet,Electronics,4,453.84,311.72,1815.36,1246.88,568.4799999999998,0.3131500088136787,2025-10
102046,2025-10-23,Mexico,North America,Phone,Electronics,6,655.23,441.38,3931.38,2648.28,1283.1,0.32637394502693706,2025-10
101437,2025-10-23,Germany,Europe,Headphones,Accessories,8,113.31,69.64,906.48,557.12,349.36,0.38540287706292475,2025-10
103351,2025-10-23,Germany,Europe,Phone,Electronics,10,727.13,462.09,7271.3,4620.9,2650.4000000000005,0.3645015334259349,2025-10
103094,2025-10-23,USA,North America,Headphones,Accessories,2,124.93,73.54,249.86,147.08,102.78,0.4113503561994717,2025-10
103991,2025-10-23,Spain,Europe,Smartwatch,Wearables,14,222.93,141.3,3121.02,1978.2,1142.82,0.36616875252321357,2025-10
103345,2025-10-23,Singapore,Asia,Smartwatch,Wearables,5,216.2,137.79,1081.0,688.95,392.04999999999995,0.36267345050878813,2025-10
104985,2025-10-23,India,Asia,Laptop,Electronics,12,899.84,654.38,10798.08,7852.56,2945.5199999999995,0.27278182788051203,2025-10
100689,2025-10-24,Canada,North America,Tablet,Electronics,14,485.52,301.77,6797.28,4224.78,2572.5,0.37846020761245674,2025-10
103059,2025-10-24,Germany,Europe,Laptop,Electronics,9,910.93,606.58,8198.37,5459.22,2739.1500000000005,0.3341090972961699,2025-10
101250,2025-10-24,Mexico,North America,Headphones,Accessories,7,119.61,73.62,837.27,515.34,321.92999999999995,0.3844996237772761,2025-10
102285,2025-10-24,Spain,Europe,Smartwatch,Wearables,1,244.43,144.42,244.43,144.42,100.01000000000002,0.4091559955815572,2025-10
100605,2025-10-24,Netherlands,Europe,Tablet,Electronics,14,415.94,317.35,5823.16,4442.9,1380.2600000000002,0.23702937923739006,2025-10
102221,2025-10-24,Mexico,North America,Mouse,Accessories,11,41.0,24.39,451.0,268.29,182.70999999999998,0.40512195121951217,2025-10
103113,2025-10-24,USA,North America,Keyboard,Accessories,14,67.99,35.67,951.86,499.38,452.48,0.47536402412119433,2025-10
100320,2025-10-24,France,Europe,Smartwatch,Wearables,2,226.99,140.65,453.98,281.3,172.68,0.3803691792589982,2025-10
102108,2025-10-24,New Zealand,Australia & Oceania,Mouse,Accessories,11,43.17,24.49,474.87,269.39,205.48000000000002,0.43270789900393797,2025-10
101155,2025-10-24,USA,North America,Mouse,Accessories,7,50.24,23.07,351.68,161.49,190.19,0.5408041401273885,2025-10
101697,2025-10-24,UK,Europe,Monitor,Electronics,4,355.18,228.59,1420.72,914.36,506.36,0.35641083394335266,2025-10
100472,2025-10-25,Australia,Australia & Oceania,Laptop,Electronics,15,928.74,654.59,13931.1,9818.85,4112.25,0.29518487413054245,2025-10
104343,2025-10-25,Canada,North America,Smartwatch,Wearables,11,215.13,131.29,2366.43,1444.19,922.2399999999998,0.38971784502393897,2025-10
104357,2025-10-25,Spain,Europe,Monitor,Electronics,10,327.81,221.29,3278.1,2212.9,1065.1999999999998,0.3249443275067874,2025-10
101467,2025-10-25,Australia,Australia & Oceania,Phone,Electronics,11,655.5,457.08,7210.5,5027.88,2182.62,0.30270022883295195,2025-10
103251,2025-10-25,UAE,Asia,Headphones,Accessories,11,124.73,64.19,1372.03,706.09,665.9399999999999,0.48536839573478713,2025-10
102386,2025-10-25,India,Asia,Mouse,Accessories,11,40.87,24.26,449.57,266.86,182.70999999999998,0.40641057010031806,2025-10
102591,2025-10-25,Mexico,North America,Keyboard,Accessories,8,78.09,35.47,624.72,283.76,340.96000000000004,0.5457805096683315,2025-10
102415,2025-10-25,India,Asia,Phone,Electronics,11,696.35,420.46,7659.85,4625.06,3034.79,0.3961944424499174,2025-10
104536,2025-10-26,Singapore,Asia,Monitor,Electronics,7,357.13,247.44,2499.91,1732.08,767.8299999999999,0.3071430571500574,2025-10
103773,2025-10-26,Japan,Asia,Headphones,Accessories,7,127.7,73.75,893.9,516.25,377.65,0.42247454972592013,2025-10
103850,2025-10-26,UK,Europe,Laptop,Electronics,1,863.06,663.26,863.06,663.26,199.79999999999995,0.23150186545547236,2025-10
102242,2025-10-26,Germany,Europe,Smartwatch,Wearables,3,229.02,133.56,687.06,400.68,286.37999999999994,0.4168194917474456,2025-10
103546,2025-10-26,Germany,Europe,Smartwatch,Wearables,12,225.72,143.06,2708.64,1716.72,991.9199999999998,0.36620591883749776,2025-10
104910,2025-10-26,UAE,Asia,Mouse,Accessories,6,49.08,23.41,294.48,140.46,154.02,0.5230236348818256,2025-10
100577,2025-10-26,Germany,Europe,Phone,Electronics,2,699.49,454.07,1398.98,908.14,490.84000000000003,0.3508556233827503,2025-10
101929,2025-10-27,USA,North America,Laptop,Electronics,1,953.49,672.85,953.49,672.85,280.64,0.2943292535842012,2025-10
101852,2025-10-27,Mexico,North America,Smartwatch,Wearables,7,226.93,136.45,1588.51,955.15,633.36,0.39871325959547,2025-10
104392,2025-10-27,South Korea,Asia,Phone,Electronics,6,600.0,448.96,3600.0,2693.76,906.2399999999998,0.25173333333333325,2025-10
101100,2025-10-27,UAE,Asia,Headphones,Accessories,6,128.27,73.76,769.62,442.56,327.06,0.4249629687378187,2025-10
100511,2025-10-27,USA,North America,Monitor,Electronics,12,331.07,225.2,3972.84,2702.4,1270.44,0.31978131512973085,2025-10
102855,2025-10-27,Italy,Europe,Smartwatch,Wearables,13,238.82,144.49,3104.66,1878.37,1226.29,0.3949836697094046,2025-10
103401,2025-10-27,Germany,Europe,Monitor,Electronics,10,389.42,237.17,3894.2,2371.7,1522.5,0.39096605207744856,2025-10
104906,2025-10-27,France,Europe,Smartwatch,Wearables,13,221.7,130.36,2882.1,1694.68,1187.4199999999998,0.41199819576003605,2025-10
100197,2025-10-27,Canada,North America,Smartwatch,Wearables,12,232.46,143.95,2789.52,1727.4,1062.12,0.38075367805213794,2025-10
103919,2025-10-28,USA,North America,Mouse,Accessories,4,50.16,21.83,200.64,87.32,113.32,0.564792663476874,2025-10
100080,2025-10-28,Italy,Europe,Monitor,Electronics,14,337.74,240.72,4728.36,3370.08,1358.2799999999997,0.2872623911884882,2025-10
101255,2025-10-28,USA,North America,Monitor,Electronics,5,316.93,226.09,1584.65,1130.45,454.20000000000005,0.2866248067396586,2025-10
102488,2025-10-28,Australia,Australia & Oceania,Phone,Electronics,10,722.97,453.84,7229.7,4538.4,2691.3,0.372256110212042,2025-10
104846,2025-10-28,UAE,Asia,Headphones,Accessories,2,115.07,67.59,230.14,135.18,94.95999999999998,0.412618406187538,2025-10
103808,2025-10-28,India,Asia,Monitor,Electronics,7,374.84,219.77,2623.88,1538.39,1085.49,0.4136965105111514,2025-10
102042,2025-10-29,UAE,Asia,Monitor,Electronics,15,364.56,241.61,5468.4,3624.15,1844.2499999999995,0.33725587008997143,2025-10
104687,2025-10-29,Italy,Europe,Phone,Electronics,13,680.9,416.4,8851.7,5413.2,3438.500000000001,0.38845645469231904,2025-10
102514,2025-10-29,Singapore,Asia,Mouse,Accessories,1,50.33,21.93,50.33,21.93,28.4,0.5642757798529704,2025-10
101851,2025-10-29,UK,Europe,Headphones,Accessories,7,128.2,72.38,897.4,506.66,390.73999999999995,0.43541341653666144,2025-10
103431,2025-10-29,South Korea,Asia,Mouse,Accessories,14,44.99,22.22,629.86,311.08,318.78000000000003,0.5061124694376529,2025-10
103648,2025-10-29,India,Asia,Headphones,Accessories,15,134.33,73.39,2014.95,1100.85,914.1000000000001,0.453658899724559,2025-10
103435,2025-10-29,USA,North America,Keyboard,Accessories,6,70.93,39.99,425.58,239.94,185.64,0.4362047088678979,2025-10
104713,2025-10-29,UK,Europe,Headphones,Accessories,13,109.38,68.78,1421.94,894.14,527.8000000000001,0.37118303163283967,2025-10
102325,2025-10-29,USA,North America,Headphones,Accessories,14,109.93,73.71,1539.02,1031.94,507.0799999999999,0.32948239788956607,2025-10
102334,2025-10-29,USA,North America,Monitor,Electronics,3,387.49,240.71,1162.47,722.13,440.34000000000003,0.37879687217734653,2025-10
104042,2025-10-29,UK,Europe,Headphones,Accessories,14,128.92,73.2,1804.88,1024.8,780.0800000000002,0.432206019236736,2025-10
103956,2025-10-29,Australia,Australia & Oceania,Laptop,Electronics,2,838.86,648.79,1677.72,1297.58,380.1400000000001,0.22658131273394852,2025-10
100302,2025-10-29,Singapore,Asia,Tablet,Electronics,4,444.2,333.27,1776.8,1333.08,443.72,0.24972985141828008,2025-10
101739,2025-10-29,India,Asia,Smartwatch,Wearables,10,244.2,142.63,2442.0,1426.3,1015.7,0.4159295659295659,2025-10
103835,2025-10-29,Japan,Asia,Mouse,Accessories,12,40.64,24.41,487.68,292.92,194.76,0.3993602362204724,2025-10
104882,2025-10-30,Singapore,Asia,Headphones,Accessories,3,121.85,65.21,365.55,195.63,169.92000000000002,0.46483381206401314,2025-10
101532,2025-10-30,Canada,North America,Tablet,Electronics,4,443.0,315.36,1772.0,1261.44,510.55999999999995,0.2881264108352144,2025-10
101916,2025-10-30,Mexico,North America,Phone,Electronics,5,631.06,431.76,3155.3,2158.8,996.5,0.315817830317244,2025-10
101633,2025-10-30,USA,North America,Headphones,Accessories,5,115.23,65.77,576.15,328.85,247.29999999999995,0.4292284995226937,2025-10
104058,2025-10-30,France,Europe,Monitor,Electronics,3,357.62,244.81,1072.86,734.43,338.42999999999995,0.3154465633913092,2025-10
104677,2025-10-30,Spain,Europe,Laptop,Electronics,3,831.3,633.89,2493.9,1901.67,592.23,0.23747143028990736,2025-10
102304,2025-10-30,Germany,Europe,Tablet,Electronics,13,492.7,310.87,6405.1,4041.31,2363.7900000000004,0.36904810229348495,2025-10
103425,2025-10-30,Mexico,North America,Monitor,Electronics,2,376.25,224.96,752.5,449.92,302.58,0.40209966777408634,2025-10
101955,2025-10-31,New Zealand,Australia & Oceania,Keyboard,Accessories,9,71.44,37.81,642.96,340.29,302.67,0.4707446808510638,2025-10
101805,2025-10-31,Singapore,Asia,Monitor,Electronics,7,320.21,243.09,2241.47,1701.63,539.8399999999997,0.2408419474719714,2025-10
101499,2025-10-31,India,Asia,Mouse,Accessories,9,41.32,23.7,371.88,213.3,158.57999999999998,0.4264278799612778,2025-10
100167,2025-10-31,Singapore,Asia,Smartwatch,Wearables,13,199.26,146.75,2590.38,1907.75,682.6300000000001,0.263525042657834,2025-10
104515,2025-10-31,Singapore,Asia,Headphones,Accessories,5,109.64,70.38,548.2,351.9,196.30000000000007,0.35808099233856266,2025-10
100707,2025-10-31,Japan,Asia,Smartwatch,Wearables,6,244.4,141.99,1466.4,851.94,614.46,0.41902618657937807,2025-10
102734,2025-10-31,Australia,Australia & Oceania,Keyboard,Accessories,11,69.97,37.06,769.67,407.66,362.00999999999993,0.47034443332856934,2025-10
101195,2025-10-31,Netherlands,Europe,Keyboard,Accessories,10,72.92,38.66,729.2,386.6,342.6,0.46982995063082833,2025-10
103046,2025-10-31,USA,North America,Laptop,Electronics,7,841.64,647.02,5891.48,4529.14,1362.3399999999992,0.2312390095527778,2025-10
104367,2025-10-31,Italy,Europe,Mouse,Accessories,10,49.98,23.52,499.8,235.2,264.6,0.5294117647058824,2025-10
104090,2025-10-31,France,Europe,Monitor,Electronics,14,375.25,232.4,5253.5,3253.6,1999.9,0.38067954696868755,2025-10
104892,2025-11-01,Germany,Europe,Phone,Electronics,7,638.69,431.49,4470.83,3020.43,1450.4,0.3244140349778453,2025-11
104418,2025-11-01,UK,Europe,Laptop,Electronics,1,921.03,602.34,921.03,602.34,318.68999999999994,0.34601478779192857,2025-11
103898,2025-11-01,USA,North America,Monitor,Electronics,15,320.06,233.41,4800.9,3501.15,1299.7499999999995,0.27073048803349364,2025-11
103448,2025-11-01,Canada,North America,Keyboard,Accessories,13,72.91,38.71,947.83,503.23,444.6,0.46907145796187083,2025-11
103355,2025-11-01,Netherlands,Europe,Laptop,Electronics,4,866.36,606.33,3465.44,2425.32,1040.12,0.30014081905905166,2025-11
100721,2025-11-01,Australia,Australia & Oceania,Smartwatch,Wearables,15,224.11,130.71,3361.65,1960.65,1401.0,0.4167596269688992,2025-11
103676,2025-11-02,Netherlands,Europe,Mouse,Accessories,1,50.16,24.58,50.16,24.58,25.58,0.5099681020733652,2025-11
101986,2025-11-02,Germany,Europe,Tablet,Electronics,5,454.36,332.7,2271.8,1663.5,608.3000000000002,0.2677612465886082,2025-11
102230,2025-11-02,Spain,Europe,Phone,Electronics,7,657.39,427.36,4601.73,2991.52,1610.2099999999996,0.34991405406227655,2025-11
101713,2025-11-02,Canada,North America,Headphones,Accessories,7,110.58,68.31,774.06,478.17,295.88999999999993,0.38225718936516545,2025-11
100352,2025-11-03,New Zealand,Australia & Oceania,Phone,Electronics,6,595.33,416.58,3571.98,2499.48,1072.5,0.3002536408378546,2025-11
100763,2025-11-03,Netherlands,Europe,Headphones,Accessories,9,109.6,71.36,986.4,642.24,344.15999999999997,0.34890510948905107,2025-11
104394,2025-11-03,Netherlands,Europe,Mouse,Accessories,1,45.61,21.56,45.61,21.56,24.05,0.5272966454724841,2025-11
101046,2025-11-03,Mexico,North America,Monitor,Electronics,7,338.7,235.34,2370.9,1647.38,723.52,0.3051668142899321,2025-11
103860,2025-11-03,USA,North America,Keyboard,Accessories,2,75.24,39.06,150.48,78.12,72.35999999999999,0.4808612440191387,2025-11
101238,2025-11-03,Japan,Asia,Smartwatch,Wearables,11,237.01,137.92,2607.11,1517.12,1089.9900000000002,0.4180836251634953,2025-11
102994,2025-11-03,UAE,Asia,Headphones,Accessories,13,115.82,65.78,1505.66,855.14,650.5200000000001,0.43204973234329136,2025-11
100594,2025-11-04,UAE,Asia,Smartwatch,Wearables,5,231.34,129.61,1156.7,648.05,508.6500000000001,0.4397423705368722,2025-11
102777,2025-11-04,France,Europe,Headphones,Accessories,7,128.9,70.97,902.3,496.79,405.50999999999993,0.4494181536074476,2025-11
102834,2025-11-04,France,Europe,Smartwatch,Wearables,6,224.28,128.56,1345.68,771.36,574.32,0.4267879436418762,2025-11
100303,2025-11-04,India,Asia,Monitor,Electronics,10,335.9,224.16,3359.0,2241.6,1117.4,0.33265852932420364,2025-11
104770,2025-11-04,Singapore,Asia,Phone,Electronics,10,682.96,414.82,6829.6,4148.2,2681.4000000000005,0.3926145015813518,2025-11
102956,2025-11-04,Mexico,North America,Phone,Electronics,8,591.18,451.21,4729.44,3609.68,1119.7599999999998,0.23676376061436447,2025-11
102646,2025-11-04,Singapore,Asia,Tablet,Electronics,14,501.61,320.8,7022.54,4491.2,2531.34,0.36045932098642375,2025-11
100350,2025-11-04,Canada,North America,Mouse,Accessories,12,43.33,22.79,519.96,273.48,246.48000000000002,0.474036464343411,2025-11
102502,2025-11-04,USA,North America,Monitor,Electronics,14,351.4,246.83,4919.6,3455.62,1463.9800000000005,0.29758110415480943,2025-11
101799,2025-11-04,Spain,Europe,Headphones,Accessories,8,118.08,64.42,944.64,515.36,429.28,0.4544376693766937,2025-11
102976,2025-11-04,Germany,Europe,Smartwatch,Wearables,10,216.03,136.23,2160.3,1362.3,798.0000000000002,0.36939313984168876,2025-11
100301,2025-11-05,Italy,Europe,Laptop,Electronics,11,835.19,670.39,9187.09,7374.29,1812.8000000000002,0.19732037021516063,2025-11
103745,2025-11-05,Netherlands,Europe,Tablet,Electronics,14,500.59,291.06,7008.26,4074.84,2933.42,0.4185660920114265,2025-11
103882,2025-11-05,Mexico,North America,Mouse,Accessories,9,46.66,23.69,419.94,213.21,206.73,0.49228461208744106,2025-11
104886,2025-11-05,Australia,Australia & Oceania,Smartwatch,Wearables,11,205.99,142.45,2265.89,1566.95,698.9399999999998,0.30846157580465067,2025-11
103690,2025-11-05,Germany,Europe,Monitor,Electronics,11,326.44,223.3,3590.84,2456.3,1134.54,0.3159539272148021,2025-11
100237,2025-11-05,Germany,Europe,Tablet,Electronics,11,413.01,304.3,4543.11,3347.3,1195.8099999999995,0.2632139657635407,2025-11
103178,2025-11-05,Australia,Australia & Oceania,Smartwatch,Wearables,4,202.06,140.33,808.24,561.32,246.91999999999996,0.30550331584677815,2025-11
104599,2025-11-05,Japan,Asia,Phone,Electronics,6,590.97,416.11,3545.82,2496.66,1049.1600000000003,0.29588642401475546,2025-11
104354,2025-11-05,Australia,Australia & Oceania,Tablet,Electronics,8,445.27,296.24,3562.16,2369.92,1192.2399999999998,0.33469580254676934,2025-11
101906,2025-11-05,Spain,Europe,Headphones,Accessories,8,127.74,66.21,1021.92,529.68,492.24,0.4816815406294035,2025-11
102489,2025-11-05,Singapore,Asia,Laptop,Electronics,11,923.19,599.18,10155.09,6590.98,3564.1100000000006,0.3509678397729612,2025-11
101013,2025-11-06,Australia,Australia & Oceania,Keyboard,Accessories,10,70.26,35.47,702.6,354.7,347.90000000000003,0.4951608311984059,2025-11
103604,2025-11-06,France,Europe,Mouse,Accessories,4,47.73,23.67,190.92,94.68,96.23999999999998,0.5040854808296668,2025-11
102275,2025-11-06,Australia,Australia & Oceania,Laptop,Electronics,3,1007.36,681.18,3022.08,2043.54,978.54,0.3237968551461245,2025-11
101838,2025-11-06,South Korea,Asia,Headphones,Accessories,7,115.2,68.33,806.4,478.31,328.09,0.4068576388888889,2025-11
102356,2025-11-06,Spain,Europe,Monitor,Electronics,12,321.51,224.87,3858.12,2698.44,1159.6799999999998,0.3005816304314018,2025-11
104791,2025-11-06,Spain,Europe,Headphones,Accessories,12,125.41,68.77,1504.92,825.24,679.6800000000001,0.4516386253089865,2025-11
103701,2025-11-06,Canada,North America,Tablet,Electronics,1,456.86,292.65,456.86,292.65,164.21000000000004,0.3594317734097974,2025-11
101665,2025-11-06,New Zealand,Australia & Oceania,Mouse,Accessories,3,48.28,24.3,144.84,72.9,71.94,0.49668599834299915,2025-11
104292,2025-11-07,Netherlands,Europe,Tablet,Electronics,2,449.38,309.73,898.76,619.46,279.29999999999995,0.31076149361342287,2025-11
102776,2025-11-07,Singapore,Asia,Tablet,Electronics,3,433.87,301.98,1301.61,905.94,395.66999999999985,0.30398506465070174,2025-11
100384,2025-11-07,Australia,Australia & Oceania,Monitor,Electronics,10,330.76,246.62,3307.6,2466.2,841.4000000000001,0.25438384327004476,2025-11
102413,2025-11-07,Singapore,Asia,Headphones,Accessories,11,123.2,71.05,1355.2,781.55,573.6500000000001,0.4232954545454546,2025-11
103488,2025-11-07,UK,Europe,Monitor,Electronics,2,357.22,229.34,714.44,458.68,255.76000000000005,0.35798667487822633,2025-11
100463,2025-11-07,Canada,North America,Phone,Electronics,15,718.09,419.75,10771.35,6296.25,4475.1,0.41546324276901225,2025-11
101780,2025-11-07,Canada,North America,Tablet,Electronics,10,458.11,299.46,4581.1,2994.6,1586.5000000000005,0.3463142040121369,2025-11
100950,2025-11-07,India,Asia,Mouse,Accessories,14,44.19,23.38,618.66,327.32,291.34,0.47092102285584975,2025-11
103101,2025-11-07,France,Europe,Headphones,Accessories,15,122.56,72.19,1838.4,1082.85,755.5500000000002,0.41098237597911236,2025-11
103197,2025-11-07,New Zealand,Australia & Oceania,Keyboard,Accessories,4,63.86,40.71,255.44,162.84,92.6,0.36251174444096457,2025-11
100854,2025-11-07,Australia,Australia & Oceania,Smartwatch,Wearables,12,240.42,133.78,2885.04,1605.36,1279.68,0.4435571083936445,2025-11
100841,2025-11-08,Germany,Europe,Laptop,Electronics,4,818.89,655.14,3275.56,2620.56,655.0,0.1999658073733957,2025-11
103777,2025-11-08,USA,North America,Phone,Electronics,11,636.54,432.37,7001.94,4756.07,2245.87,0.3207496779463977,2025-11
103580,2025-11-08,Singapore,Asia,Mouse,Accessories,4,46.13,22.33,184.52,89.32,95.20000000000002,0.5159332321699546,2025-11
101996,2025-11-08,Canada,North America,Smartwatch,Wearables,14,244.49,135.91,3422.86,1902.74,1520.1200000000001,0.44410814348235106,2025-11
104327,2025-11-09,Spain,Europe,Mouse,Accessories,10,42.32,22.83,423.2,228.3,194.89999999999998,0.46053875236294894,2025-11
103073,2025-11-09,France,Europe,Smartwatch,Wearables,3,239.17,135.86,717.51,407.58,309.93,0.43195216791403607,2025-11
102678,2025-11-09,Spain,Europe,Mouse,Accessories,4,44.95,21.74,179.8,86.96,92.84000000000002,0.5163515016685206,2025-11
104278,2025-11-09,India,Asia,Monitor,Electronics,15,348.04,224.44,5220.6,3366.6,1854.0000000000005,0.3551315940696472,2025-11
103653,2025-11-09,Mexico,North America,Headphones,Accessories,12,124.24,69.61,1490.88,835.32,655.5600000000001,0.4397134578235673,2025-11
103881,2025-11-09,UAE,Asia,Keyboard,Accessories,10,74.89,36.45,748.9,364.5,384.4,0.5132861530244358,2025-11
103033,2025-11-09,Mexico,North America,Laptop,Electronics,6,885.76,599.7,5314.56,3598.2,1716.3600000000006,0.32295429913294804,2025-11
102844,2025-11-10,Australia,Australia & Oceania,Laptop,Electronics,4,921.36,672.22,3685.44,2688.88,996.56,0.2704046192584874,2025-11
100671,2025-11-10,Netherlands,Europe,Keyboard,Accessories,15,76.49,37.42,1147.35,561.3,586.05,0.5107857236240031,2025-11
103398,2025-11-10,USA,North America,Mouse,Accessories,9,44.95,24.35,404.55,219.15,185.4,0.4582869855394883,2025-11
101682,2025-11-10,New Zealand,Australia & Oceania,Smartwatch,Wearables,3,218.51,131.27,655.53,393.81,261.71999999999997,0.3992494622671731,2025-11
101031,2025-11-10,France,Europe,Keyboard,Accessories,7,65.33,38.18,457.31,267.26,190.05,0.4155824276748814,2025-11
101626,2025-11-10,Mexico,North America,Keyboard,Accessories,1,67.11,37.09,67.11,37.09,30.019999999999996,0.44732528684249734,2025-11
104456,2025-11-10,UK,Europe,Monitor,Electronics,2,333.92,226.27,667.84,452.54,215.3,0.32238260661236223,2025-11
104330,2025-11-10,Canada,North America,Mouse,Accessories,1,44.74,21.83,44.74,21.83,22.910000000000004,0.5120697362539115,2025-11
103089,2025-11-10,UAE,Asia,Monitor,Electronics,2,348.63,233.93,697.26,467.86,229.39999999999998,0.32900209391044943,2025-11
100099,2025-11-10,Netherlands,Europe,Smartwatch,Wearables,4,221.79,139.98,887.16,559.92,327.24,0.3688624374408224,2025-11
103287,2025-11-10,UAE,Asia,Phone,Electronics,7,591.09,414.17,4137.63,2899.19,1238.44,0.29931144157404116,2025-11
103374,2025-11-10,Canada,North America,Tablet,Electronics,13,427.5,332.24,5557.5,4319.12,1238.38,0.22283040935672516,2025-11
101898,2025-11-11,France,Europe,Tablet,Electronics,2,488.63,331.45,977.26,662.9,314.36,0.32167488692876,2025-11
100617,2025-11-11,France,Europe,Mouse,Accessories,3,44.18,21.64,132.54,64.92,67.61999999999999,0.5101856043458578,2025-11
100106,2025-11-11,Italy,Europe,Mouse,Accessories,12,46.02,24.55,552.24,294.6,257.64,0.46653628857018686,2025-11
100285,2025-11-11,UAE,Asia,Smartwatch,Wearables,1,231.56,135.92,231.56,135.92,95.64000000000001,0.4130247020210745,2025-11
102047,2025-11-11,Germany,Europe,Mouse,Accessories,12,43.54,23.11,522.48,277.32,245.16000000000003,0.4692237023426734,2025-11
104896,2025-11-11,Italy,Europe,Keyboard,Accessories,15,75.29,37.86,1129.35,567.9,561.4499999999999,0.49714437508301235,2025-11
100891,2025-11-11,Canada,North America,Monitor,Electronics,1,355.56,235.29,355.56,235.29,120.27000000000001,0.3382551468106649,2025-11
100918,2025-11-11,Australia,Australia & Oceania,Laptop,Electronics,6,943.05,675.67,5658.3,4054.02,1604.2800000000002,0.28352685435554853,2025-11
101546,2025-11-11,Japan,Asia,Keyboard,Accessories,2,76.4,35.65,152.8,71.3,81.50000000000001,0.5333769633507854,2025-11
102516,2025-11-11,New Zealand,Australia & Oceania,Monitor,Electronics,4,352.69,226.94,1410.76,907.76,503.0,0.35654540814879926,2025-11
102614,2025-11-11,Mexico,North America,Mouse,Accessories,8,43.44,22.45,347.52,179.6,167.92,0.483195211786372,2025-11
101621,2025-11-12,South Korea,Asia,Headphones,Accessories,14,115.22,65.84,1613.08,921.76,691.3199999999999,0.42857142857142855,2025-11
101379,2025-11-12,Japan,Asia,Headphones,Accessories,3,120.32,65.72,360.96,197.16,163.79999999999998,0.45378989361702127,2025-11
101500,2025-11-12,New Zealand,Australia & Oceania,Keyboard,Accessories,10,65.86,38.02,658.6,380.2,278.40000000000003,0.42271484968114187,2025-11
102099,2025-11-12,Canada,North America,Smartwatch,Wearables,1,236.78,140.89,236.78,140.89,95.89000000000001,0.4049750823549287,2025-11
104851,2025-11-12,New Zealand,Australia & Oceania,Keyboard,Accessories,2,72.67,40.23,145.34,80.46,64.88000000000001,0.44640154121370584,2025-11
102763,2025-11-12,Canada,North America,Monitor,Electronics,15,359.68,239.13,5395.2,3586.95,1808.25,0.3351590302491103,2025-11
101418,2025-11-12,Spain,Europe,Mouse,Accessories,4,49.62,23.43,198.48,93.72,104.75999999999999,0.5278113663845223,2025-11
104580,2025-11-12,Mexico,North America,Monitor,Electronics,13,378.56,234.69,4921.28,3050.97,1870.31,0.3800454353338969,2025-11
104124,2025-11-12,New Zealand,Australia & Oceania,Mouse,Accessories,1,46.78,23.79,46.78,23.79,22.990000000000002,0.4914493373236426,2025-11
103658,2025-11-12,UAE,Asia,Tablet,Electronics,6,463.32,311.36,2779.92,1868.16,911.76,0.3279806613139946,2025-11
102982,2025-11-12,UK,Europe,Smartwatch,Wearables,12,244.77,139.5,2937.24,1674.0,1263.2399999999998,0.43007721534501775,2025-11
103922,2025-11-12,Japan,Asia,Monitor,Electronics,4,326.37,235.75,1305.48,943.0,362.48,0.2776603241719521,2025-11
103223,2025-11-13,Netherlands,Europe,Headphones,Accessories,5,109.26,72.9,546.3,364.5,181.79999999999995,0.3327841845140032,2025-11
101247,2025-11-13,Netherlands,Europe,Laptop,Electronics,14,849.31,610.51,11890.34,8547.14,3343.2000000000007,0.28116941988202193,2025-11
100805,2025-11-13,Singapore,Asia,Headphones,Accessories,2,114.3,69.83,228.6,139.66,88.94,0.38906386701662293,2025-11
103555,2025-11-13,Italy,Europe,Smartwatch,Wearables,11,201.75,138.9,2219.25,1527.9,691.3499999999999,0.3115241635687732,2025-11
104362,2025-11-13,USA,North America,Keyboard,Accessories,10,64.26,39.54,642.6,395.4,247.20000000000005,0.38468720821662006,2025-11
101883,2025-11-13,Mexico,North America,Headphones,Accessories,15,114.65,69.63,1719.75,1044.45,675.3,0.3926733536851286,2025-11
104239,2025-11-13,Canada,North America,Mouse,Accessories,13,48.87,23.53,635.31,305.89,329.41999999999996,0.5185185185185185,2025-11
104937,2025-11-13,New Zealand,Australia & Oceania,Headphones,Accessories,11,112.06,72.09,1232.66,792.99,439.6700000000001,0.35668391932893095,2025-11
102218,2025-11-13,Italy,Europe,Tablet,Electronics,12,480.98,332.03,5771.76,3984.36,1787.4,0.3096802361844567,2025-11
101069,2025-11-14,South Korea,Asia,Keyboard,Accessories,3,76.13,37.87,228.39,113.61,114.77999999999999,0.5025614081176933,2025-11
102672,2025-11-14,South Korea,Asia,Tablet,Electronics,6,461.96,291.97,2771.76,1751.82,1019.9400000000003,0.367975582301498,2025-11
104336,2025-11-14,Germany,Europe,Laptop,Electronics,5,980.44,684.33,4902.2,3421.65,1480.5499999999997,0.3020174615478764,2025-11
101614,2025-11-14,UAE,Asia,Headphones,Accessories,1,109.51,64.79,109.51,64.79,44.72,0.4083645329193681,2025-11
102710,2025-11-14,Netherlands,Europe,Tablet,Electronics,11,437.28,316.72,4810.08,3483.92,1326.1599999999999,0.27570435418953526,2025-11
104856,2025-11-14,Spain,Europe,Headphones,Accessories,2,108.32,71.12,216.64,142.24,74.39999999999998,0.34342688330871485,2025-11
102126,2025-11-15,USA,North America,Monitor,Electronics,8,347.98,242.5,2783.84,1940.0,843.8400000000001,0.3031208690154607,2025-11
104412,2025-11-15,France,Europe,Monitor,Electronics,9,343.51,247.77,3091.59,2229.93,861.6600000000003,0.2787109545573638,2025-11
102818,2025-11-15,UK,Europe,Laptop,Electronics,12,999.84,628.7,11998.08,7544.4,4453.68,0.37119939190270446,2025-11
102793,2025-11-15,UAE,Asia,Phone,Electronics,1,714.9,432.28,714.9,432.28,282.62,0.39532801790460204,2025-11
103336,2025-11-15,Mexico,North America,Smartwatch,Wearables,3,241.86,135.6,725.58,406.8,318.78000000000003,0.4393450756636071,2025-11
101350,2025-11-15,Germany,Europe,Tablet,Electronics,14,451.36,301.85,6319.04,4225.9,2093.1400000000003,0.3312433534207728,2025-11
100042,2025-11-15,Japan,Asia,Tablet,Electronics,7,462.67,310.24,3238.69,2171.68,1067.0100000000002,0.32945728056714296,2025-11
103885,2025-11-16,New Zealand,Australia & Oceania,Keyboard,Accessories,6,66.62,35.48,399.72,212.88,186.84000000000003,0.46742719903932756,2025-11
104196,2025-11-16,Germany,Europe,Laptop,Electronics,10,965.4,603.03,9654.0,6030.3,3623.7,0.37535736482287135,2025-11
102471,2025-11-16,France,Europe,Phone,Electronics,13,707.35,429.63,9195.55,5585.19,3610.3599999999997,0.39262034353573194,2025-11
100837,2025-11-16,New Zealand,Australia & Oceania,Headphones,Accessories,9,112.83,70.31,1015.47,632.79,382.68000000000006,0.3768501285119206,2025-11
101683,2025-11-16,Canada,North America,Mouse,Accessories,4,45.56,22.26,182.24,89.04,93.2,0.5114135206321334,2025-11
100508,2025-11-16,Mexico,North America,Keyboard,Accessories,4,66.92,37.46,267.68,149.84,117.84,0.44022713687985654,2025-11
104374,2025-11-16,India,Asia,Headphones,Accessories,3,120.97,71.09,362.91,213.27,149.64000000000001,0.4123336364387865,2025-11
104537,2025-11-16,India,Asia,Monitor,Electronics,6,382.89,222.38,2297.34,1334.28,963.0600000000002,0.41920656063099065,2025-11
103981,2025-11-16,USA,North America,Keyboard,Accessories,15,67.64,38.92,1014.6,583.8,430.80000000000007,0.4246008279124779,2025-11
102131,2025-11-16,France,Europe,Headphones,Accessories,7,108.69,67.84,760.83,474.88,285.95000000000005,0.37583954365627015,2025-11
102721,2025-11-17,New Zealand,Australia & Oceania,Headphones,Accessories,1,132.96,73.33,132.96,73.33,59.63000000000001,0.44848074608904936,2025-11
100851,2025-11-17,Germany,Europe,Mouse,Accessories,10,44.74,24.29,447.4,242.9,204.49999999999997,0.4570853822083147,2025-11
102657,2025-11-17,USA,North America,Keyboard,Accessories,3,72.27,35.84,216.81,107.52,109.29,0.5040819150408192,2025-11
102359,2025-11-17,India,Asia,Headphones,Accessories,14,114.77,73.38,1606.78,1027.32,579.46,0.3606343121024658,2025-11
104512,2025-11-17,India,Asia,Smartwatch,Wearables,1,223.45,142.74,223.45,142.74,80.70999999999998,0.36119937346162445,2025-11
104424,2025-11-17,USA,North America,Smartwatch,Wearables,3,217.14,140.38,651.42,421.14,230.27999999999997,0.3535046513769918,2025-11
103607,2025-11-17,Mexico,North America,Keyboard,Accessories,12,72.71,40.43,872.52,485.16,387.35999999999996,0.44395543941686144,2025-11
104293,2025-11-17,Singapore,Asia,Mouse,Accessories,8,46.55,21.56,372.4,172.48,199.92,0.5368421052631579,2025-11
103786,2025-11-17,UK,Europe,Mouse,Accessories,11,44.92,21.9,494.12,240.9,253.22,0.51246660730187,2025-11
100618,2025-11-17,Netherlands,Europe,Phone,Electronics,15,677.38,421.91,10160.7,6328.65,3832.050000000001,0.3771442912397769,2025-11
104760,2025-11-18,New Zealand,Australia & Oceania,Laptop,Electronics,7,918.61,663.75,6430.27,4646.25,1784.0200000000004,0.2774409161668173,2025-11
104723,2025-11-18,UK,Europe,Mouse,Accessories,4,48.16,21.67,192.64,86.68,105.95999999999998,0.5500415282392026,2025-11
100450,2025-11-18,France,Europe,Keyboard,Accessories,12,77.83,36.82,933.96,441.84,492.12000000000006,0.5269176410124631,2025-11
103800,2025-11-18,South Korea,Asia,Laptop,Electronics,4,974.23,630.76,3896.92,2523.04,1373.88,0.3525553514057256,2025-11
104982,2025-11-18,Italy,Europe,Smartwatch,Wearables,4,206.95,136.06,827.8,544.24,283.55999999999995,0.34254650881855514,2025-11
101336,2025-11-18,USA,North America,Keyboard,Accessories,15,66.45,40.76,996.75,611.4,385.35,0.3866064710308503,2025-11
102287,2025-11-18,New Zealand,Australia & Oceania,Headphones,Accessories,2,120.11,71.65,240.22,143.3,96.91999999999999,0.403463491799184,2025-11
104066,2025-11-18,Netherlands,Europe,Phone,Electronics,6,717.59,421.21,4305.54,2527.26,1778.2799999999997,0.4130213631739572,2025-11
102074,2025-11-18,Australia,Australia & Oceania,Mouse,Accessories,6,48.37,23.16,290.22,138.96,151.26000000000002,0.5211908207566673,2025-11
101021,2025-11-18,USA,North America,Laptop,Electronics,7,878.85,663.41,6151.95,4643.87,1508.08,0.2451385333105763,2025-11
103490,2025-11-18,India,Asia,Tablet,Electronics,14,442.37,300.18,6193.18,4202.52,1990.6599999999999,0.32142776408888485,2025-11
104296,2025-11-18,France,Europe,Phone,Electronics,7,723.92,407.25,5067.44,2850.75,2216.6899999999996,0.4374378384351862,2025-11
101197,2025-11-19,Australia,Australia & Oceania,Mouse,Accessories,13,40.62,23.06,528.06,299.78,228.27999999999997,0.4322993599212211,2025-11
101656,2025-11-19,Australia,Australia & Oceania,Mouse,Accessories,2,44.87,23.54,89.74,47.08,42.66,0.47537330064631156,2025-11
104406,2025-11-19,USA,North America,Tablet,Electronics,6,421.69,307.75,2530.14,1846.5,683.6399999999999,0.2701984870402428,2025-11
100129,2025-11-19,Germany,Europe,Mouse,Accessories,12,47.04,23.87,564.48,286.44,278.04,0.49255952380952384,2025-11
102322,2025-11-19,USA,North America,Monitor,Electronics,5,337.92,247.48,1689.6,1237.4,452.1999999999998,0.2676373106060605,2025-11
104858,2025-11-19,Australia,Australia & Oceania,Monitor,Electronics,15,342.64,223.18,5139.6,3347.7,1791.9000000000005,0.3486458090123746,2025-11
104546,2025-11-19,USA,North America,Phone,Electronics,3,606.13,452.67,1818.39,1358.01,460.3800000000001,0.2531800108887533,2025-11
101943,2025-11-19,USA,North America,Phone,Electronics,1,629.53,415.75,629.53,415.75,213.77999999999997,0.3395866757739901,2025-11
100753,2025-11-20,USA,North America,Monitor,Electronics,1,388.13,216.99,388.13,216.99,171.14,0.44093473836085845,2025-11
104146,2025-11-20,USA,North America,Tablet,Electronics,15,434.94,292.43,6524.1,4386.45,2137.6500000000005,0.3276543891111418,2025-11
103592,2025-11-20,Germany,Europe,Monitor,Electronics,8,372.53,235.16,2980.24,1881.28,1098.9599999999998,0.36874882559793837,2025-11
104198,2025-11-20,Spain,Europe,Keyboard,Accessories,14,68.87,39.39,964.18,551.46,412.7199999999999,0.4280528532016843,2025-11
102083,2025-11-20,India,Asia,Headphones,Accessories,5,118.47,67.68,592.35,338.4,253.95000000000005,0.42871613066599146,2025-11
100013,2025-11-20,Mexico,North America,Keyboard,Accessories,5,77.29,37.55,386.45,187.75,198.7,0.5141674213999223,2025-11
103726,2025-11-21,New Zealand,Australia & Oceania,Mouse,Accessories,6,46.27,22.89,277.62,137.34,140.28,0.5052950075642965,2025-11
103249,2025-11-21,Australia,Australia & Oceania,Mouse,Accessories,13,45.19,22.17,587.47,288.21,299.26000000000005,0.5094047355609649,2025-11
102759,2025-11-21,USA,North America,Keyboard,Accessories,13,72.23,40.15,938.99,521.95,417.03999999999996,0.44413678526927863,2025-11
102416,2025-11-21,New Zealand,Australia & Oceania,Monitor,Electronics,11,383.53,246.67,4218.83,2713.37,1505.46,0.35684301097697707,2025-11
103988,2025-11-21,Singapore,Asia,Laptop,Electronics,2,992.53,675.07,1985.06,1350.14,634.9199999999998,0.3198492740773578,2025-11
101311,2025-11-21,France,Europe,Phone,Electronics,1,648.39,426.23,648.39,426.23,222.15999999999997,0.3426332916917287,2025-11
104653,2025-11-21,India,Asia,Mouse,Accessories,2,40.63,23.1,81.26,46.2,35.06,0.43145459020428256,2025-11
103591,2025-11-21,New Zealand,Australia & Oceania,Headphones,Accessories,13,132.65,69.85,1724.45,908.05,816.4000000000001,0.4734263098379194,2025-11
102034,2025-11-21,Australia,Australia & Oceania,Phone,Electronics,13,661.48,407.74,8599.24,5300.62,3298.62,0.3835943641531112,2025-11
101411,2025-11-21,Spain,Europe,Mouse,Accessories,8,41.67,24.29,333.36,194.32,139.04000000000002,0.4170866330693545,2025-11
103699,2025-11-21,New Zealand,Australia & Oceania,Tablet,Electronics,15,442.77,326.66,6641.55,4899.9,1741.6500000000005,0.2622354721412924,2025-11
102541,2025-11-21,USA,North America,Mouse,Accessories,13,46.83,24.02,608.79,312.26,296.53,0.48708093102711936,2025-11
103202,2025-11-22,UAE,Asia,Laptop,Electronics,5,992.31,677.92,4961.55,3389.6,1571.9500000000003,0.3168263949773761,2025-11
103942,2025-11-22,Australia,Australia & Oceania,Headphones,Accessories,6,111.69,65.74,670.14,394.44,275.7,0.41140657176112455,2025-11
102032,2025-11-22,Japan,Asia,Monitor,Electronics,8,336.89,218.07,2695.12,1744.56,950.56,0.3526967259342812,2025-11
101466,2025-11-22,UK,Europe,Headphones,Accessories,8,134.39,67.17,1075.12,537.36,537.7599999999999,0.5001860257459632,2025-11
103934,2025-11-22,Netherlands,Europe,Smartwatch,Wearables,8,219.24,133.38,1753.92,1067.04,686.8800000000001,0.3916256157635468,2025-11
102432,2025-11-23,USA,North America,Tablet,Electronics,5,441.72,305.65,2208.6,1528.25,680.3499999999999,0.30804582088200666,2025-11
102469,2025-11-23,India,Asia,Headphones,Accessories,12,121.5,72.9,1458.0,874.8,583.2,0.4,2025-11
102175,2025-11-23,Spain,Europe,Headphones,Accessories,3,116.47,64.42,349.41,193.26,156.15000000000003,0.44689619644543666,2025-11
102429,2025-11-23,France,Europe,Headphones,Accessories,2,108.67,71.02,217.34,142.04,75.30000000000001,0.3464617649765345,2025-11
104350,2025-11-23,Mexico,North America,Headphones,Accessories,4,110.38,67.51,441.52,270.04,171.47999999999996,0.38838557709730015,2025-11
102015,2025-11-23,South Korea,Asia,Monitor,Electronics,14,361.9,232.05,5066.6,3248.7,1817.9000000000005,0.3588007736943908,2025-11
103036,2025-11-23,France,Europe,Headphones,Accessories,7,108.69,71.11,760.83,497.77,263.06000000000006,0.3457539792069188,2025-11
104457,2025-11-23,Mexico,North America,Keyboard,Accessories,2,63.14,40.6,126.28,81.2,45.08,0.35698447893569846,2025-11
103454,2025-11-23,UAE,Asia,Mouse,Accessories,11,49.31,23.82,542.41,262.02,280.39,0.516933684850943,2025-11
104224,2025-11-23,USA,North America,Headphones,Accessories,4,122.29,66.92,489.16,267.68,221.48000000000002,0.4527761877504293,2025-11
103520,2025-11-23,Germany,Europe,Phone,Electronics,9,697.87,424.97,6280.83,3824.73,2456.1,0.39104704314557154,2025-11
102517,2025-11-24,Spain,Europe,Tablet,Electronics,9,473.94,321.25,4265.46,2891.25,1374.21,0.3221715829007891,2025-11
100524,2025-11-24,USA,North America,Mouse,Accessories,10,41.14,21.95,411.4,219.5,191.89999999999998,0.4664560038891589,2025-11
101892,2025-11-24,Singapore,Asia,Keyboard,Accessories,14,68.62,36.05,960.68,504.7,455.97999999999996,0.4746429612357913,2025-11
101389,2025-11-24,New Zealand,Australia & Oceania,Phone,Electronics,8,698.08,412.72,5584.64,3301.76,2282.88,0.4087783635113454,2025-11
100182,2025-11-24,France,Europe,Mouse,Accessories,3,46.17,23.9,138.51,71.7,66.80999999999999,0.4823478449209443,2025-11
104771,2025-11-24,Netherlands,Europe,Laptop,Electronics,6,942.96,602.76,5657.76,3616.56,2041.2000000000003,0.36077882412827694,2025-11
104931,2025-11-24,Japan,Asia,Keyboard,Accessories,12,63.15,39.05,757.8,468.6,289.19999999999993,0.3816310372129849,2025-11
100587,2025-11-24,Germany,Europe,Headphones,Accessories,10,118.33,71.82,1183.3,718.2,465.0999999999999,0.39305332544578714,2025-11
100078,2025-11-24,Spain,Europe,Headphones,Accessories,14,113.39,65.14,1587.46,911.96,675.5,0.42552253285122144,2025-11
104485,2025-11-24,Spain,Europe,Tablet,Electronics,4,408.26,325.96,1633.04,1303.84,329.20000000000005,0.2015872238279528,2025-11
101237,2025-11-24,New Zealand,Australia & Oceania,Mouse,Accessories,7,46.38,22.75,324.66,159.25,165.41000000000003,0.5094868477792153,2025-11
103878,2025-11-25,New Zealand,Australia & Oceania,Monitor,Electronics,5,332.02,221.49,1660.1,1107.45,552.6499999999999,0.33290163243178117,2025-11
103933,2025-11-25,Mexico,North America,Tablet,Electronics,6,465.01,333.73,2790.06,2002.38,787.6799999999998,0.2823165093223801,2025-11
104994,2025-11-25,Mexico,North America,Smartwatch,Wearables,7,204.29,143.36,1430.03,1003.52,426.51,0.2982524842136179,2025-11
100493,2025-11-25,Netherlands,Europe,Tablet,Electronics,10,454.3,301.24,4543.0,3012.4,1530.6,0.336913933524103,2025-11
101231,2025-11-25,New Zealand,Australia & Oceania,Laptop,Electronics,6,813.66,641.49,4881.96,3848.94,1033.02,0.2115994395693533,2025-11
104220,2025-11-25,UK,Europe,Headphones,Accessories,7,127.58,70.92,893.06,496.44,396.61999999999995,0.4441134974133876,2025-11
100941,2025-11-25,Italy,Europe,Tablet,Electronics,12,444.61,308.8,5335.32,3705.6,1629.7199999999998,0.305458716628056,2025-11
100723,2025-11-25,Italy,Europe,Phone,Electronics,15,586.25,437.25,8793.75,6558.75,2235.0,0.25415778251599147,2025-11
100555,2025-11-25,Australia,Australia & Oceania,Headphones,Accessories,7,134.0,72.96,938.0,510.72,427.28,0.45552238805970147,2025-11
104008,2025-11-25,Singapore,Asia,Keyboard,Accessories,6,64.16,40.72,384.96,244.32,140.64,0.3653366583541147,2025-11
102949,2025-11-25,South Korea,Asia,Smartwatch,Wearables,13,235.99,143.65,3067.87,1867.45,1200.4199999999998,0.39128776643078095,2025-11
103495,2025-11-25,Mexico,North America,Phone,Electronics,11,604.56,429.83,6650.16,4728.13,1922.0299999999997,0.28902011380177317,2025-11
101747,2025-11-25,Spain,Europe,Laptop,Electronics,7,912.37,630.78,6386.59,4415.46,1971.13,0.308635750846696,2025-11
102506,2025-11-25,Netherlands,Europe,Smartwatch,Wearables,10,200.16,139.95,2001.6,1399.5,602.0999999999999,0.3008093525179856,2025-11
102977,2025-11-26,Mexico,North America,Mouse,Accessories,9,48.32,22.18,434.88,199.62,235.26,0.5409768211920529,2025-11
104697,2025-11-26,India,Asia,Monitor,Electronics,9,362.94,231.4,3266.46,2082.6,1183.8600000000001,0.3624290516338789,2025-11
101896,2025-11-26,USA,North America,Keyboard,Accessories,1,72.59,39.39,72.59,39.39,33.2,0.45736327317812375,2025-11
104480,2025-11-26,South Korea,Asia,Mouse,Accessories,3,47.81,21.87,143.43,65.61,77.82000000000001,0.5425643170884752,2025-11
102281,2025-11-26,Italy,Europe,Smartwatch,Wearables,2,219.13,130.1,438.26,260.2,178.06,0.4062885045406836,2025-11
104932,2025-11-26,India,Asia,Mouse,Accessories,4,44.16,21.97,176.64,87.88,88.75999999999999,0.5024909420289855,2025-11
104727,2025-11-26,New Zealand,Australia & Oceania,Keyboard,Accessories,8,72.09,36.43,576.72,291.44,285.28000000000003,0.49465945346095164,2025-11
103421,2025-11-26,Canada,North America,Laptop,Electronics,8,993.11,622.64,7944.88,4981.12,2963.76,0.37304024730392404,2025-11
101484,2025-11-26,France,Europe,Monitor,Electronics,8,366.42,223.51,2931.36,1788.08,1143.2800000000002,0.39001692047377334,2025-11
100257,2025-11-27,New Zealand,Australia & Oceania,Laptop,Electronics,11,905.37,618.1,9959.07,6799.1,3159.9699999999993,0.3172956912643449,2025-11
103232,2025-11-27,Mexico,North America,Monitor,Electronics,6,353.53,226.62,2121.18,1359.72,761.4599999999998,0.35897943597431614,2025-11
104049,2025-11-27,Australia,Australia & Oceania,Mouse,Accessories,8,47.77,23.17,382.16,185.36,196.8,0.5149675528574419,2025-11
102539,2025-11-27,USA,North America,Laptop,Electronics,8,980.91,686.87,7847.28,5494.96,2352.3199999999997,0.299762465465741,2025-11
103906,2025-11-27,UAE,Asia,Mouse,Accessories,13,42.91,24.12,557.83,313.56,244.27000000000004,0.43789326497319975,2025-11
102973,2025-11-27,Canada,North America,Keyboard,Accessories,5,68.06,36.8,340.3,184.0,156.3,0.4593006171025566,2025-11
102137,2025-11-27,Spain,Europe,Smartwatch,Wearables,12,218.77,134.32,2625.24,1611.84,1013.3999999999999,0.38602184943090917,2025-11
103720,2025-11-27,Netherlands,Europe,Headphones,Accessories,12,133.65,67.45,1603.8,809.4,794.4,0.49532360643471757,2025-11
102504,2025-11-27,Australia,Australia & Oceania,Monitor,Electronics,3,355.2,217.15,1065.6,651.45,414.14999999999986,0.3886542792792792,2025-11
102315,2025-11-27,Australia,Australia & Oceania,Mouse,Accessories,2,42.4,22.21,84.8,44.42,40.379999999999995,0.4761792452830188,2025-11
104435,2025-11-28,UK,Europe,Laptop,Electronics,7,984.05,633.17,6888.35,4432.19,2456.1600000000008,0.35656724759920744,2025-11
102246,2025-11-28,Singapore,Asia,Smartwatch,Wearables,15,220.11,144.89,3301.65,2173.35,1128.3000000000002,0.34173822179819185,2025-11
104854,2025-11-28,Japan,Asia,Mouse,Accessories,13,42.04,24.24,546.52,315.12,231.39999999999998,0.423406279733587,2025-11
100603,2025-11-28,France,Europe,Tablet,Electronics,12,429.69,291.08,5156.28,3492.96,1663.3199999999997,0.32258139589006024,2025-11
102917,2025-11-28,USA,North America,Phone,Electronics,1,621.87,419.09,621.87,419.09,202.78000000000003,0.32608101371669324,2025-11
100924,2025-11-28,Mexico,North America,Mouse,Accessories,11,45.91,22.74,505.01,250.14,254.87,0.5046830755826618,2025-11
102593,2025-11-28,India,Asia,Headphones,Accessories,9,118.31,64.59,1064.79,581.31,483.48,0.4540613642126617,2025-11
104372,2025-11-28,India,Asia,Keyboard,Accessories,11,66.66,35.93,733.26,395.23,338.03,0.46099609960996096,2025-11
100783,2025-11-28,Italy,Europe,Monitor,Electronics,6,381.21,223.53,2287.26,1341.18,946.0800000000002,0.4136302825214449,2025-11
102592,2025-11-29,Canada,North America,Phone,Electronics,1,655.61,455.06,655.61,455.06,200.55,0.3058983236985403,2025-11
100829,2025-11-29,Mexico,North America,Laptop,Electronics,2,857.62,678.0,1715.24,1356.0,359.24,0.20944007835638162,2025-11
104231,2025-11-29,Mexico,North America,Keyboard,Accessories,8,69.66,35.57,557.28,284.56,272.71999999999997,0.48937697387309786,2025-11
102436,2025-11-29,Japan,Asia,Phone,Electronics,9,647.36,457.09,5826.24,4113.81,1712.4299999999994,0.29391683143845765,2025-11
104235,2025-11-29,Netherlands,Europe,Mouse,Accessories,8,43.51,24.38,348.08,195.04,153.04,0.43966904159963227,2025-11
101568,2025-11-29,Germany,Europe,Keyboard,Accessories,9,72.46,37.95,652.14,341.55,310.59,0.4762627656638145,2025-11
100386,2025-11-29,USA,North America,Keyboard,Accessories,14,74.77,37.07,1046.78,518.98,527.8,0.5042129196201685,2025-11
104019,2025-11-29,UK,Europe,Keyboard,Accessories,4,75.91,37.59,303.64,150.36,153.27999999999997,0.5048083256487945,2025-11
101736,2025-11-29,Australia,Australia & Oceania,Tablet,Electronics,3,503.41,302.38,1510.23,907.14,603.09,0.3993365249001808,2025-11
101950,2025-11-29,India,Asia,Tablet,Electronics,11,424.22,317.36,4666.42,3490.96,1175.46,0.25189760030173025,2025-11
103406,2025-11-29,Mexico,North America,Tablet,Electronics,3,499.32,315.65,1497.96,946.95,551.01,0.36784026275735,2025-11
102534,2025-11-29,UK,Europe,Headphones,Accessories,5,123.43,71.47,617.15,357.35,259.79999999999995,0.42096734991493145,2025-11
101328,2025-11-29,USA,North America,Tablet,Electronics,8,485.23,313.78,3881.84,2510.24,1371.6000000000004,0.3533375924819159,2025-11
103869,2025-11-30,USA,North America,Monitor,Electronics,15,367.49,244.26,5512.35,3663.9,1848.4500000000003,0.335328852485782,2025-11
104885,2025-11-30,France,Europe,Headphones,Accessories,5,127.33,66.35,636.65,331.75,304.9,0.4789130605513233,2025-11
104340,2025-11-30,Italy,Europe,Headphones,Accessories,10,134.15,72.68,1341.5,726.8,614.7,0.45821841222512116,2025-11
100127,2025-11-30,Mexico,North America,Mouse,Accessories,10,41.69,22.52,416.9,225.2,191.7,0.4598224994003358,2025-11
100419,2025-11-30,USA,North America,Tablet,Electronics,2,419.18,291.86,838.36,583.72,254.64,0.30373586526074714,2025-11
103459,2025-11-30,USA,North America,Tablet,Electronics,12,470.52,317.6,5646.24,3811.2,1835.04,0.3250021253081697,2025-11
101573,2025-11-30,Mexico,North America,Laptop,Electronics,9,877.81,633.78,7900.29,5704.02,2196.2699999999995,0.2779986557455485,2025-11
101096,2025-12-01,Spain,Europe,Smartwatch,Wearables,2,205.55,131.48,411.1,262.96,148.14000000000004,0.3603502797372903,2025-12
102219,2025-12-01,New Zealand,Australia & Oceania,Laptop,Electronics,15,824.11,615.16,12361.65,9227.4,3134.25,0.25354624989382485,2025-12
103190,2025-12-01,Canada,North America,Headphones,Accessories,13,128.66,65.98,1672.58,857.74,814.8399999999999,0.48717550132131193,2025-12
100359,2025-12-01,New Zealand,Australia & Oceania,Mouse,Accessories,11,49.26,22.02,541.86,242.22,299.64,0.5529841656516443,2025-12
101300,2025-12-01,Mexico,North America,Monitor,Electronics,15,320.48,223.87,4807.2,3358.05,1449.1499999999996,0.30145406889665494,2025-12
103779,2025-12-01,Canada,North America,Laptop,Electronics,6,967.12,639.93,5802.72,3839.58,1963.1400000000003,0.3383137563073869,2025-12
102643,2025-12-01,Canada,North America,Tablet,Electronics,6,474.02,323.93,2844.12,1943.58,900.54,0.3166322096114088,2025-12
101075,2025-12-01,Australia,Australia & Oceania,Keyboard,Accessories,11,66.38,36.64,730.18,403.04,327.13999999999993,0.44802651401024396,2025-12
102909,2025-12-01,Spain,Europe,Keyboard,Accessories,5,74.99,39.39,374.95,196.95,178.0,0.4747299639951994,2025-12
101289,2025-12-01,Italy,Europe,Mouse,Accessories,7,47.17,21.73,330.19,152.11,178.07999999999998,0.5393258426966292,2025-12
102596,2025-12-01,USA,North America,Tablet,Electronics,12,468.9,320.09,5626.8,3841.08,1785.7200000000003,0.317359778204308,2025-12
104326,2025-12-02,Australia,Australia & Oceania,Laptop,Electronics,2,856.33,667.02,1712.66,1334.04,378.6200000000001,0.22107131596463986,2025-12
102560,2025-12-02,UAE,Asia,Monitor,Electronics,10,319.11,235.39,3191.1,2353.9,837.1999999999998,0.26235467393688694,2025-12
100457,2025-12-02,Italy,Europe,Phone,Electronics,12,667.57,415.37,8010.84,4984.44,3026.4000000000005,0.37778809712839106,2025-12
100056,2025-12-02,New Zealand,Australia & Oceania,Tablet,Electronics,13,411.32,324.21,5347.16,4214.73,1132.4300000000003,0.21178158125060786,2025-12
102292,2025-12-02,Spain,Europe,Keyboard,Accessories,7,68.64,40.45,480.48,283.15,197.33000000000004,0.41069347319347327,2025-12
104813,2025-12-02,France,Europe,Keyboard,Accessories,2,78.38,38.95,156.76,77.9,78.85999999999999,0.5030620056136769,2025-12
102004,2025-12-02,Netherlands,Europe,Tablet,Electronics,12,452.39,298.89,5428.68,3586.68,1842.0000000000005,0.3393090032936184,2025-12
104257,2025-12-02,New Zealand,Australia & Oceania,Monitor,Electronics,13,377.63,245.87,4909.19,3196.31,1712.8799999999997,0.3489129571273468,2025-12
103990,2025-12-02,New Zealand,Australia & Oceania,Monitor,Electronics,7,335.46,229.67,2348.22,1607.69,740.5299999999997,0.3153580158588206,2025-12
102186,2025-12-02,Australia,Australia & Oceania,Mouse,Accessories,11,42.25,22.62,464.75,248.82,215.93,0.46461538461538465,2025-12
100159,2025-12-03,Spain,Europe,Smartwatch,Wearables,13,231.29,137.77,3006.77,1791.01,1215.76,0.40434087076829955,2025-12
103670,2025-12-03,Singapore,Asia,Keyboard,Accessories,11,63.06,39.62,693.66,435.82,257.84,0.37170948303203294,2025-12
100962,2025-12-03,USA,North America,Headphones,Accessories,15,116.24,72.66,1743.6,1089.9,653.6999999999998,0.3749139710942876,2025-12
103629,2025-12-03,Mexico,North America,Smartwatch,Wearables,5,209.78,134.8,1048.9,674.0,374.9000000000001,0.3574220612069788,2025-12
101022,2025-12-03,UK,Europe,Keyboard,Accessories,15,69.16,38.69,1037.4,580.35,457.05000000000007,0.44057258530942744,2025-12
100076,2025-12-03,Canada,North America,Monitor,Electronics,13,326.84,226.25,4248.92,2941.25,1307.67,0.30776526740912985,2025-12
102395,2025-12-03,Australia,Australia & Oceania,Mouse,Accessories,3,41.21,23.18,123.63,69.54,54.08999999999999,0.43751516622179076,2025-12
102794,2025-12-03,Netherlands,Europe,Smartwatch,Wearables,15,222.33,135.93,3334.95,2038.95,1295.9999999999998,0.3886115234111455,2025-12
104607,2025-12-03,Canada,North America,Mouse,Accessories,14,41.34,22.24,578.76,311.36,267.4,0.46202225447508466,2025-12
101383,2025-12-03,Australia,Australia & Oceania,Smartwatch,Wearables,4,201.65,142.02,806.6,568.08,238.51999999999998,0.2957103892883709,2025-12
100812,2025-12-03,Mexico,North America,Keyboard,Accessories,10,64.95,35.45,649.5,354.5,295.0,0.4541955350269438,2025-12
104604,2025-12-04,South Korea,Asia,Mouse,Accessories,3,44.64,23.89,133.92,71.67,62.249999999999986,0.4648297491039426,2025-12
102673,2025-12-04,USA,North America,Phone,Electronics,10,649.45,450.19,6494.5,4501.9,1992.6000000000004,0.30681345754099626,2025-12
103168,2025-12-04,Netherlands,Europe,Phone,Electronics,13,727.88,448.02,9462.44,5824.26,3638.1800000000003,0.3844864538110678,2025-12
103871,2025-12-04,Japan,Asia,Headphones,Accessories,14,129.52,71.98,1813.28,1007.72,805.56,0.44425571340333536,2025-12
102006,2025-12-04,USA,North America,Smartwatch,Wearables,2,212.13,130.98,424.26,261.96,162.3,0.38254843727902704,2025-12
103159,2025-12-04,Canada,North America,Laptop,Electronics,7,937.38,665.71,6561.66,4659.97,1901.6899999999996,0.2898184300923851,2025-12
103719,2025-12-04,South Korea,Asia,Smartwatch,Wearables,4,226.86,139.76,907.44,559.04,348.4000000000001,0.3839372300096977,2025-12
100725,2025-12-04,Japan,Asia,Monitor,Electronics,6,322.52,239.81,1935.12,1438.86,496.26,0.25644921245194097,2025-12
100913,2025-12-04,USA,North America,Smartwatch,Wearables,11,228.05,145.06,2508.55,1595.66,912.8900000000001,0.3639114229335672,2025-12
104072,2025-12-04,Canada,North America,Mouse,Accessories,9,40.77,22.63,366.93,203.67,163.26000000000002,0.444935001226392,2025-12
100517,2025-12-04,Singapore,Asia,Laptop,Electronics,11,864.63,677.48,9510.93,7452.28,2058.6500000000005,0.2164509674658525,2025-12
102683,2025-12-05,France,Europe,Laptop,Electronics,14,990.09,597.22,13861.26,8361.08,5500.18,0.3968023109010292,2025-12
104047,2025-12-05,Japan,Asia,Laptop,Electronics,2,831.35,635.31,1662.7,1270.62,392.08000000000015,0.2358092259577796,2025-12
101581,2025-12-05,Netherlands,Europe,Phone,Electronics,12,599.32,439.12,7191.84,5269.44,1922.4000000000005,0.26730294333578064,2025-12
104573,2025-12-05,Italy,Europe,Monitor,Electronics,11,344.29,235.21,3787.19,2587.31,1199.88,0.31682593162740713,2025-12
100637,2025-12-05,Japan,Asia,Mouse,Accessories,14,47.48,23.88,664.72,334.32,330.40000000000003,0.49705139005897225,2025-12
104411,2025-12-05,UK,Europe,Mouse,Accessories,11,42.59,23.5,468.49,258.5,209.99,0.4482272833998591,2025-12
102914,2025-12-05,New Zealand,Australia & Oceania,Tablet,Electronics,1,477.13,295.19,477.13,295.19,181.94,0.38132165237985455,2025-12
104468,2025-12-05,Germany,Europe,Phone,Electronics,8,594.21,410.38,4753.68,3283.04,1470.6400000000003,0.30936874169064815,2025-12
103568,2025-12-05,Canada,North America,Mouse,Accessories,8,46.59,22.18,372.72,177.44,195.28000000000003,0.5239321742863275,2025-12
101057,2025-12-06,Mexico,North America,Phone,Electronics,1,593.86,413.98,593.86,413.98,179.88,0.30289967332367895,2025-12
103491,2025-12-06,UK,Europe,Keyboard,Accessories,11,67.88,37.89,746.68,416.79,329.88999999999993,0.44180907483794923,2025-12
104064,2025-12-06,France,Europe,Tablet,Electronics,14,482.61,293.48,6756.54,4108.72,2647.8199999999997,0.39188993182901305,2025-12
102781,2025-12-06,Italy,Europe,Keyboard,Accessories,13,72.96,40.34,948.48,524.42,424.06000000000006,0.4470942982456141,2025-12
104567,2025-12-06,France,Europe,Headphones,Accessories,15,132.78,67.84,1991.7,1017.6,974.1,0.4890796806748004,2025-12
100893,2025-12-07,Canada,North America,Smartwatch,Wearables,14,199.53,142.43,2793.42,1994.02,799.4000000000001,0.28617250538766104,2025-12
103162,2025-12-07,France,Europe,Monitor,Electronics,5,363.33,246.67,1816.65,1233.35,583.3000000000002,0.3210855145460051,2025-12
103903,2025-12-07,Australia,Australia & Oceania,Smartwatch,Wearables,15,221.7,138.25,3325.5,2073.75,1251.75,0.37640956247180873,2025-12
100867,2025-12-07,France,Europe,Phone,Electronics,2,686.03,452.59,1372.06,905.18,466.88,0.34027666428581843,2025-12
100444,2025-12-07,UAE,Asia,Laptop,Electronics,4,915.41,648.87,3661.64,2595.48,1066.1599999999999,0.29117007679618967,2025-12
101438,2025-12-07,USA,North America,Monitor,Electronics,7,324.58,247.85,2272.06,1734.95,537.1099999999999,0.2363978063959578,2025-12
104277,2025-12-07,Singapore,Asia,Phone,Electronics,7,666.13,412.99,4662.91,2890.93,1771.98,0.3800159128098119,2025-12
104096,2025-12-07,UAE,Asia,Laptop,Electronics,14,874.8,648.76,12247.2,9082.64,3164.5600000000013,0.2583904892546869,2025-12
102228,2025-12-07,Singapore,Asia,Monitor,Electronics,7,386.05,231.23,2702.35,1618.61,1083.74,0.4010361352156457,2025-12
102775,2025-12-07,India,Asia,Mouse,Accessories,14,46.79,22.21,655.06,310.94,344.11999999999995,0.5253259243428082,2025-12
101016,2025-12-07,New Zealand,Australia & Oceania,Headphones,Accessories,13,128.74,72.75,1673.62,945.75,727.8699999999999,0.4349075656361659,2025-12
104993,2025-12-07,UAE,Asia,Monitor,Electronics,8,323.92,233.27,2591.36,1866.16,725.2,0.279853050135836,2025-12
104579,2025-12-07,New Zealand,Australia & Oceania,Laptop,Electronics,14,990.53,630.34,13867.42,8824.76,5042.66,0.36363361028944097,2025-12
100431,2025-12-07,Netherlands,Europe,Tablet,Electronics,13,423.16,323.36,5501.08,4203.68,1297.3999999999996,0.23584459778807065,2025-12
103824,2025-12-08,Singapore,Asia,Headphones,Accessories,12,128.75,64.2,1545.0,770.4,774.6,0.5013592233009709,2025-12
102798,2025-12-08,Canada,North America,Mouse,Accessories,7,44.32,24.21,310.24,169.47,140.77,0.45374548736462095,2025-12
101200,2025-12-08,France,Europe,Phone,Electronics,10,715.73,467.15,7157.3,4671.5,2485.8,0.34730973970631385,2025-12
104366,2025-12-08,USA,North America,Smartwatch,Wearables,12,200.17,135.96,2402.04,1631.52,770.52,0.3207773392616276,2025-12
103998,2025-12-08,India,Asia,Smartwatch,Wearables,1,242.56,132.32,242.56,132.32,110.24000000000001,0.45448548812664913,2025-12
103294,2025-12-08,India,Asia,Keyboard,Accessories,6,63.7,39.2,382.2,235.2,147.0,0.38461538461538464,2025-12
100896,2025-12-08,UK,Europe,Monitor,Electronics,3,317.94,239.51,953.82,718.53,235.29000000000008,0.24668176385481544,2025-12
102005,2025-12-08,Spain,Europe,Phone,Electronics,7,611.62,422.17,4281.34,2955.19,1326.15,0.3097511526764985,2025-12
104809,2025-12-08,Germany,Europe,Headphones,Accessories,1,113.64,65.4,113.64,65.4,48.239999999999995,0.42449841605068633,2025-12
101135,2025-12-08,USA,North America,Laptop,Electronics,14,936.47,616.77,13110.58,8634.78,4475.799999999999,0.341388405394727,2025-12
102579,2025-12-08,Singapore,Asia,Tablet,Electronics,9,503.08,330.58,4527.72,2975.22,1552.5000000000005,0.34288781108372435,2025-12
100868,2025-12-08,Italy,Europe,Headphones,Accessories,3,128.08,67.26,384.24,201.78,182.46,0.47485946283572766,2025-12
103204,2025-12-08,New Zealand,Australia & Oceania,Keyboard,Accessories,15,72.33,37.93,1084.95,568.95,516.0,0.47559795382275677,2025-12
103702,2025-12-09,USA,North America,Phone,Electronics,13,658.57,430.84,8561.41,5600.92,2960.49,0.3457946763442003,2025-12
100316,2025-12-09,USA,North America,Laptop,Electronics,10,844.75,682.7,8447.5,6827.0,1620.5,0.1918319029298609,2025-12
100855,2025-12-09,Spain,Europe,Phone,Electronics,15,705.58,412.1,10583.7,6181.5,4402.200000000001,0.41594149494033283,2025-12
102714,2025-12-09,India,Asia,Smartwatch,Wearables,5,245.46,145.08,1227.3,725.4,501.9,0.40894646785626987,2025-12
101831,2025-12-09,Australia,Australia & Oceania,Smartwatch,Wearables,15,238.4,134.28,3576.0,2014.2,1561.8,0.436744966442953,2025-12
100411,2025-12-09,France,Europe,Keyboard,Accessories,6,74.5,38.07,447.0,228.42,218.58,0.48899328859060404,2025-12
103916,2025-12-09,India,Asia,Tablet,Electronics,14,496.27,290.84,6947.78,4071.76,2876.0199999999995,0.41394805247143684,2025-12
104571,2025-12-09,Japan,Asia,Smartwatch,Wearables,3,238.94,141.59,716.82,424.77,292.05000000000007,0.4074244580229347,2025-12
103608,2025-12-09,Italy,Europe,Smartwatch,Wearables,4,218.67,136.1,874.68,544.4,330.28,0.37760095120501214,2025-12
100607,2025-12-09,Italy,Europe,Monitor,Electronics,10,361.41,228.34,3614.1,2283.4,1330.6999999999998,0.36819678481503,2025-12
100886,2025-12-09,France,Europe,Smartwatch,Wearables,2,198.41,144.88,396.82,289.76,107.06,0.2697948692102213,2025-12
100845,2025-12-09,France,Europe,Mouse,Accessories,8,44.1,24.79,352.8,198.32,154.48000000000002,0.4378684807256236,2025-12
102183,2025-12-09,UK,Europe,Keyboard,Accessories,2,64.82,37.12,129.64,74.24,55.39999999999999,0.4273372415921012,2025-12
101795,2025-12-09,Spain,Europe,Monitor,Electronics,13,345.19,218.4,4487.47,2839.2,1648.2700000000004,0.36730496248442895,2025-12
101806,2025-12-09,Canada,North America,Mouse,Accessories,7,50.33,22.59,352.31,158.13,194.18,0.5511623286310352,2025-12
101039,2025-12-09,UK,Europe,Headphones,Accessories,15,115.52,65.91,1732.8,988.65,744.15,0.4294494459833795,2025-12
102919,2025-12-09,Singapore,Asia,Monitor,Electronics,2,370.03,235.68,740.06,471.36,268.69999999999993,0.36307866929708393,2025-12
103404,2025-12-09,Japan,Asia,Headphones,Accessories,2,131.7,67.37,263.4,134.74,128.65999999999997,0.48845861807137425,2025-12
100113,2025-12-09,New Zealand,Australia & Oceania,Monitor,Electronics,7,347.7,245.71,2433.9,1719.97,713.9300000000001,0.29332758124820246,2025-12
103987,2025-12-09,Netherlands,Europe,Keyboard,Accessories,14,63.12,36.98,883.68,517.72,365.9599999999999,0.4141318124207857,2025-12
100162,2025-12-09,USA,North America,Headphones,Accessories,5,119.72,69.99,598.6,349.95,248.65000000000003,0.41538590043434687,2025-12
100349,2025-12-10,Singapore,Asia,Keyboard,Accessories,13,64.48,37.85,838.24,492.05,346.19,0.41299627791563276,2025-12
100496,2025-12-10,UAE,Asia,Laptop,Electronics,3,824.49,631.23,2473.47,1893.69,579.7799999999997,0.2343994469308299,2025-12
104591,2025-12-10,South Korea,Asia,Monitor,Electronics,13,356.03,216.77,4628.39,2818.01,1810.38,0.39114681347077496,2025-12
101436,2025-12-10,Germany,Europe,Keyboard,Accessories,6,70.47,35.92,422.82,215.52,207.29999999999998,0.4902795515822335,2025-12
100097,2025-12-10,Japan,Asia,Tablet,Electronics,10,424.64,313.91,4246.4,3139.1,1107.2999999999997,0.26076205727204216,2025-12
103737,2025-12-10,USA,North America,Headphones,Accessories,6,122.14,66.73,732.84,400.38,332.46000000000004,0.453659734730637,2025-12
104860,2025-12-10,New Zealand,Australia & Oceania,Monitor,Electronics,9,339.86,242.29,3058.74,2180.61,878.1299999999997,0.2870888012711115,2025-12
102587,2025-12-11,Germany,Europe,Phone,Electronics,15,670.13,418.67,10051.95,6280.05,3771.9000000000005,0.3752406249533673,2025-12
100743,2025-12-11,USA,North America,Laptop,Electronics,11,959.14,601.95,10550.54,6621.45,3929.090000000001,0.3724065308505537,2025-12
101510,2025-12-11,Mexico,North America,Mouse,Accessories,13,49.09,22.65,638.17,294.45,343.71999999999997,0.5386025667141984,2025-12
104790,2025-12-11,UAE,Asia,Smartwatch,Wearables,13,238.39,145.38,3099.07,1889.94,1209.13,0.39015898317882464,2025-12
101090,2025-12-11,Germany,Europe,Monitor,Electronics,12,352.33,226.24,4227.96,2714.88,1513.08,0.35787471972298696,2025-12
100397,2025-12-11,Australia,Australia & Oceania,Keyboard,Accessories,1,75.53,38.07,75.53,38.07,37.46,0.49596186945584536,2025-12
104490,2025-12-11,Japan,Asia,Laptop,Electronics,2,954.11,627.99,1908.22,1255.98,652.24,0.34180545220152814,2025-12
103164,2025-12-11,India,Asia,Laptop,Electronics,13,952.24,615.48,12379.12,8001.24,4377.880000000001,0.35365034025035713,2025-12
103722,2025-12-11,USA,North America,Monitor,Electronics,15,358.76,244.08,5381.4,3661.2,1720.1999999999998,0.31965659493812015,2025-12
103724,2025-12-12,Netherlands,Europe,Laptop,Electronics,14,914.06,643.84,12796.84,9013.76,3783.08,0.29562610769533726,2025-12
101457,2025-12-12,Mexico,North America,Mouse,Accessories,7,48.11,22.16,336.77,155.12,181.64999999999998,0.5393889004364997,2025-12
100429,2025-12-12,Japan,Asia,Smartwatch,Wearables,7,245.45,141.27,1718.15,988.89,729.2600000000001,0.42444489712772465,2025-12
103971,2025-12-12,Australia,Australia & Oceania,Mouse,Accessories,7,40.72,22.55,285.04,157.85,127.19000000000003,0.4462180746561887,2025-12
100406,2025-12-12,New Zealand,Australia & Oceania,Tablet,Electronics,2,489.02,310.31,978.04,620.62,357.41999999999996,0.3654451760664185,2025-12
104649,2025-12-12,Australia,Australia & Oceania,Monitor,Electronics,9,327.82,229.82,2950.38,2068.38,882.0,0.29894454273686777,2025-12
103341,2025-12-12,New Zealand,Australia & Oceania,Keyboard,Accessories,15,73.45,40.03,1101.75,600.45,501.29999999999995,0.45500340367597003,2025-12
102602,2025-12-12,Germany,Europe,Headphones,Accessories,6,120.46,70.5,722.76,423.0,299.76,0.41474348331396316,2025-12
103951,2025-12-12,Germany,Europe,Phone,Electronics,15,660.44,443.09,9906.6,6646.35,3260.25,0.32909878262976194,2025-12
104928,2025-12-12,Germany,Europe,Tablet,Electronics,1,405.12,323.25,405.12,323.25,81.87,0.20208827014218012,2025-12
104683,2025-12-12,New Zealand,Australia & Oceania,Keyboard,Accessories,13,74.64,35.53,970.32,461.89,508.43000000000006,0.5239817792068596,2025-12
101241,2025-12-12,New Zealand,Australia & Oceania,Tablet,Electronics,2,447.94,320.51,895.88,641.02,254.86,0.28448006429432515,2025-12
101277,2025-12-13,Netherlands,Europe,Monitor,Electronics,4,388.63,236.13,1554.52,944.52,610.0,0.39240408614877903,2025-12
100786,2025-12-13,Australia,Australia & Oceania,Keyboard,Accessories,15,74.83,39.42,1122.45,591.3,531.1500000000001,0.47320593344915146,2025-12
103754,2025-12-13,Mexico,North America,Phone,Electronics,15,700.81,413.27,10512.15,6199.05,4313.099999999999,0.4102966567257887,2025-12
103027,2025-12-13,Australia,Australia & Oceania,Laptop,Electronics,15,934.97,610.63,14024.55,9159.45,4865.0999999999985,0.34689883097853397,2025-12
101774,2025-12-13,New Zealand,Australia & Oceania,Smartwatch,Wearables,1,215.24,143.87,215.24,143.87,71.37,0.33158334881992196,2025-12
101140,2025-12-14,India,Asia,Headphones,Accessories,12,128.78,70.75,1545.36,849.0,696.3599999999999,0.4506134492933685,2025-12
103230,2025-12-14,Spain,Europe,Smartwatch,Wearables,14,239.58,138.13,3354.12,1933.82,1420.3,0.42344936973036146,2025-12
103296,2025-12-14,Italy,Europe,Laptop,Electronics,4,917.07,650.44,3668.28,2601.76,1066.52,0.2907411647965804,2025-12
103463,2025-12-14,Canada,North America,Phone,Electronics,12,618.88,455.29,7426.56,5463.48,1963.0800000000008,0.2643323422957602,2025-12
100213,2025-12-14,Canada,North America,Smartwatch,Wearables,15,236.09,127.83,3541.35,1917.45,1623.8999999999999,0.45855394129357446,2025-12
101715,2025-12-14,UK,Europe,Phone,Electronics,11,643.13,467.05,7074.43,5137.55,1936.88,0.2737860152690747,2025-12
101707,2025-12-14,Mexico,North America,Keyboard,Accessories,15,71.25,35.68,1068.75,535.2,533.55,0.4992280701754386,2025-12
102124,2025-12-14,UAE,Asia,Keyboard,Accessories,4,76.61,40.54,306.44,162.16,144.28,0.47082626288996215,2025-12
100141,2025-12-14,Australia,Australia & Oceania,Tablet,Electronics,4,465.67,311.42,1862.68,1245.68,617.0,0.33124315502394397,2025-12
104447,2025-12-15,Netherlands,Europe,Keyboard,Accessories,4,71.18,38.31,284.72,153.24,131.48000000000002,0.4617870188255128,2025-12
103048,2025-12-15,India,Asia,Keyboard,Accessories,14,65.4,38.49,915.6,538.86,376.74,0.4114678899082569,2025-12
102052,2025-12-15,Singapore,Asia,Mouse,Accessories,14,49.6,22.85,694.4,319.9,374.5,0.5393145161290323,2025-12
104755,2025-12-15,New Zealand,Australia & Oceania,Monitor,Electronics,8,338.54,237.38,2708.32,1899.04,809.2800000000002,0.2988125480002364,2025-12
101704,2025-12-15,South Korea,Asia,Mouse,Accessories,2,41.83,23.49,83.66,46.98,36.68,0.438441310064547,2025-12
101643,2025-12-15,India,Asia,Mouse,Accessories,4,48.04,22.28,192.16,89.12,103.03999999999999,0.5362198168193172,2025-12
101740,2025-12-15,UAE,Asia,Keyboard,Accessories,14,65.4,38.68,915.6,541.52,374.08000000000004,0.4085626911314985,2025-12
101063,2025-12-16,USA,North America,Laptop,Electronics,9,986.08,661.87,8874.72,5956.83,2917.8899999999994,0.3287867110173616,2025-12
100969,2025-12-16,Japan,Asia,Keyboard,Accessories,10,76.28,37.26,762.8,372.6,390.19999999999993,0.5115364446775039,2025-12
100528,2025-12-16,Spain,Europe,Phone,Electronics,6,712.01,464.0,4272.06,2784.0,1488.0600000000004,0.3483237594977599,2025-12
103070,2025-12-16,Canada,North America,Smartwatch,Wearables,2,203.11,146.53,406.22,293.06,113.16000000000003,0.2785682635025356,2025-12
102409,2025-12-16,New Zealand,Australia & Oceania,Keyboard,Accessories,10,64.61,35.51,646.1,355.1,291.0,0.45039467574678843,2025-12
102098,2025-12-16,Canada,North America,Monitor,Electronics,10,360.75,247.39,3607.5,2473.9,1133.6,0.3142342342342342,2025-12
104869,2025-12-16,South Korea,Asia,Tablet,Electronics,5,498.67,321.14,2493.35,1605.7,887.6499999999999,0.35600697856297747,2025-12
103146,2025-12-16,UAE,Asia,Laptop,Electronics,11,816.04,603.63,8976.44,6639.93,2336.51,0.26029361305818344,2025-12
101354,2025-12-16,Canada,North America,Phone,Electronics,1,669.07,465.72,669.07,465.72,203.35000000000002,0.30392933474823264,2025-12
104373,2025-12-16,Germany,Europe,Monitor,Electronics,13,335.19,238.57,4357.47,3101.41,1256.0600000000004,0.28825442286464403,2025-12
103092,2025-12-16,New Zealand,Australia & Oceania,Monitor,Electronics,7,328.88,243.66,2302.16,1705.62,596.54,0.2591218681585989,2025-12
101059,2025-12-16,South Korea,Asia,Mouse,Accessories,13,48.69,22.14,632.97,287.82,345.15000000000003,0.5452865064695009,2025-12
103755,2025-12-16,France,Europe,Laptop,Electronics,3,958.73,665.35,2876.19,1996.05,880.1400000000001,0.30600899106109125,2025-12
100307,2025-12-17,Singapore,Asia,Keyboard,Accessories,9,63.14,40.59,568.26,365.31,202.95,0.35714285714285715,2025-12
102802,2025-12-17,New Zealand,Australia & Oceania,Monitor,Electronics,9,337.6,219.69,3038.4,1977.21,1061.19,0.3492594786729858,2025-12
102708,2025-12-17,Spain,Europe,Smartwatch,Wearables,3,222.09,141.21,666.27,423.63,242.64,0.36417668512765095,2025-12
100025,2025-12-17,UAE,Asia,Laptop,Electronics,8,826.48,657.17,6611.84,5257.36,1354.4800000000005,0.2048567418449328,2025-12
102725,2025-12-17,Japan,Asia,Laptop,Electronics,3,972.88,654.9,2918.64,1964.7,953.9399999999998,0.3268440095386892,2025-12
100024,2025-12-17,Japan,Asia,Smartwatch,Wearables,9,224.51,137.58,2020.59,1238.22,782.3699999999999,0.3871987884726738,2025-12
102259,2025-12-17,Italy,Europe,Laptop,Electronics,11,822.67,664.39,9049.37,7308.29,1741.0800000000008,0.1923979238333719,2025-12
101249,2025-12-17,New Zealand,Australia & Oceania,Keyboard,Accessories,3,71.27,38.54,213.81,115.62,98.19,0.4592395117160095,2025-12
100715,2025-12-17,South Korea,Asia,Tablet,Electronics,7,453.36,296.8,3173.52,2077.6,1095.92,0.3453326274925005,2025-12
100416,2025-12-17,UAE,Asia,Phone,Electronics,4,609.76,434.93,2439.04,1739.72,699.3199999999999,0.286719364996064,2025-12
100393,2025-12-17,South Korea,Asia,Keyboard,Accessories,8,64.89,38.53,519.12,308.24,210.88,0.4062259207890276,2025-12
100325,2025-12-17,Australia,Australia & Oceania,Phone,Electronics,1,652.03,446.41,652.03,446.41,205.61999999999995,0.3153535880250908,2025-12
100407,2025-12-18,Japan,Asia,Keyboard,Accessories,9,65.14,38.46,586.26,346.14,240.12,0.4095793675161191,2025-12
100186,2025-12-18,Canada,North America,Headphones,Accessories,11,120.95,69.4,1330.45,763.4,567.0500000000001,0.42620917734601077,2025-12
100506,2025-12-18,France,Europe,Phone,Electronics,5,703.85,453.38,3519.25,2266.9,1252.35,0.35585707181927967,2025-12
103793,2025-12-18,India,Asia,Mouse,Accessories,13,48.59,23.86,631.67,310.18,321.48999999999995,0.5089524593537764,2025-12
100372,2025-12-18,Spain,Europe,Phone,Electronics,1,658.8,413.14,658.8,413.14,245.65999999999997,0.37289010321797206,2025-12
101410,2025-12-18,New Zealand,Australia & Oceania,Smartwatch,Wearables,15,216.98,129.17,3254.7,1937.55,1317.1499999999999,0.404691676652226,2025-12
103826,2025-12-18,Spain,Europe,Smartwatch,Wearables,15,233.48,143.56,3502.2,2153.4,1348.7999999999997,0.38512934726743187,2025-12
104617,2025-12-18,Mexico,North America,Phone,Electronics,5,724.09,428.88,3620.45,2144.4,1476.0499999999997,0.40769793810161714,2025-12
103114,2025-12-18,Germany,Europe,Tablet,Electronics,15,409.88,290.49,6148.2,4357.35,1790.8499999999995,0.2912803747438274,2025-12
104143,2025-12-19,Netherlands,Europe,Tablet,Electronics,5,476.26,299.57,2381.3,1497.85,883.4500000000003,0.370994834754126,2025-12
103107,2025-12-19,Canada,North America,Tablet,Electronics,12,457.06,330.17,5484.72,3962.04,1522.6800000000003,0.27762219402266664,2025-12
102241,2025-12-19,Mexico,North America,Mouse,Accessories,1,48.21,24.75,48.21,24.75,23.46,0.4866210329807094,2025-12
102039,2025-12-19,Germany,Europe,Smartwatch,Wearables,10,234.02,127.95,2340.2,1279.5,1060.6999999999998,0.4532518588154858,2025-12
102705,2025-12-19,Canada,North America,Headphones,Accessories,14,116.93,64.31,1637.02,900.34,736.68,0.45001282818780464,2025-12
103982,2025-12-19,Mexico,North America,Keyboard,Accessories,5,69.99,40.49,349.95,202.45,147.5,0.421488784112016,2025-12
100134,2025-12-19,Japan,Asia,Mouse,Accessories,2,46.57,24.24,93.14,48.48,44.660000000000004,0.47949323598883403,2025-12
104013,2025-12-19,USA,North America,Tablet,Electronics,3,458.57,324.46,1375.71,973.38,402.33000000000004,0.2924526244630046,2025-12
102072,2025-12-19,UAE,Asia,Mouse,Accessories,3,45.09,24.09,135.27,72.27,63.000000000000014,0.4657351962741185,2025-12
104484,2025-12-20,Singapore,Asia,Monitor,Electronics,7,369.56,228.91,2586.92,1602.37,984.5500000000002,0.38058772594436635,2025-12
104075,2025-12-20,USA,North America,Keyboard,Accessories,3,74.26,38.21,222.78,114.63,108.15,0.48545650417452196,2025-12
101316,2025-12-20,Canada,North America,Laptop,Electronics,9,876.38,641.38,7887.42,5772.42,2115.0,0.26814852004838086,2025-12
102462,2025-12-20,New Zealand,Australia & Oceania,Keyboard,Accessories,10,71.39,39.28,713.9,392.8,321.09999999999997,0.4497828827566886,2025-12
103407,2025-12-21,New Zealand,Australia & Oceania,Headphones,Accessories,14,125.54,66.5,1757.56,931.0,826.56,0.4702883543093834,2025-12
104628,2025-12-21,South Korea,Asia,Keyboard,Accessories,14,69.32,36.14,970.48,505.96,464.52000000000004,0.4786497403346798,2025-12
100374,2025-12-21,Mexico,North America,Monitor,Electronics,15,366.76,225.51,5501.4,3382.65,2118.7499999999995,0.3851292398298614,2025-12
102586,2025-12-21,USA,North America,Smartwatch,Wearables,1,211.62,140.54,211.62,140.54,71.08000000000001,0.3358850770248559,2025-12
103818,2025-12-21,USA,North America,Keyboard,Accessories,12,72.45,36.47,869.4,437.64,431.76,0.4966183574879227,2025-12
100861,2025-12-21,Mexico,North America,Monitor,Electronics,5,350.64,228.21,1753.2,1141.05,612.1500000000001,0.34916153319644083,2025-12
101924,2025-12-22,UAE,Asia,Headphones,Accessories,1,130.82,64.71,130.82,64.71,66.11,0.5053508637822963,2025-12
102612,2025-12-22,Netherlands,Europe,Smartwatch,Wearables,1,243.35,135.72,243.35,135.72,107.63,0.4422847750154099,2025-12
103521,2025-12-23,Italy,Europe,Laptop,Electronics,5,872.78,604.94,4363.9,3024.7,1339.1999999999998,0.3068814592451706,2025-12
102296,2025-12-23,Germany,Europe,Keyboard,Accessories,7,70.61,38.25,494.27,267.75,226.51999999999998,0.4582920266251239,2025-12
100509,2025-12-23,New Zealand,Australia & Oceania,Phone,Electronics,5,695.47,411.43,3477.35,2057.15,1420.1999999999998,0.40841445353501943,2025-12
101174,2025-12-23,Netherlands,Europe,Monitor,Electronics,1,346.19,216.35,346.19,216.35,129.84,0.3750541610098501,2025-12
100087,2025-12-23,Canada,North America,Tablet,Electronics,1,446.78,300.23,446.78,300.23,146.54999999999995,0.32801378754644334,2025-12
101542,2025-12-23,France,Europe,Mouse,Accessories,11,41.92,22.56,461.12,248.16,212.96,0.4618320610687023,2025-12
104716,2025-12-23,India,Asia,Keyboard,Accessories,5,68.67,37.7,343.35,188.5,154.85000000000002,0.45099752439201984,2025-12
101907,2025-12-23,Australia,Australia & Oceania,Tablet,Electronics,7,460.12,321.71,3220.84,2251.97,968.8700000000003,0.30081283143527787,2025-12
100117,2025-12-23,Canada,North America,Headphones,Accessories,12,115.87,70.11,1390.44,841.32,549.12,0.39492534737205487,2025-12
102289,2025-12-23,India,Asia,Keyboard,Accessories,15,75.49,37.12,1132.35,556.8,575.55,0.5082792422837462,2025-12
103207,2025-12-23,Australia,Australia & Oceania,Mouse,Accessories,15,43.75,22.82,656.25,342.3,313.95,0.4784,2025-12
104996,2025-12-23,Australia,Australia & Oceania,Mouse,Accessories,8,47.24,24.1,377.92,192.8,185.12,0.48983911939034713,2025-12
100719,2025-12-23,Italy,Europe,Keyboard,Accessories,3,70.98,40.61,212.94,121.83,91.11,0.4278670047900817,2025-12
104651,2025-12-24,Germany,Europe,Tablet,Electronics,9,447.78,327.35,4030.02,2946.15,1083.87,0.2689490374737594,2025-12
103361,2025-12-24,USA,North America,Keyboard,Accessories,15,72.75,40.76,1091.25,611.4,479.85,0.43972508591065296,2025-12
101987,2025-12-24,Mexico,North America,Laptop,Electronics,8,847.75,603.82,6782.0,4830.56,1951.4399999999996,0.28773813034503093,2025-12
100273,2025-12-24,New Zealand,Australia & Oceania,Monitor,Electronics,8,358.8,241.33,2870.4,1930.64,939.76,0.327396878483835,2025-12
102468,2025-12-24,France,Europe,Tablet,Electronics,14,497.43,300.88,6964.02,4212.32,2751.7000000000007,0.3951309732022597,2025-12
104322,2025-12-24,Australia,Australia & Oceania,Mouse,Accessories,11,42.66,23.56,469.26,259.16,210.09999999999997,0.44772620721987805,2025-12
104926,2025-12-24,France,Europe,Laptop,Electronics,15,996.27,677.83,14944.05,10167.45,4776.5999999999985,0.3196322282112278,2025-12
100269,2025-12-24,Japan,Asia,Mouse,Accessories,4,48.45,23.4,193.8,93.6,100.20000000000002,0.5170278637770899,2025-12
100245,2025-12-24,Spain,Europe,Phone,Electronics,14,615.45,453.5,8616.3,6349.0,2267.2999999999993,0.26314079129092527,2025-12
101515,2025-12-25,Spain,Europe,Laptop,Electronics,5,946.3,618.09,4731.5,3090.45,1641.0500000000002,0.34683504174151963,2025-12
101695,2025-12-25,Singapore,Asia,Monitor,Electronics,12,356.81,247.03,4281.72,2964.36,1317.3600000000001,0.3076707491381968,2025-12
103274,2025-12-25,Singapore,Asia,Tablet,Electronics,8,446.25,297.85,3570.0,2382.8,1187.1999999999998,0.3325490196078431,2025-12
101036,2025-12-25,Mexico,North America,Smartwatch,Wearables,6,213.93,145.48,1283.58,872.88,410.69999999999993,0.3199644743607722,2025-12
104211,2025-12-25,Germany,Europe,Keyboard,Accessories,11,68.41,35.85,752.51,394.35,358.15999999999997,0.4759538079228183,2025-12
102402,2025-12-25,Netherlands,Europe,Tablet,Electronics,8,497.46,324.4,3979.68,2595.2,1384.48,0.3478872673179753,2025-12
104779,2025-12-25,Italy,Europe,Tablet,Electronics,10,452.08,300.41,4520.8,3004.1,1516.7000000000003,0.33549371792603083,2025-12
101612,2025-12-25,Canada,North America,Monitor,Electronics,8,366.63,226.61,2933.04,1812.88,1120.1599999999999,0.3819109183645637,2025-12
104834,2025-12-25,Germany,Europe,Laptop,Electronics,5,886.07,645.45,4430.35,3227.25,1203.1000000000004,0.27155868046542603,2025-12
104980,2025-12-25,France,Europe,Mouse,Accessories,7,45.82,22.47,320.74,157.29,163.45000000000002,0.509602793539939,2025-12
103077,2025-12-25,Australia,Australia & Oceania,Monitor,Electronics,2,356.81,236.28,713.62,472.56,241.06,0.3377988285081696,2025-12
103766,2025-12-25,France,Europe,Smartwatch,Wearables,15,221.83,145.75,3327.45,2186.25,1141.1999999999998,0.342965333814182,2025-12
104715,2025-12-26,India,Asia,Mouse,Accessories,11,47.45,23.66,521.95,260.26,261.69000000000005,0.5013698630136987,2025-12
102732,2025-12-26,Japan,Asia,Phone,Electronics,15,600.56,449.32,9008.4,6739.8,2268.5999999999995,0.25183162381777,2025-12
103749,2025-12-26,South Korea,Asia,Headphones,Accessories,13,116.84,70.79,1518.92,920.27,598.6500000000001,0.3941287230400548,2025-12
101977,2025-12-26,UK,Europe,Headphones,Accessories,10,113.59,64.89,1135.9,648.9,487.0000000000001,0.4287349238489304,2025-12
103955,2025-12-27,France,Europe,Phone,Electronics,5,640.51,466.69,3202.55,2333.45,869.1000000000004,0.271377496057829,2025-12
103785,2025-12-27,Canada,North America,Headphones,Accessories,14,122.44,67.81,1714.16,949.34,764.82,0.44617771969944464,2025-12
103679,2025-12-27,USA,North America,Mouse,Accessories,13,43.52,23.96,565.76,311.48,254.27999999999997,0.44944852941176466,2025-12
102077,2025-12-27,Netherlands,Europe,Tablet,Electronics,4,444.43,299.71,1777.72,1198.84,578.8800000000001,0.32563058299394737,2025-12
100477,2025-12-27,France,Europe,Laptop,Electronics,6,976.86,670.77,5861.16,4024.62,1836.54,0.3133407038879676,2025-12
103917,2025-12-27,Canada,North America,Monitor,Electronics,3,328.76,246.59,986.28,739.77,246.51,0.24993916534858254,2025-12
102850,2025-12-27,UAE,Asia,Smartwatch,Wearables,2,222.94,132.48,445.88,264.96,180.92000000000002,0.40575939714721454,2025-12
103450,2025-12-27,Germany,Europe,Monitor,Electronics,15,390.32,234.86,5854.8,3522.9,2331.9,0.3982885837261734,2025-12
103112,2025-12-27,Spain,Europe,Smartwatch,Wearables,7,206.81,134.4,1447.67,940.8,506.8700000000001,0.3501281369372855,2025-12
103609,2025-12-27,Australia,Australia & Oceania,Monitor,Electronics,1,384.46,242.09,384.46,242.09,142.36999999999998,0.37031160588877904,2025-12
103577,2025-12-27,Germany,Europe,Monitor,Electronics,9,364.5,235.99,3280.5,2123.91,1156.5900000000001,0.352565157750343,2025-12
103235,2025-12-27,Japan,Asia,Headphones,Accessories,15,122.19,65.05,1832.85,975.75,857.0999999999999,0.4676323758081676,2025-12
102427,2025-12-27,Germany,Europe,Mouse,Accessories,10,43.74,23.44,437.4,234.4,202.99999999999997,0.46410608139003195,2025-12
101642,2025-12-27,Mexico,North America,Monitor,Electronics,10,369.68,246.1,3696.8,2461.0,1235.8000000000002,0.33428911491019264,2025-12
100982,2025-12-27,Canada,North America,Laptop,Electronics,14,817.91,684.33,11450.74,9580.62,1870.119999999999,0.1633187025467349,2025-12
100960,2025-12-27,Mexico,North America,Smartwatch,Wearables,15,245.7,144.05,3685.5,2160.75,1524.75,0.4137159137159137,2025-12
100060,2025-12-28,UAE,Asia,Mouse,Accessories,3,44.51,21.98,133.53,65.94,67.59,0.506178386879353,2025-12
103532,2025-12-28,Canada,North America,Phone,Electronics,1,600.05,438.93,600.05,438.93,161.11999999999995,0.2685109574202149,2025-12
103365,2025-12-28,New Zealand,Australia & Oceania,Laptop,Electronics,7,942.05,612.7,6594.35,4288.9,2305.4500000000007,0.34960989331776454,2025-12
100588,2025-12-28,UK,Europe,Monitor,Electronics,8,347.35,220.27,2778.8,1762.16,1016.6400000000001,0.36585576507845113,2025-12
101768,2025-12-28,Singapore,Asia,Mouse,Accessories,4,44.09,23.47,176.36,93.88,82.48000000000002,0.46767974597414386,2025-12
101474,2025-12-28,UAE,Asia,Laptop,Electronics,9,947.68,604.33,8529.12,5438.97,3090.1500000000005,0.36230584163430696,2025-12
101995,2025-12-28,Mexico,North America,Monitor,Electronics,5,380.93,225.25,1904.65,1126.25,778.4000000000001,0.4086840101855984,2025-12
101829,2025-12-29,Mexico,North America,Mouse,Accessories,13,47.42,22.7,616.46,295.1,321.36,0.5212990299451709,2025-12
103344,2025-12-29,Netherlands,Europe,Tablet,Electronics,1,437.44,292.39,437.44,292.39,145.05,0.33158833211411853,2025-12
101937,2025-12-29,UK,Europe,Laptop,Electronics,7,841.21,620.45,5888.47,4343.15,1545.3200000000006,0.26243149748576466,2025-12
102149,2025-12-29,Japan,Asia,Laptop,Electronics,6,857.53,615.05,5145.18,3690.3,1454.88,0.28276561752941587,2025-12
100738,2025-12-29,Canada,North America,Monitor,Electronics,13,380.55,233.37,4947.15,3033.81,1913.3399999999997,0.3867560110366574,2025-12
102455,2025-12-29,South Korea,Asia,Phone,Electronics,15,593.51,427.29,8902.65,6409.35,2493.2999999999993,0.2800626779666728,2025-12
102428,2025-12-30,Australia,Australia & Oceania,Monitor,Electronics,12,383.4,236.55,4600.8,2838.6,1762.2000000000003,0.38302034428794995,2025-12
100838,2025-12-30,Japan,Asia,Headphones,Accessories,6,111.78,71.84,670.68,431.04,239.63999999999993,0.35730899982107706,2025-12
103042,2025-12-30,New Zealand,Australia & Oceania,Tablet,Electronics,7,503.2,321.04,3522.4,2247.28,1275.12,0.3620031796502384,2025-12
102235,2025-12-30,USA,North America,Tablet,Electronics,11,447.39,299.2,4921.29,3291.2,1630.0900000000001,0.3312322582087217,2025-12
101095,2025-12-30,Spain,Europe,Laptop,Electronics,13,1006.2,659.06,13080.6,8567.78,4512.82,0.3450009938382031,2025-12
101107,2025-12-30,India,Asia,Tablet,Electronics,11,488.29,293.26,5371.19,3225.86,2145.3299999999995,0.3994142824960576,2025-12
100552,2025-12-30,Australia,Australia & Oceania,Monitor,Electronics,14,352.88,237.86,4940.32,3330.04,1610.2799999999997,0.3259464973928814,2025-12
104508,2025-12-30,UK,Europe,Laptop,Electronics,3,973.04,622.29,2919.12,1866.87,1052.25,0.36046822330017264,2025-12
103081,2025-12-31,Mexico,North America,Mouse,Accessories,13,48.9,21.59,635.7,280.67,355.03000000000003,0.5584867075664621,2025-12
101434,2025-12-31,Canada,North America,Keyboard,Accessories,9,68.65,37.35,617.85,336.15,281.70000000000005,0.4559359067734888,2025-12
104505,2025-12-31,Singapore,Asia,Phone,Electronics,1,610.59,464.74,610.59,464.74,145.85000000000002,0.23886732504626676,2025-12
103960,2025-12-31,UK,Europe,Monitor,Electronics,8,350.78,247.39,2806.24,1979.12,827.1199999999999,0.29474314385084666,2025-12
104519,2025-12-31,Spain,Europe,Mouse,Accessories,13,49.98,22.25,649.74,289.25,360.49,0.5548219287715086,2025-12
100473,2025-12-31,Germany,Europe,Mouse,Accessories,4,43.79,23.86,175.16,95.44,79.72,0.45512674126512903,2025-12
103711,2025-12-31,Italy,Europe,Headphones,Accessories,1,118.08,73.23,118.08,73.23,44.849999999999994,0.37982723577235766,2025-12
102831,2026-01-01,Japan,Asia,Phone,Electronics,4,723.75,447.42,2895.0,1789.68,1105.32,0.38180310880829016,2026-01
100230,2026-01-01,Canada,North America,Keyboard,Accessories,1,74.15,38.12,74.15,38.12,36.03000000000001,0.48590694538098456,2026-01
100084,2026-01-01,Italy,Europe,Headphones,Accessories,12,108.25,71.32,1299.0,855.84,443.15999999999997,0.3411547344110854,2026-01
101858,2026-01-01,South Korea,Asia,Laptop,Electronics,9,837.0,625.53,7533.0,5629.77,1903.2299999999996,0.2526523297491039,2026-01
103173,2026-01-01,France,Europe,Mouse,Accessories,8,43.88,23.06,351.04,184.48,166.56000000000003,0.4744758432087512,2026-01
101435,2026-01-02,Netherlands,Europe,Phone,Electronics,3,693.8,417.02,2081.4,1251.06,830.3400000000001,0.39893341020467,2026-01
101278,2026-01-02,New Zealand,Australia & Oceania,Smartwatch,Wearables,6,240.57,132.85,1443.42,797.1,646.32,0.4477698798686453,2026-01
102873,2026-01-02,New Zealand,Australia & Oceania,Monitor,Electronics,1,352.09,240.21,352.09,240.21,111.87999999999997,0.31775966372234365,2026-01
100661,2026-01-02,South Korea,Asia,Headphones,Accessories,6,120.48,71.67,722.88,430.02,292.86,0.4051294820717132,2026-01
103989,2026-01-02,Japan,Asia,Phone,Electronics,7,592.78,452.9,4149.46,3170.3,979.1599999999999,0.2359728735787307,2026-01
102446,2026-01-02,Spain,Europe,Mouse,Accessories,7,49.89,24.72,349.23,173.04,176.19000000000003,0.5045099218280217,2026-01
102659,2026-01-02,Spain,Europe,Mouse,Accessories,4,44.34,21.97,177.36,87.88,89.48000000000002,0.5045105999097881,2026-01
101261,2026-01-02,Germany,Europe,Monitor,Electronics,15,342.19,227.94,5132.85,3419.1,1713.7500000000005,0.3338788392413572,2026-01
104227,2026-01-02,South Korea,Asia,Laptop,Electronics,12,928.6,610.31,11143.2,7323.72,3819.4800000000005,0.34276329959078183,2026-01
104659,2026-01-02,Spain,Europe,Mouse,Accessories,10,48.25,23.87,482.5,238.7,243.8,0.5052849740932642,2026-01
101245,2026-01-02,Canada,North America,Headphones,Accessories,13,134.17,70.23,1744.21,912.99,831.22,0.47655958858165015,2026-01
102639,2026-01-02,New Zealand,Australia & Oceania,Monitor,Electronics,5,389.27,234.61,1946.35,1173.05,773.3,0.39730778123153593,2026-01
104848,2026-01-02,UK,Europe,Mouse,Accessories,4,48.15,22.96,192.6,91.84,100.75999999999999,0.5231568016614745,2026-01
102312,2026-01-02,Australia,Australia & Oceania,Keyboard,Accessories,14,73.98,38.0,1035.72,532.0,503.72,0.4863476615301433,2026-01
104645,2026-01-02,USA,North America,Tablet,Electronics,10,470.35,316.6,4703.5,3166.0,1537.5,0.3268842351440417,2026-01
103946,2026-01-03,Italy,Europe,Keyboard,Accessories,12,78.13,36.95,937.56,443.4,494.15999999999997,0.5270702675028798,2026-01
100734,2026-01-03,Singapore,Asia,Mouse,Accessories,3,45.55,24.52,136.65,73.56,63.09,0.46169045005488474,2026-01
103920,2026-01-03,USA,North America,Headphones,Accessories,15,117.8,64.24,1767.0,963.6,803.4,0.45466893039049233,2026-01
103966,2026-01-03,USA,North America,Headphones,Accessories,5,128.55,69.51,642.75,347.55,295.2,0.45927654609101515,2026-01
104750,2026-01-03,Mexico,North America,Phone,Electronics,2,703.84,411.2,1407.68,822.4,585.2800000000001,0.4157763127983633,2026-01
101074,2026-01-03,Germany,Europe,Smartwatch,Wearables,14,204.81,134.27,2867.34,1879.78,987.5600000000002,0.3444167765245838,2026-01
102162,2026-01-03,Canada,North America,Headphones,Accessories,1,122.37,72.61,122.37,72.61,49.760000000000005,0.4066356133039144,2026-01
102116,2026-01-03,France,Europe,Laptop,Electronics,13,894.76,641.39,11631.88,8338.07,3293.8099999999995,0.2831709061647816,2026-01
100489,2026-01-04,New Zealand,Australia & Oceania,Mouse,Accessories,10,44.08,23.25,440.8,232.5,208.3,0.4725499092558984,2026-01
101402,2026-01-04,Italy,Europe,Smartwatch,Wearables,2,219.9,133.74,439.8,267.48,172.32,0.3918144611186903,2026-01
104234,2026-01-04,New Zealand,Australia & Oceania,Smartwatch,Wearables,13,214.15,127.53,2783.95,1657.89,1126.0599999999997,0.40448283913144983,2026-01
100466,2026-01-04,UAE,Asia,Tablet,Electronics,4,425.22,311.92,1700.88,1247.68,453.20000000000005,0.2664503080758196,2026-01
100155,2026-01-04,Australia,Australia & Oceania,Tablet,Electronics,3,411.98,332.19,1235.94,996.57,239.37,0.1936744502160299,2026-01
102264,2026-01-05,South Korea,Asia,Tablet,Electronics,11,459.53,317.95,5054.83,3497.45,1557.38,0.3080974038691707,2026-01
102361,2026-01-05,Italy,Europe,Laptop,Electronics,3,825.22,604.29,2475.66,1812.87,662.79,0.26772254671481543,2026-01
104675,2026-01-05,UAE,Asia,Keyboard,Accessories,13,68.08,37.92,885.04,492.96,392.08,0.44300822561692127,2026-01
104548,2026-01-05,Canada,North America,Smartwatch,Wearables,2,237.84,138.87,475.68,277.74,197.94,0.41612008072653883,2026-01
103225,2026-01-05,Spain,Europe,Laptop,Electronics,3,915.55,600.28,2746.65,1800.84,945.8100000000002,0.3443503904756704,2026-01
100556,2026-01-05,Singapore,Asia,Laptop,Electronics,1,962.56,653.32,962.56,653.32,309.2399999999999,0.321268284574468,2026-01
102301,2026-01-05,Canada,North America,Headphones,Accessories,2,110.96,65.77,221.92,131.54,90.38,0.4072638788752704,2026-01
102727,2026-01-05,France,Europe,Keyboard,Accessories,8,63.59,35.93,508.72,287.44,221.28000000000003,0.4349740525239818,2026-01
101824,2026-01-05,USA,North America,Headphones,Accessories,11,133.77,69.84,1471.47,768.24,703.23,0.47790984525678404,2026-01
103165,2026-01-05,Netherlands,Europe,Laptop,Electronics,10,879.01,628.83,8790.1,6288.3,2501.8,0.28461564714849663,2026-01
103986,2026-01-05,Australia,Australia & Oceania,Laptop,Electronics,4,994.07,657.4,3976.28,2629.6,1346.6800000000003,0.33867836269075624,2026-01
104329,2026-01-06,UK,Europe,Laptop,Electronics,7,903.39,655.84,6323.73,4590.88,1732.8499999999995,0.2740234007460786,2026-01
103108,2026-01-06,France,Europe,Monitor,Electronics,5,332.87,218.62,1664.35,1093.1,571.25,0.3432270856490522,2026-01
103807,2026-01-06,South Korea,Asia,Headphones,Accessories,15,123.72,70.15,1855.8,1052.25,803.55,0.4329938570966699,2026-01
101685,2026-01-06,UK,Europe,Monitor,Electronics,8,357.49,217.07,2859.92,1736.56,1123.3600000000001,0.3927942040336793,2026-01
103622,2026-01-06,Germany,Europe,Tablet,Electronics,6,419.59,300.06,2517.54,1800.36,717.1800000000001,0.2848733287256608,2026-01
101904,2026-01-06,UK,Europe,Laptop,Electronics,11,872.92,660.24,9602.12,7262.64,2339.4800000000005,0.24364202905191773,2026-01
103626,2026-01-06,France,Europe,Phone,Electronics,2,695.13,458.62,1390.26,917.24,473.02,0.3402385165364752,2026-01
104861,2026-01-06,USA,North America,Phone,Electronics,10,609.16,441.71,6091.6,4417.1,1674.5,0.27488672926653096,2026-01
102396,2026-01-06,Singapore,Asia,Mouse,Accessories,4,43.72,24.25,174.88,97.0,77.88,0.44533394327538883,2026-01
102120,2026-01-06,Australia,Australia & Oceania,Mouse,Accessories,13,45.09,22.8,586.17,296.4,289.77,0.49434464404524286,2026-01
100221,2026-01-06,Canada,North America,Smartwatch,Wearables,7,244.18,133.1,1709.26,931.7,777.56,0.45491031206487015,2026-01
102944,2026-01-06,USA,North America,Headphones,Accessories,11,131.94,72.51,1451.34,797.61,653.7299999999999,0.4504320145520691,2026-01
102857,2026-01-06,Spain,Europe,Mouse,Accessories,8,43.08,22.61,344.64,180.88,163.76,0.47516248839368613,2026-01
104940,2026-01-06,Mexico,North America,Smartwatch,Wearables,12,232.74,144.11,2792.88,1729.32,1063.5600000000002,0.3808112056371918,2026-01
104561,2026-01-06,Mexico,North America,Phone,Electronics,14,692.42,415.62,9693.88,5818.68,3875.199999999999,0.3997573726928742,2026-01
101625,2026-01-07,France,Europe,Phone,Electronics,13,633.96,448.0,8241.48,5824.0,2417.4799999999996,0.29333080951479584,2026-01
104901,2026-01-07,UK,Europe,Laptop,Electronics,7,820.03,617.1,5740.21,4319.7,1420.5100000000002,0.2474665561016061,2026-01
102652,2026-01-07,Japan,Asia,Monitor,Electronics,12,338.27,234.21,4059.24,2810.52,1248.7199999999998,0.3076240872675673,2026-01
102535,2026-01-07,USA,North America,Keyboard,Accessories,13,69.01,36.72,897.13,477.36,419.77,0.4679032024344298,2026-01
101092,2026-01-07,Canada,North America,Monitor,Electronics,4,387.07,248.5,1548.28,994.0,554.28,0.35799726147725214,2026-01
101555,2026-01-07,France,Europe,Phone,Electronics,8,647.69,448.03,5181.52,3584.24,1597.2800000000007,0.30826475628773037,2026-01
101775,2026-01-07,Mexico,North America,Keyboard,Accessories,12,77.84,35.57,934.08,426.84,507.24000000000007,0.5430369989722508,2026-01
102719,2026-01-07,Mexico,North America,Phone,Electronics,10,658.94,448.61,6589.4,4486.1,2103.2999999999993,0.3191944638358575,2026-01
100576,2026-01-08,Australia,Australia & Oceania,Tablet,Electronics,13,423.53,312.13,5505.89,4057.69,1448.2000000000003,0.2630274124619272,2026-01
100481,2026-01-08,Mexico,North America,Mouse,Accessories,6,44.25,23.66,265.5,141.96,123.53999999999999,0.4653107344632768,2026-01
103790,2026-01-08,New Zealand,Australia & Oceania,Tablet,Electronics,6,460.54,294.89,2763.24,1769.34,993.8999999999999,0.3596864550310505,2026-01
101133,2026-01-08,UK,Europe,Mouse,Accessories,4,44.55,21.96,178.2,87.84,90.35999999999999,0.507070707070707,2026-01
102702,2026-01-08,Australia,Australia & Oceania,Mouse,Accessories,10,49.77,23.82,497.7,238.2,259.5,0.5213984327908379,2026-01
100583,2026-01-08,South Korea,Asia,Tablet,Electronics,15,432.88,329.28,6493.2,4939.2,1554.0,0.23932729624838292,2026-01
100548,2026-01-08,Mexico,North America,Tablet,Electronics,6,471.59,332.59,2829.54,1995.54,834.0,0.29474755613986725,2026-01
100639,2026-01-09,Netherlands,Europe,Mouse,Accessories,15,45.15,23.36,677.25,350.4,326.85,0.4826135105204873,2026-01
100589,2026-01-09,Germany,Europe,Headphones,Accessories,6,133.58,66.2,801.48,397.2,404.28000000000003,0.5044168288665968,2026-01
101223,2026-01-09,Singapore,Asia,Monitor,Electronics,12,355.07,217.48,4260.84,2609.76,1651.08,0.3875010561297772,2026-01
102109,2026-01-09,Germany,Europe,Laptop,Electronics,1,879.85,653.46,879.85,653.46,226.39,0.2573052224811047,2026-01
102770,2026-01-09,Mexico,North America,Headphones,Accessories,6,128.85,70.38,773.1,422.28,350.82000000000005,0.45378346915017465,2026-01
103353,2026-01-09,Australia,Australia & Oceania,Mouse,Accessories,13,40.84,23.9,530.92,310.7,220.21999999999997,0.41478942213516157,2026-01
101118,2026-01-09,Australia,Australia & Oceania,Monitor,Electronics,3,343.44,225.08,1030.32,675.24,355.0799999999999,0.34463079431632887,2026-01
103312,2026-01-09,Canada,North America,Tablet,Electronics,8,437.88,294.08,3503.04,2352.64,1150.4,0.3284004750159861,2026-01
102828,2026-01-09,France,Europe,Mouse,Accessories,2,47.89,22.29,95.78,44.58,51.2,0.5345583629150136,2026-01
102556,2026-01-09,Australia,Australia & Oceania,Smartwatch,Wearables,1,215.55,136.01,215.55,136.01,79.54000000000002,0.3690095105543958,2026-01
103887,2026-01-09,Australia,Australia & Oceania,Headphones,Accessories,9,130.85,68.95,1177.65,620.55,557.1000000000001,0.4730607565915171,2026-01
103288,2026-01-09,Mexico,North America,Mouse,Accessories,8,50.1,22.4,400.8,179.2,221.60000000000002,0.5528942115768464,2026-01
100138,2026-01-09,Canada,North America,Tablet,Electronics,15,468.86,311.32,7032.9,4669.8,2363.0999999999995,0.33600648381179876,2026-01
104450,2026-01-09,Mexico,North America,Monitor,Electronics,9,383.14,225.39,3448.26,2028.51,1419.7500000000002,0.41172939395521224,2026-01
100943,2026-01-10,Canada,North America,Headphones,Accessories,7,121.11,69.12,847.77,483.84,363.93,0.42927916769878627,2026-01
104342,2026-01-10,Italy,Europe,Monitor,Electronics,2,351.31,243.63,702.62,487.26,215.36,0.3065099200136632,2026-01
101949,2026-01-10,Singapore,Asia,Phone,Electronics,2,656.62,448.46,1313.24,896.92,416.32000000000005,0.3170174530169657,2026-01
102445,2026-01-10,South Korea,Asia,Tablet,Electronics,5,481.43,302.54,2407.15,1512.7,894.45,0.37158049976112834,2026-01
101574,2026-01-11,Australia,Australia & Oceania,Tablet,Electronics,7,412.61,324.48,2888.27,2271.36,616.9099999999999,0.21359152710792267,2026-01
103707,2026-01-11,Canada,North America,Monitor,Electronics,5,326.08,226.07,1630.4,1130.35,500.0500000000002,0.3067038763493622,2026-01
102779,2026-01-11,India,Asia,Mouse,Accessories,14,45.09,24.3,631.26,340.2,291.06,0.46107784431137727,2026-01
100270,2026-01-11,Netherlands,Europe,Monitor,Electronics,9,382.71,225.99,3444.39,2033.91,1410.4799999999998,0.4095006663008544,2026-01
104176,2026-01-11,Australia,Australia & Oceania,Tablet,Electronics,11,455.19,328.34,5007.09,3611.74,1395.3500000000004,0.2786748390781872,2026-01
101908,2026-01-11,Singapore,Asia,Tablet,Electronics,13,492.41,316.61,6401.33,4115.93,2285.3999999999996,0.3570195568733372,2026-01
104744,2026-01-11,Australia,Australia & Oceania,Phone,Electronics,8,602.14,462.87,4817.12,3702.96,1114.1599999999999,0.23129172617663663,2026-01
102026,2026-01-11,France,Europe,Laptop,Electronics,8,827.32,618.48,6618.56,4947.84,1670.7200000000003,0.252429531499299,2026-01
101105,2026-01-11,Australia,Australia & Oceania,Headphones,Accessories,6,126.71,69.86,760.26,419.16,341.09999999999997,0.44866229973956273,2026-01
101387,2026-01-12,Mexico,North America,Keyboard,Accessories,4,70.21,35.5,280.84,142.0,138.83999999999997,0.49437402079475856,2026-01
101166,2026-01-12,USA,North America,Mouse,Accessories,9,45.44,24.37,408.96,219.33,189.62999999999997,0.46368838028169007,2026-01
102025,2026-01-12,Singapore,Asia,Tablet,Electronics,7,455.94,311.68,3191.58,2181.76,1009.8199999999997,0.31640128087028985,2026-01
101406,2026-01-12,Japan,Asia,Tablet,Electronics,15,430.5,313.2,6457.5,4698.0,1759.5,0.2724738675958188,2026-01
100561,2026-01-12,USA,North America,Tablet,Electronics,6,492.15,298.1,2952.9,1788.6,1164.3000000000002,0.3942903586304989,2026-01
102825,2026-01-12,Japan,Asia,Mouse,Accessories,6,49.78,24.5,298.68,147.0,151.68,0.5078344716753717,2026-01
104282,2026-01-12,Canada,North America,Phone,Electronics,2,601.0,446.1,1202.0,892.2,309.79999999999995,0.25773710482529116,2026-01
103877,2026-01-12,UK,Europe,Mouse,Accessories,7,47.98,22.97,335.86,160.79,175.07000000000002,0.5212588578574406,2026-01
104491,2026-01-12,France,Europe,Keyboard,Accessories,14,72.58,35.87,1016.12,502.18,513.94,0.505786718104161,2026-01
101007,2026-01-12,Mexico,North America,Mouse,Accessories,15,48.0,22.41,720.0,336.15,383.85,0.5331250000000001,2026-01
101296,2026-01-12,UK,Europe,Headphones,Accessories,4,133.49,73.25,533.96,293.0,240.96000000000004,0.45126975803430974,2026-01
104358,2026-01-13,USA,North America,Tablet,Electronics,1,433.94,304.19,433.94,304.19,129.75,0.2990044706641471,2026-01
104471,2026-01-13,Australia,Australia & Oceania,Headphones,Accessories,2,113.24,73.56,226.48,147.12,79.35999999999999,0.3504062168844931,2026-01
104669,2026-01-13,Canada,North America,Keyboard,Accessories,3,64.27,39.62,192.81,118.86,73.95,0.3835381982262331,2026-01
101403,2026-01-13,France,Europe,Phone,Electronics,10,657.44,450.36,6574.4,4503.6,2070.7999999999993,0.31497931370163046,2026-01
102950,2026-01-13,Australia,Australia & Oceania,Mouse,Accessories,13,41.24,23.76,536.12,308.88,227.24,0.4238603297769156,2026-01
100979,2026-01-13,UAE,Asia,Keyboard,Accessories,4,69.34,40.79,277.36,163.16,114.20000000000002,0.4117392558407846,2026-01
101171,2026-01-13,Mexico,North America,Smartwatch,Wearables,4,199.78,135.82,799.12,543.28,255.84000000000003,0.32015216738412255,2026-01
101764,2026-01-13,India,Asia,Tablet,Electronics,9,428.15,310.27,3853.35,2792.43,1060.92,0.27532406866752307,2026-01
102849,2026-01-13,India,Asia,Tablet,Electronics,15,499.94,299.14,7499.1,4487.1,3012.0,0.401648197783734,2026-01
104627,2026-01-13,South Korea,Asia,Headphones,Accessories,6,119.4,66.49,716.4,398.94,317.46,0.4431323283082077,2026-01
100516,2026-01-13,Spain,Europe,Tablet,Electronics,5,486.12,294.4,2430.6,1472.0,958.5999999999999,0.39438821690117665,2026-01
101132,2026-01-13,South Korea,Asia,Keyboard,Accessories,5,67.21,36.46,336.05,182.3,153.75,0.4575212022020532,2026-01
103499,2026-01-13,Netherlands,Europe,Laptop,Electronics,6,898.97,668.18,5393.82,4009.08,1384.7399999999998,0.2567271432862053,2026-01
101502,2026-01-14,India,Asia,Phone,Electronics,14,621.87,466.12,8706.18,6525.68,2180.5,0.2504542750092463,2026-01
103069,2026-01-14,France,Europe,Headphones,Accessories,2,127.65,64.55,255.3,129.1,126.20000000000002,0.49432040736388566,2026-01
101465,2026-01-14,Australia,Australia & Oceania,Smartwatch,Wearables,7,227.18,141.01,1590.26,987.07,603.1899999999999,0.37930275552425385,2026-01
104703,2026-01-14,Mexico,North America,Phone,Electronics,3,688.17,462.53,2064.51,1387.59,676.9200000000003,0.32788409840591726,2026-01
102286,2026-01-14,France,Europe,Mouse,Accessories,6,48.41,21.7,290.46,130.2,160.26,0.5517455071266267,2026-01
101879,2026-01-14,UK,Europe,Phone,Electronics,15,705.61,428.99,10584.15,6434.85,4149.299999999999,0.39202959141735516,2026-01
102180,2026-01-14,India,Asia,Keyboard,Accessories,14,74.73,36.9,1046.22,516.6,529.62,0.5062224006423123,2026-01
101483,2026-01-14,Singapore,Asia,Smartwatch,Wearables,8,235.22,142.84,1881.76,1142.72,739.04,0.3927387126944987,2026-01
102331,2026-01-14,Spain,Europe,Laptop,Electronics,5,921.98,632.96,4609.9,3164.8,1445.0999999999995,0.31347751578125327,2026-01
102736,2026-01-15,Canada,North America,Tablet,Electronics,15,454.6,326.63,6819.0,4899.45,1919.5500000000002,0.2815002199736032,2026-01
102869,2026-01-15,Italy,Europe,Headphones,Accessories,14,119.09,64.79,1667.26,907.06,760.2,0.45595767906625245,2026-01
102607,2026-01-15,UK,Europe,Keyboard,Accessories,4,66.54,35.5,266.16,142.0,124.16000000000003,0.4664863240156297,2026-01
101834,2026-01-15,Mexico,North America,Tablet,Electronics,7,451.5,314.11,3160.5,2198.77,961.73,0.304296788482835,2026-01
100822,2026-01-15,France,Europe,Mouse,Accessories,6,44.57,21.57,267.42,129.42,138.00000000000003,0.5160421808391296,2026-01
101492,2026-01-15,UAE,Asia,Headphones,Accessories,7,112.69,64.49,788.83,451.43,337.40000000000003,0.42772206939391255,2026-01
104040,2026-01-15,South Korea,Asia,Smartwatch,Wearables,6,220.06,143.5,1320.36,861.0,459.3599999999999,0.34790511678633096,2026-01
102018,2026-01-16,New Zealand,Australia & Oceania,Keyboard,Accessories,10,68.6,36.13,686.0,361.3,324.7,0.4733236151603498,2026-01
101024,2026-01-16,Australia,Australia & Oceania,Tablet,Electronics,3,486.81,330.6,1460.43,991.8,468.6300000000001,0.32088494484501145,2026-01
101101,2026-01-16,Germany,Europe,Mouse,Accessories,15,48.94,22.7,734.1,340.5,393.6,0.5361667347772783,2026-01
104267,2026-01-16,USA,North America,Headphones,Accessories,10,129.88,67.93,1298.8,679.3,619.5,0.4769787496150293,2026-01
103218,2026-01-16,UK,Europe,Mouse,Accessories,3,46.64,22.1,139.92,66.3,73.61999999999999,0.5261578044596912,2026-01
103700,2026-01-16,France,Europe,Mouse,Accessories,4,41.47,23.68,165.88,94.72,71.16,0.4289848082951531,2026-01
103461,2026-01-17,Spain,Europe,Laptop,Electronics,3,945.71,683.82,2837.13,2051.46,785.6700000000001,0.2769242156686511,2026-01
100692,2026-01-17,India,Asia,Keyboard,Accessories,1,65.37,36.38,65.37,36.38,28.990000000000002,0.44347560042833106,2026-01
104353,2026-01-17,Singapore,Asia,Phone,Electronics,8,685.17,421.14,5481.36,3369.12,2112.24,0.3853496212618766,2026-01
104426,2026-01-17,India,Asia,Mouse,Accessories,5,47.97,23.71,239.85,118.55,121.3,0.5057327496351887,2026-01
102545,2026-01-17,Spain,Europe,Mouse,Accessories,5,48.07,21.6,240.35,108.0,132.35,0.5506552943623881,2026-01
102210,2026-01-17,Australia,Australia & Oceania,Smartwatch,Wearables,6,198.01,129.39,1188.06,776.34,411.7199999999999,0.34654815413362955,2026-01
101444,2026-01-17,UAE,Asia,Laptop,Electronics,7,899.51,639.89,6296.57,4479.23,1817.3400000000001,0.28862380629453815,2026-01
103078,2026-01-18,UK,Europe,Mouse,Accessories,3,47.1,22.13,141.3,66.39,74.91000000000001,0.5301486199575371,2026-01
100199,2026-01-18,Australia,Australia & Oceania,Keyboard,Accessories,11,70.69,39.2,777.59,431.2,346.39000000000004,0.445466119677465,2026-01
100488,2026-01-18,Spain,Europe,Smartwatch,Wearables,12,207.16,144.94,2485.92,1739.28,746.6400000000001,0.30034755744352193,2026-01
100651,2026-01-18,Spain,Europe,Mouse,Accessories,2,48.74,22.4,97.48,44.8,52.68000000000001,0.5404185473943374,2026-01
101404,2026-01-18,USA,North America,Smartwatch,Wearables,1,199.58,144.4,199.58,144.4,55.18000000000001,0.2764806092794869,2026-01
101709,2026-01-18,Canada,North America,Smartwatch,Wearables,2,200.81,134.21,401.62,268.42,133.2,0.33165679000049797,2026-01
102717,2026-01-18,Canada,North America,Laptop,Electronics,3,881.21,664.27,2643.63,1992.81,650.8200000000002,0.24618422396477577,2026-01
100223,2026-01-18,UK,Europe,Mouse,Accessories,10,48.5,21.84,485.0,218.4,266.6,0.5496907216494846,2026-01
101507,2026-01-18,Singapore,Asia,Tablet,Electronics,4,421.97,291.25,1687.88,1165.0,522.8800000000001,0.30978505580965476,2026-01
103053,2026-01-18,Germany,Europe,Headphones,Accessories,2,122.09,67.17,244.18,134.34,109.84,0.44983209108035055,2026-01
101498,2026-01-19,Japan,Asia,Smartwatch,Wearables,11,225.23,134.24,2477.53,1476.64,1000.8900000000001,0.40398703547484793,2026-01
100380,2026-01-19,Spain,Europe,Phone,Electronics,1,621.25,458.42,621.25,458.42,162.82999999999998,0.2621006036217304,2026-01
100787,2026-01-19,Japan,Asia,Keyboard,Accessories,13,63.19,40.79,821.47,530.27,291.20000000000005,0.3544864693780662,2026-01
102249,2026-01-19,UAE,Asia,Mouse,Accessories,2,44.3,23.96,88.6,47.92,40.67999999999999,0.4591422121896162,2026-01
103909,2026-01-19,UAE,Asia,Keyboard,Accessories,14,66.54,38.54,931.56,539.56,392.0,0.42079951908626395,2026-01
101456,2026-01-19,New Zealand,Australia & Oceania,Monitor,Electronics,10,353.75,232.88,3537.5,2328.8,1208.6999999999998,0.3416819787985865,2026-01
101295,2026-01-19,Canada,North America,Headphones,Accessories,9,127.29,67.37,1145.61,606.33,539.2799999999999,0.4707361143844763,2026-01
101273,2026-01-20,Canada,North America,Monitor,Electronics,1,316.3,232.76,316.3,232.76,83.54000000000002,0.26411634524185906,2026-01
101600,2026-01-20,New Zealand,Australia & Oceania,Phone,Electronics,7,708.87,445.4,4962.09,3117.8,1844.29,0.37167604779437696,2026-01
101969,2026-01-20,UAE,Asia,Headphones,Accessories,11,109.84,64.54,1208.24,709.94,498.29999999999995,0.4124180626365622,2026-01
103756,2026-01-20,Netherlands,Europe,Laptop,Electronics,9,960.56,673.2,8645.04,6058.8,2586.2400000000007,0.2991588240193221,2026-01
101718,2026-01-20,Mexico,North America,Keyboard,Accessories,3,78.29,38.77,234.87,116.31,118.56,0.5047898837654873,2026-01
102962,2026-01-20,UAE,Asia,Phone,Electronics,5,653.85,407.77,3269.25,2038.85,1230.4,0.37635543320333414,2026-01
101323,2026-01-20,Australia,Australia & Oceania,Keyboard,Accessories,5,73.66,37.17,368.3,185.85,182.45000000000002,0.49538419766494707,2026-01
102214,2026-01-20,Australia,Australia & Oceania,Phone,Electronics,1,636.72,456.43,636.72,456.43,180.29000000000002,0.2831542907400427,2026-01
103976,2026-01-21,Australia,Australia & Oceania,Keyboard,Accessories,10,72.1,39.09,721.0,390.9,330.1,0.45783633841886273,2026-01
103084,2026-01-21,India,Asia,Monitor,Electronics,3,318.34,234.9,955.02,704.7,250.31999999999994,0.26210969403782114,2026-01
100262,2026-01-21,Australia,Australia & Oceania,Headphones,Accessories,6,110.29,70.13,661.74,420.78,240.96000000000004,0.3641309275546288,2026-01
101050,2026-01-21,Germany,Europe,Mouse,Accessories,14,43.04,24.58,602.56,344.12,258.43999999999994,0.428903345724907,2026-01
101385,2026-01-21,Mexico,North America,Smartwatch,Wearables,15,242.55,144.02,3638.25,2160.3,1477.9499999999998,0.40622552051123473,2026-01
104652,2026-01-21,Mexico,North America,Smartwatch,Wearables,13,232.55,137.36,3023.15,1785.68,1237.47,0.40933132659643084,2026-01
100504,2026-01-21,Mexico,North America,Headphones,Accessories,9,121.22,65.35,1090.98,588.15,502.83000000000004,0.46089754165979213,2026-01
100890,2026-01-22,France,Europe,Smartwatch,Wearables,3,222.4,146.84,667.2,440.52,226.68000000000006,0.339748201438849,2026-01
102493,2026-01-22,Canada,North America,Keyboard,Accessories,10,74.04,37.11,740.4,371.1,369.29999999999995,0.4987844408427876,2026-01
102306,2026-01-22,UAE,Asia,Keyboard,Accessories,6,64.75,37.85,388.5,227.1,161.4,0.41544401544401544,2026-01
100557,2026-01-22,Netherlands,Europe,Monitor,Electronics,2,389.38,243.42,778.76,486.84,291.92,0.37485232934408547,2026-01
100399,2026-01-22,USA,North America,Monitor,Electronics,6,379.54,231.52,2277.24,1389.12,888.1199999999999,0.38999841913895766,2026-01
100968,2026-01-22,France,Europe,Keyboard,Accessories,1,64.33,36.17,64.33,36.17,28.159999999999997,0.43774288823255086,2026-01
104987,2026-01-22,USA,North America,Phone,Electronics,2,606.15,457.38,1212.3,914.76,297.53999999999996,0.24543429844097994,2026-01
103090,2026-01-22,Germany,Europe,Phone,Electronics,6,678.25,447.19,4069.5,2683.14,1386.3600000000001,0.34067084408403986,2026-01
104612,2026-01-22,Spain,Europe,Mouse,Accessories,1,44.7,23.29,44.7,23.29,21.410000000000004,0.4789709172259508,2026-01
104883,2026-01-22,Mexico,North America,Mouse,Accessories,2,40.63,24.76,81.26,49.52,31.740000000000002,0.3905980802362786,2026-01
102559,2026-01-22,UK,Europe,Tablet,Electronics,14,432.87,306.55,6060.18,4291.7,1768.4800000000005,0.2918197149259594,2026-01
103057,2026-01-22,USA,North America,Phone,Electronics,4,694.13,417.48,2776.52,1669.92,1106.6,0.3985564663679714,2026-01
104184,2026-01-22,Spain,Europe,Phone,Electronics,9,685.46,416.53,6169.14,3748.77,2420.3700000000003,0.39233507425670355,2026-01
103343,2026-01-22,USA,North America,Phone,Electronics,6,679.74,447.96,4078.44,2687.76,1390.6799999999998,0.3409833171506752,2026-01
104078,2026-01-23,Netherlands,Europe,Headphones,Accessories,13,110.79,64.91,1440.27,843.83,596.4399999999999,0.4141167975449047,2026-01
103558,2026-01-23,Japan,Asia,Smartwatch,Wearables,6,241.3,131.84,1447.8,791.04,656.76,0.4536261914629092,2026-01
102422,2026-01-23,France,Europe,Phone,Electronics,2,607.1,431.71,1214.2,863.42,350.7800000000001,0.28889803986163737,2026-01
104894,2026-01-23,Germany,Europe,Phone,Electronics,2,703.26,437.04,1406.52,874.08,532.4399999999999,0.3785513181469157,2026-01
104920,2026-01-23,South Korea,Asia,Tablet,Electronics,5,426.81,325.3,2134.05,1626.5,507.5500000000002,0.23783416508516678,2026-01
104027,2026-01-23,South Korea,Asia,Mouse,Accessories,6,44.4,23.45,266.4,140.7,125.69999999999999,0.47184684684684686,2026-01
100535,2026-01-23,USA,North America,Monitor,Electronics,6,325.39,216.58,1952.34,1299.48,652.8599999999999,0.33439872153415895,2026-01
101412,2026-01-23,UK,Europe,Mouse,Accessories,9,48.23,22.64,434.07,203.76,230.31,0.5305826249222476,2026-01
101886,2026-01-23,UAE,Asia,Mouse,Accessories,8,41.98,22.65,335.84,181.2,154.64,0.4604573606479276,2026-01
100870,2026-01-23,New Zealand,Australia & Oceania,Headphones,Accessories,4,132.4,70.93,529.6,283.72,245.88,0.4642749244712991,2026-01
102463,2026-01-23,Canada,North America,Headphones,Accessories,6,120.87,68.74,725.22,412.44,312.78000000000003,0.4312898155042608,2026-01
100614,2026-01-23,Italy,Europe,Monitor,Electronics,9,390.92,234.01,3518.28,2106.09,1412.19,0.401386472935639,2026-01
101327,2026-01-24,France,Europe,Laptop,Electronics,4,912.78,620.76,3651.12,2483.04,1168.08,0.31992374942483404,2026-01
100748,2026-01-24,South Korea,Asia,Monitor,Electronics,1,351.96,226.23,351.96,226.23,125.72999999999999,0.35722809410160244,2026-01
102787,2026-01-24,New Zealand,Australia & Oceania,Monitor,Electronics,6,330.08,225.93,1980.48,1355.58,624.9000000000001,0.31552956858943293,2026-01
101789,2026-01-24,France,Europe,Keyboard,Accessories,14,73.65,40.33,1031.1,564.62,466.4799999999999,0.45241004752206376,2026-01
103515,2026-01-24,New Zealand,Australia & Oceania,Monitor,Electronics,15,371.52,224.66,5572.8,3369.9,2202.9,0.3952950043066322,2026-01
102254,2026-01-24,Mexico,North America,Headphones,Accessories,4,111.09,72.24,444.36,288.96,155.40000000000003,0.34971644612476377,2026-01
100513,2026-01-24,Australia,Australia & Oceania,Smartwatch,Wearables,5,198.93,131.98,994.65,659.9,334.75,0.33655054541798624,2026-01
103233,2026-01-24,Italy,Europe,Monitor,Electronics,5,357.0,237.33,1785.0,1186.65,598.3499999999999,0.3352100840336134,2026-01
101448,2026-01-24,Mexico,North America,Tablet,Electronics,9,482.61,316.43,4343.49,2847.87,1495.62,0.34433600629908206,2026-01
101828,2026-01-24,New Zealand,Australia & Oceania,Phone,Electronics,5,668.84,454.01,3344.2,2270.05,1074.1499999999996,0.32119789486274736,2026-01
101391,2026-01-24,Spain,Europe,Monitor,Electronics,13,320.28,240.19,4163.64,3122.47,1041.1700000000005,0.25006244536030986,2026-01
103782,2026-01-25,Singapore,Asia,Mouse,Accessories,15,46.68,24.23,700.2,363.45,336.75000000000006,0.4809340188517567,2026-01
102024,2026-01-25,Spain,Europe,Mouse,Accessories,8,45.72,24.6,365.76,196.8,168.95999999999998,0.4619422572178477,2026-01
101220,2026-01-25,Italy,Europe,Phone,Electronics,1,715.92,423.29,715.92,423.29,292.62999999999994,0.4087467873505419,2026-01
104814,2026-01-25,Singapore,Asia,Phone,Electronics,15,684.37,441.01,10265.55,6615.15,3650.3999999999996,0.3555971185177608,2026-01
101910,2026-01-25,Germany,Europe,Smartwatch,Wearables,5,231.49,139.62,1157.45,698.1,459.35,0.39686379541232886,2026-01
103868,2026-01-25,Mexico,North America,Phone,Electronics,5,586.02,436.92,2930.1,2184.6,745.5,0.254428176512747,2026-01
102501,2026-01-25,Mexico,North America,Headphones,Accessories,5,113.86,69.41,569.3,347.05,222.24999999999994,0.39039170911645876,2026-01
100454,2026-01-26,Australia,Australia & Oceania,Keyboard,Accessories,13,72.96,37.52,948.48,487.76,460.72,0.48574561403508776,2026-01
104093,2026-01-26,India,Asia,Phone,Electronics,2,601.62,457.29,1203.24,914.58,288.65999999999997,0.23990226388750371,2026-01
104005,2026-01-26,Italy,Europe,Mouse,Accessories,5,48.94,22.53,244.7,112.65,132.04999999999998,0.5396403759705761,2026-01
101620,2026-01-26,Canada,North America,Monitor,Electronics,12,329.73,235.66,3956.76,2827.92,1128.8400000000001,0.28529402844751767,2026-01
101648,2026-01-27,Mexico,North America,Keyboard,Accessories,5,77.7,36.68,388.5,183.4,205.1,0.5279279279279279,2026-01
104305,2026-01-27,USA,North America,Tablet,Electronics,15,431.46,324.93,6471.9,4873.95,1597.9499999999998,0.2469058545403977,2026-01
100713,2026-01-27,South Korea,Asia,Headphones,Accessories,1,112.13,67.52,112.13,67.52,44.61,0.39784179077856063,2026-01
100521,2026-01-27,UAE,Asia,Monitor,Electronics,9,341.8,237.97,3076.2,2141.73,934.4699999999998,0.30377413692217664,2026-01
102253,2026-01-27,Canada,North America,Smartwatch,Wearables,10,210.91,145.2,2109.1,1452.0,657.0999999999999,0.31155469157460525,2026-01
101470,2026-01-27,Mexico,North America,Mouse,Accessories,14,40.92,24.03,572.88,336.42,236.45999999999998,0.4127565982404692,2026-01
100258,2026-01-27,USA,North America,Phone,Electronics,10,592.98,433.31,5929.8,4333.1,1596.6999999999998,0.26926709163884105,2026-01
100494,2026-01-27,UK,Europe,Tablet,Electronics,1,444.48,306.85,444.48,306.85,137.63,0.30964272858171343,2026-01
103657,2026-01-27,UAE,Asia,Phone,Electronics,1,675.67,414.44,675.67,414.44,261.22999999999996,0.38662364763864016,2026-01
101771,2026-01-27,South Korea,Asia,Phone,Electronics,7,654.5,423.57,4581.5,2964.99,1616.5100000000002,0.35283422459893055,2026-01
101252,2026-01-27,UAE,Asia,Laptop,Electronics,4,912.3,615.4,3649.2,2461.6,1187.6,0.32544119259015675,2026-01
103765,2026-01-27,Singapore,Asia,Headphones,Accessories,5,119.2,65.25,596.0,326.25,269.75,0.4526006711409396,2026-01
100232,2026-01-28,UAE,Asia,Headphones,Accessories,4,132.01,68.46,528.04,273.84,254.2,0.4814029240209075,2026-01
104138,2026-01-28,Singapore,Asia,Mouse,Accessories,9,43.92,22.22,395.28,199.98,195.29999999999998,0.49408014571949,2026-01
100403,2026-01-28,UAE,Asia,Mouse,Accessories,5,40.86,24.08,204.3,120.4,83.9,0.41067058247674987,2026-01
104344,2026-01-28,USA,North America,Mouse,Accessories,10,44.02,22.88,440.2,228.8,211.39999999999998,0.4802362562471603,2026-01
102788,2026-01-28,Italy,Europe,Mouse,Accessories,12,48.55,22.61,582.6,271.32,311.28000000000003,0.5342945417095778,2026-01
101157,2026-01-28,Netherlands,Europe,Keyboard,Accessories,7,75.15,35.83,526.05,250.81,275.23999999999995,0.5232202262142381,2026-01
104121,2026-01-28,Germany,Europe,Mouse,Accessories,4,45.13,23.18,180.52,92.72,87.80000000000001,0.4863727010857523,2026-01
103825,2026-01-28,Italy,Europe,Mouse,Accessories,1,43.17,24.48,43.17,24.48,18.69,0.43293954134815843,2026-01
104518,2026-01-29,Australia,Australia & Oceania,Keyboard,Accessories,6,74.01,36.91,444.06,221.46,222.6,0.5012836103229293,2026-01
102685,2026-01-29,Singapore,Asia,Keyboard,Accessories,7,72.94,40.45,510.58,283.15,227.43,0.445434603783932,2026-01
100250,2026-01-29,New Zealand,Australia & Oceania,Smartwatch,Wearables,10,207.33,142.49,2073.3,1424.9,648.4000000000001,0.3127381469155453,2026-01
102479,2026-01-29,Spain,Europe,Keyboard,Accessories,6,72.91,39.57,437.46,237.42,200.04,0.4572760938142916,2026-01
102676,2026-01-29,Italy,Europe,Smartwatch,Wearables,5,239.44,130.5,1197.2,652.5,544.7,0.45497828265953894,2026-01
103437,2026-01-29,Spain,Europe,Headphones,Accessories,14,108.94,71.99,1525.16,1007.86,517.3000000000001,0.3391775289149991,2026-01
100903,2026-01-29,UK,Europe,Tablet,Electronics,1,465.65,302.67,465.65,302.67,162.97999999999996,0.35000536883925687,2026-01
104557,2026-01-29,USA,North America,Keyboard,Accessories,13,76.74,38.37,997.62,498.81,498.81,0.5,2026-01
100293,2026-01-29,Mexico,North America,Monitor,Electronics,10,359.77,244.96,3597.7,2449.6,1148.1,0.3191205492397921,2026-01
102288,2026-01-30,India,Asia,Headphones,Accessories,13,113.28,70.03,1472.64,910.39,562.2500000000001,0.38179731638418085,2026-01
104728,2026-01-30,Canada,North America,Phone,Electronics,11,690.98,437.49,7600.78,4812.39,2788.3899999999994,0.36685577006570375,2026-01
102847,2026-01-30,Canada,North America,Laptop,Electronics,8,959.59,657.98,7676.72,5263.84,2412.88,0.3143113204597797,2026-01
102729,2026-01-30,Spain,Europe,Smartwatch,Wearables,8,211.56,143.02,1692.48,1144.16,548.3199999999999,0.32397428625449043,2026-01
102805,2026-01-30,India,Asia,Monitor,Electronics,7,346.97,242.64,2428.79,1698.48,730.31,0.3006888203591088,2026-01
103472,2026-01-30,Canada,North America,Keyboard,Accessories,15,66.76,36.5,1001.4,547.5,453.9,0.45326542840023964,2026-01
103120,2026-01-30,Italy,Europe,Keyboard,Accessories,3,70.44,38.84,211.32,116.52,94.8,0.44860874503123227,2026-01
101451,2026-01-30,South Korea,Asia,Smartwatch,Wearables,15,232.64,146.85,3489.6,2202.75,1286.85,0.3687671939477304,2026-01
103117,2026-01-30,Mexico,North America,Keyboard,Accessories,6,75.55,36.47,453.3,218.82,234.48000000000002,0.5172733289212442,2026-01
100192,2026-01-30,New Zealand,Australia & Oceania,Monitor,Electronics,4,387.91,244.04,1551.64,976.16,575.4800000000001,0.37088499909772893,2026-01
101040,2026-01-30,France,Europe,Headphones,Accessories,5,119.0,73.76,595.0,368.8,226.2,0.3801680672268907,2026-01
104199,2026-01-30,Japan,Asia,Laptop,Electronics,8,963.36,686.6,7706.88,5492.8,2214.08,0.2872861650888557,2026-01
102851,2026-01-31,USA,North America,Tablet,Electronics,8,502.32,296.37,4018.56,2370.96,1647.6,0.4099976110845676,2026-01
101104,2026-01-31,Australia,Australia & Oceania,Phone,Electronics,4,658.5,449.3,2634.0,1797.2,836.8,0.31769172361427483,2026-01
104921,2026-01-31,New Zealand,Australia & Oceania,Phone,Electronics,14,641.36,461.86,8979.04,6466.04,2513.000000000001,0.2798740177123613,2026-01
101888,2026-01-31,Netherlands,Europe,Laptop,Electronics,14,867.68,620.86,12147.52,8692.04,3455.4799999999996,0.2844597086483496,2026-01
103912,2026-01-31,Germany,Europe,Headphones,Accessories,14,122.0,73.71,1708.0,1031.94,676.06,0.3958196721311475,2026-01
103405,2026-01-31,USA,North America,Monitor,Electronics,3,317.92,241.89,953.76,725.67,228.09000000000003,0.23914821338701564,2026-01
100435,2026-02-01,UK,Europe,Phone,Electronics,3,708.21,434.33,2124.63,1302.99,821.6400000000001,0.38672145267646607,2026-02
101550,2026-02-01,Mexico,North America,Smartwatch,Wearables,7,220.83,141.95,1545.81,993.65,552.16,0.35719784449576597,2026-02
102373,2026-02-01,Mexico,North America,Tablet,Electronics,9,405.96,303.21,3653.64,2728.89,924.75,0.25310375406443986,2026-02
101979,2026-02-01,Australia,Australia & Oceania,Phone,Electronics,3,688.34,436.57,2065.02,1309.71,755.31,0.36576401197082836,2026-02
103371,2026-02-01,Netherlands,Europe,Laptop,Electronics,2,933.02,603.55,1866.04,1207.1,658.94,0.35312211956871237,2026-02
104308,2026-02-01,Mexico,North America,Laptop,Electronics,4,822.75,604.74,3291.0,2418.96,872.04,0.2649772105742935,2026-02
101842,2026-02-01,Japan,Asia,Phone,Electronics,2,641.49,430.47,1282.98,860.94,422.03999999999996,0.32895290651452086,2026-02
101365,2026-02-01,USA,North America,Phone,Electronics,2,645.05,445.03,1290.1,890.06,400.03999999999996,0.31008448957445156,2026-02
102040,2026-02-02,France,Europe,Phone,Electronics,10,691.69,443.15,6916.9,4431.5,2485.3999999999996,0.359322818025416,2026-02
100566,2026-02-02,Japan,Asia,Headphones,Accessories,4,122.4,65.66,489.6,262.64,226.96000000000004,0.46356209150326805,2026-02
103103,2026-02-02,New Zealand,Australia & Oceania,Monitor,Electronics,11,391.9,242.48,4310.9,2667.28,1643.6199999999994,0.38127073232967584,2026-02
100440,2026-02-03,Italy,Europe,Mouse,Accessories,9,42.86,22.96,385.74,206.64,179.10000000000002,0.464302379841344,2026-02
104482,2026-02-03,UAE,Asia,Keyboard,Accessories,12,69.99,36.78,839.88,441.36,398.52,0.4744963566223746,2026-02
100872,2026-02-03,Spain,Europe,Mouse,Accessories,15,48.85,24.07,732.75,361.05,371.7,0.5072671443193449,2026-02
101520,2026-02-03,Australia,Australia & Oceania,Laptop,Electronics,15,829.79,644.31,12446.85,9664.65,2782.2000000000007,0.2235264343990649,2026-02
102806,2026-02-03,Australia,Australia & Oceania,Phone,Electronics,3,674.9,440.82,2024.7,1322.46,702.24,0.3468365683805008,2026-02
104286,2026-02-03,Japan,Asia,Laptop,Electronics,1,987.85,667.3,987.85,667.3,320.55000000000007,0.3244925849066154,2026-02
101864,2026-02-03,Japan,Asia,Monitor,Electronics,15,315.31,215.82,4729.65,3237.3,1492.3499999999995,0.3155307475183152,2026-02
100209,2026-02-03,Italy,Europe,Mouse,Accessories,3,41.71,24.19,125.13,72.57,52.56,0.4200431551186766,2026-02
100562,2026-02-03,Italy,Europe,Keyboard,Accessories,15,77.85,35.78,1167.75,536.7,631.05,0.540398201669878,2026-02
102378,2026-02-03,USA,North America,Laptop,Electronics,8,872.19,665.25,6977.52,5322.0,1655.5200000000004,0.2372648161524439,2026-02
104530,2026-02-03,UK,Europe,Headphones,Accessories,2,129.37,64.76,258.74,129.52,129.22,0.4994202674499497,2026-02
100047,2026-02-03,UK,Europe,Keyboard,Accessories,5,71.29,40.01,356.45,200.05,156.39999999999998,0.4387712161593491,2026-02
102595,2026-02-03,UK,Europe,Smartwatch,Wearables,9,239.27,139.89,2153.43,1259.01,894.4199999999998,0.41534667948342874,2026-02
100754,2026-02-03,South Korea,Asia,Tablet,Electronics,8,420.02,296.45,3360.16,2371.6,988.56,0.29420027617732486,2026-02
100169,2026-02-04,UK,Europe,Smartwatch,Wearables,5,211.87,144.04,1059.35,720.2,339.14999999999986,0.32014914806249106,2026-02
100935,2026-02-04,Spain,Europe,Headphones,Accessories,1,116.98,72.65,116.98,72.65,44.33,0.37895366729355445,2026-02
102404,2026-02-04,Netherlands,Europe,Laptop,Electronics,14,850.47,635.5,11906.58,8897.0,3009.58,0.25276611755852646,2026-02
104285,2026-02-04,South Korea,Asia,Monitor,Electronics,15,336.38,246.16,5045.7,3692.4,1353.2999999999997,0.26820857363695816,2026-02
102769,2026-02-04,UAE,Asia,Keyboard,Accessories,2,72.69,38.6,145.38,77.2,68.17999999999999,0.46897785114871365,2026-02
103049,2026-02-04,Singapore,Asia,Smartwatch,Wearables,11,244.64,132.51,2691.04,1457.61,1233.43,0.4583469587965991,2026-02
103856,2026-02-04,UK,Europe,Laptop,Electronics,12,921.96,649.26,11063.52,7791.12,3272.4000000000005,0.29578289730574,2026-02
100485,2026-02-04,UAE,Asia,Tablet,Electronics,3,415.18,294.09,1245.54,882.27,363.27,0.2916566308589046,2026-02
102456,2026-02-05,Germany,Europe,Mouse,Accessories,2,46.0,24.33,92.0,48.66,43.34,0.47108695652173915,2026-02
104284,2026-02-05,Germany,Europe,Tablet,Electronics,9,429.0,320.04,3861.0,2880.36,980.6399999999999,0.25398601398601395,2026-02
103323,2026-02-05,USA,North America,Tablet,Electronics,1,408.1,318.95,408.1,318.95,89.15000000000003,0.21845135996079398,2026-02
103541,2026-02-05,France,Europe,Smartwatch,Wearables,7,225.75,130.3,1580.25,912.1,668.15,0.42281284606866,2026-02
103584,2026-02-05,Australia,Australia & Oceania,Headphones,Accessories,5,121.97,68.82,609.85,344.1,265.75,0.43576289251455275,2026-02
102384,2026-02-05,Singapore,Asia,Monitor,Electronics,4,354.41,244.77,1417.64,979.08,438.56000000000006,0.3093592167263904,2026-02
103612,2026-02-05,Italy,Europe,Monitor,Electronics,15,321.43,245.23,4821.45,3678.45,1143.0,0.23706561304171983,2026-02
103174,2026-02-05,Netherlands,Europe,Phone,Electronics,15,589.13,454.63,8836.95,6819.45,2017.500000000001,0.22830275151494586,2026-02
104995,2026-02-05,France,Europe,Mouse,Accessories,9,41.79,23.09,376.11,207.81,168.3,0.44747547260110077,2026-02
101473,2026-02-05,New Zealand,Australia & Oceania,Headphones,Accessories,12,113.42,66.4,1361.04,796.8,564.24,0.4145653323928761,2026-02
103010,2026-02-05,Spain,Europe,Keyboard,Accessories,15,76.44,38.66,1146.6,579.9,566.6999999999999,0.4942438513867085,2026-02
103362,2026-02-06,Spain,Europe,Smartwatch,Wearables,9,237.36,137.39,2136.24,1236.51,899.7299999999998,0.4211745871250421,2026-02
104297,2026-02-06,Italy,Europe,Headphones,Accessories,5,132.91,71.88,664.55,359.4,305.15,0.45918290572567905,2026-02
104460,2026-02-06,Japan,Asia,Keyboard,Accessories,9,71.3,35.66,641.7,320.94,320.76000000000005,0.4998597475455821,2026-02
101845,2026-02-06,New Zealand,Australia & Oceania,Headphones,Accessories,2,124.43,69.2,248.86,138.4,110.46000000000001,0.44386401993088487,2026-02
101471,2026-02-06,India,Asia,Phone,Electronics,13,664.91,460.39,8643.83,5985.07,2658.76,0.30759050097005614,2026-02
101487,2026-02-06,Japan,Asia,Keyboard,Accessories,14,71.93,39.51,1007.02,553.14,453.88,0.4507159738634784,2026-02
100836,2026-02-06,India,Asia,Headphones,Accessories,7,116.57,72.28,815.99,505.96,310.03000000000003,0.379943381659089,2026-02
101754,2026-02-06,Netherlands,Europe,Tablet,Electronics,12,484.22,315.1,5810.64,3781.2,2029.4400000000005,0.3492627318161167,2026-02
102170,2026-02-07,Japan,Asia,Keyboard,Accessories,10,77.03,39.99,770.3,399.9,370.4,0.4808516162534078,2026-02
101319,2026-02-07,Italy,Europe,Tablet,Electronics,14,432.58,312.31,6056.12,4372.34,1683.7799999999997,0.2780294974340006,2026-02
103419,2026-02-07,Germany,Europe,Phone,Electronics,13,688.96,411.3,8956.48,5346.9,3609.58,0.403013237343242,2026-02
101800,2026-02-07,Spain,Europe,Keyboard,Accessories,4,73.07,38.71,292.28,154.84,137.43999999999997,0.47023402217052135,2026-02
100154,2026-02-07,India,Asia,Smartwatch,Wearables,7,207.77,139.13,1454.39,973.91,480.48000000000013,0.33036530779227036,2026-02
100289,2026-02-07,France,Europe,Headphones,Accessories,15,128.12,73.46,1921.8,1101.9,819.8999999999999,0.42663128317202614,2026-02
102207,2026-02-07,Germany,Europe,Keyboard,Accessories,2,77.52,36.8,155.04,73.6,81.44,0.5252837977296182,2026-02
104634,2026-02-07,New Zealand,Australia & Oceania,Mouse,Accessories,11,42.75,22.82,470.25,251.02,219.23,0.4661988304093567,2026-02
103789,2026-02-07,Spain,Europe,Monitor,Electronics,2,383.0,219.92,766.0,439.84,326.16,0.42579634464751964,2026-02
103410,2026-02-07,Germany,Europe,Monitor,Electronics,13,318.13,238.69,4135.69,3102.97,1032.7199999999998,0.24970923836167602,2026-02
102573,2026-02-07,India,Asia,Tablet,Electronics,1,412.56,318.68,412.56,318.68,93.88,0.22755477991080084,2026-02
104534,2026-02-07,Netherlands,Europe,Laptop,Electronics,15,955.93,604.3,14338.95,9064.5,5274.450000000001,0.3678407414768864,2026-02
102577,2026-02-07,New Zealand,Australia & Oceania,Headphones,Accessories,14,114.54,71.74,1603.56,1004.36,599.1999999999999,0.3736685873930504,2026-02
102087,2026-02-08,Spain,Europe,Mouse,Accessories,1,46.54,24.35,46.54,24.35,22.189999999999998,0.47679415556510524,2026-02
102698,2026-02-08,Italy,Europe,Tablet,Electronics,12,427.4,327.86,5128.8,3934.32,1194.48,0.23289658399625643,2026-02
104145,2026-02-08,Australia,Australia & Oceania,Keyboard,Accessories,13,78.32,37.76,1018.16,490.88,527.28,0.5178753830439223,2026-02
100984,2026-02-08,Italy,Europe,Headphones,Accessories,13,113.54,69.01,1476.02,897.13,578.89,0.3921965827021314,2026-02
100048,2026-02-08,India,Asia,Laptop,Electronics,3,970.64,642.1,2911.92,1926.3,985.6200000000001,0.33847770543146793,2026-02
102606,2026-02-08,South Korea,Asia,Monitor,Electronics,12,345.64,245.7,4147.68,2948.4,1199.2800000000002,0.2891447749103113,2026-02
104676,2026-02-08,Australia,Australia & Oceania,Smartwatch,Wearables,7,240.45,139.11,1683.15,973.77,709.3800000000001,0.4214597629444791,2026-02
102088,2026-02-08,Canada,North America,Laptop,Electronics,4,950.26,640.66,3801.04,2562.64,1238.4,0.32580556900216784,2026-02
104053,2026-02-08,Canada,North America,Mouse,Accessories,13,42.02,23.59,546.26,306.67,239.58999999999997,0.4386006663493574,2026-02
101819,2026-02-08,USA,North America,Laptop,Electronics,4,986.72,677.69,3946.88,2710.76,1236.12,0.31318915193773306,2026-02
103811,2026-02-08,Canada,North America,Monitor,Electronics,11,370.85,223.46,4079.35,2458.06,1621.29,0.3974383173789942,2026-02
104400,2026-02-08,Spain,Europe,Tablet,Electronics,13,451.99,300.2,5875.87,3902.6,1973.27,0.33582601384986394,2026-02
103191,2026-02-08,Germany,Europe,Smartwatch,Wearables,13,230.13,146.35,2991.69,1902.55,1089.14,0.3640550992917047,2026-02
102466,2026-02-09,UK,Europe,Tablet,Electronics,7,492.5,332.45,3447.5,2327.15,1120.35,0.32497461928934007,2026-02
103697,2026-02-09,Australia,Australia & Oceania,Headphones,Accessories,2,127.11,64.83,254.22,129.66,124.56,0.48996931791361814,2026-02
102398,2026-02-09,Germany,Europe,Phone,Electronics,11,622.89,440.53,6851.79,4845.83,2005.96,0.29276437252163307,2026-02
101645,2026-02-10,Netherlands,Europe,Headphones,Accessories,5,111.0,72.65,555.0,363.25,191.75,0.3454954954954955,2026-02
103177,2026-02-10,Canada,North America,Headphones,Accessories,4,124.53,72.02,498.12,288.08,210.04000000000002,0.42166546213763756,2026-02
104126,2026-02-10,Mexico,North America,Headphones,Accessories,7,127.7,72.39,893.9,506.73,387.16999999999996,0.4331245105716523,2026-02
101259,2026-02-10,Spain,Europe,Mouse,Accessories,7,44.51,22.48,311.57,157.36,154.20999999999998,0.49494495618962026,2026-02
100999,2026-02-10,Australia,Australia & Oceania,Laptop,Electronics,1,913.77,631.12,913.77,631.12,282.65,0.30932291495671776,2026-02
104272,2026-02-10,New Zealand,Australia & Oceania,Laptop,Electronics,4,975.14,641.47,3900.56,2565.88,1334.6799999999998,0.34217650798859645,2026-02
104637,2026-02-10,UAE,Asia,Smartwatch,Wearables,5,212.97,135.14,1064.85,675.7,389.14999999999986,0.3654505329389115,2026-02
104738,2026-02-10,UAE,Asia,Monitor,Electronics,4,316.59,232.29,1266.36,929.16,337.19999999999993,0.26627499289301615,2026-02
103142,2026-02-10,Australia,Australia & Oceania,Smartwatch,Wearables,13,243.84,143.95,3169.92,1871.35,1298.5700000000002,0.4096538713910762,2026-02
104223,2026-02-10,New Zealand,Australia & Oceania,Headphones,Accessories,14,111.81,64.87,1565.34,908.18,657.16,0.41981933637420626,2026-02
104088,2026-02-10,Mexico,North America,Headphones,Accessories,4,114.05,68.8,456.2,275.2,181.0,0.396755808855765,2026-02
104118,2026-02-10,UAE,Asia,Tablet,Electronics,1,498.96,300.4,498.96,300.4,198.56,0.39794773128106464,2026-02
102229,2026-02-11,Germany,Europe,Monitor,Electronics,2,343.96,230.49,687.92,460.98,226.93999999999994,0.329893010815211,2026-02
103210,2026-02-11,USA,North America,Phone,Electronics,10,721.66,455.03,7216.6,4550.3,2666.3,0.3694676163290192,2026-02
100058,2026-02-11,Spain,Europe,Smartwatch,Wearables,2,227.09,129.78,454.18,259.56,194.62,0.428508520850764,2026-02
102313,2026-02-11,Singapore,Asia,Keyboard,Accessories,2,77.4,37.05,154.8,74.1,80.70000000000002,0.5213178294573644,2026-02
101307,2026-02-11,USA,North America,Headphones,Accessories,3,120.82,73.73,362.46,221.19,141.26999999999998,0.3897533520940241,2026-02
104576,2026-02-11,Germany,Europe,Keyboard,Accessories,4,68.05,38.74,272.2,154.96,117.23999999999998,0.430712711241734,2026-02
101098,2026-02-12,Netherlands,Europe,Laptop,Electronics,9,827.63,645.69,7448.67,5811.21,1637.46,0.2198325338617498,2026-02
104139,2026-02-12,Mexico,North America,Mouse,Accessories,2,41.54,21.62,83.08,43.24,39.839999999999996,0.4795377948964853,2026-02
101276,2026-02-12,UK,Europe,Tablet,Electronics,10,493.69,293.9,4936.9,2939.0,1997.8999999999996,0.40468715185642806,2026-02
103285,2026-02-12,India,Asia,Keyboard,Accessories,7,77.71,37.68,543.97,263.76,280.21000000000004,0.5151203191352465,2026-02
103715,2026-02-12,Australia,Australia & Oceania,Tablet,Electronics,6,440.12,331.57,2640.72,1989.42,651.2999999999997,0.24663728074161584,2026-02
102383,2026-02-12,New Zealand,Australia & Oceania,Tablet,Electronics,11,439.58,298.46,4835.38,3283.06,1552.3200000000002,0.321033713999727,2026-02
102256,2026-02-12,Singapore,Asia,Mouse,Accessories,14,41.56,22.76,581.84,318.64,263.20000000000005,0.45235803657362855,2026-02
104620,2026-02-13,Australia,Australia & Oceania,Headphones,Accessories,9,117.65,64.15,1058.85,577.35,481.4999999999999,0.45473863153421157,2026-02
101511,2026-02-13,USA,North America,Keyboard,Accessories,15,76.07,40.27,1141.05,604.05,537.0,0.47061916655711844,2026-02
100104,2026-02-13,Singapore,Asia,Keyboard,Accessories,5,66.52,40.44,332.6,202.2,130.40000000000003,0.392062537582682,2026-02
103417,2026-02-13,Germany,Europe,Smartwatch,Wearables,11,205.88,143.16,2264.68,1574.76,689.9199999999998,0.3046434816397901,2026-02
102684,2026-02-13,UAE,Asia,Tablet,Electronics,1,471.43,303.07,471.43,303.07,168.36,0.3571261905266954,2026-02
103315,2026-02-13,Italy,Europe,Laptop,Electronics,6,971.85,681.84,5831.1,4091.04,1740.0600000000004,0.2984102484951382,2026-02
102638,2026-02-13,Canada,North America,Laptop,Electronics,7,987.03,608.96,6909.21,4262.72,2646.49,0.3830380028975816,2026-02
102648,2026-02-13,Japan,Asia,Tablet,Electronics,7,461.01,320.07,3227.07,2240.49,986.5800000000004,0.30572004945662795,2026-02
101432,2026-02-14,UAE,Asia,Smartwatch,Wearables,5,235.43,141.4,1177.15,707.0,470.1500000000001,0.3993968483200952,2026-02
103581,2026-02-14,India,Asia,Smartwatch,Wearables,3,235.77,139.62,707.31,418.86,288.44999999999993,0.4078126988166433,2026-02
101579,2026-02-14,USA,North America,Headphones,Accessories,5,111.15,71.79,555.75,358.95,196.8,0.3541160593792173,2026-02
101567,2026-02-14,Canada,North America,Mouse,Accessories,11,42.73,22.03,470.03,242.33,227.69999999999996,0.48443716358530303,2026-02
102959,2026-02-14,Italy,Europe,Smartwatch,Wearables,6,231.75,138.67,1390.5,832.02,558.48,0.40163969795037757,2026-02
102157,2026-02-14,Germany,Europe,Monitor,Electronics,6,323.44,233.41,1940.64,1400.46,540.1800000000001,0.27835147167944596,2026-02
100173,2026-02-14,India,Asia,Keyboard,Accessories,7,76.69,40.52,536.83,283.64,253.19000000000005,0.47163906637110453,2026-02
104857,2026-02-14,Spain,Europe,Smartwatch,Wearables,10,228.5,127.81,2285.0,1278.1,1006.9000000000001,0.440656455142232,2026-02
103769,2026-02-14,UK,Europe,Tablet,Electronics,14,440.88,330.96,6172.32,4633.44,1538.88,0.24931954273271642,2026-02
103055,2026-02-14,Mexico,North America,Laptop,Electronics,3,934.23,630.73,2802.69,1892.19,910.5,0.32486646757222526,2026-02
104014,2026-02-14,France,Europe,Headphones,Accessories,1,132.62,66.21,132.62,66.21,66.41000000000001,0.5007540340823405,2026-02
101601,2026-02-14,Italy,Europe,Phone,Electronics,6,711.24,414.76,4267.44,2488.56,1778.8799999999997,0.4168494460379056,2026-02
102371,2026-02-14,USA,North America,Smartwatch,Wearables,7,241.93,133.82,1693.51,936.74,756.77,0.4468647956020336,2026-02
103247,2026-02-14,South Korea,Asia,Phone,Electronics,9,672.52,441.26,6052.68,3971.34,2081.34,0.3438708142508773,2026-02
101203,2026-02-14,UK,Europe,Smartwatch,Wearables,7,220.83,136.52,1545.81,955.64,590.17,0.38178689489652673,2026-02
104946,2026-02-14,New Zealand,Australia & Oceania,Tablet,Electronics,13,420.56,292.28,5467.28,3799.64,1667.6399999999999,0.3050218755944455,2026-02
103065,2026-02-15,Canada,North America,Phone,Electronics,15,627.73,460.06,9415.95,6900.9,2515.050000000001,0.26710528411896844,2026-02
102317,2026-02-15,Italy,Europe,Phone,Electronics,13,709.12,409.98,9218.56,5329.74,3888.8199999999997,0.42184679602888087,2026-02
102746,2026-02-15,Canada,North America,Phone,Electronics,8,633.44,455.46,5067.52,3643.68,1423.8400000000006,0.28097373074008597,2026-02
102881,2026-02-15,Singapore,Asia,Laptop,Electronics,15,850.7,631.39,12760.5,9470.85,3289.6499999999996,0.2577994592688374,2026-02
102931,2026-02-15,India,Asia,Phone,Electronics,5,679.55,423.2,3397.75,2116.0,1281.75,0.3772349348833787,2026-02
102247,2026-02-15,Italy,Europe,Keyboard,Accessories,15,75.72,38.44,1135.8,576.6,559.1999999999999,0.4923402007395668,2026-02
102298,2026-02-15,UK,Europe,Tablet,Electronics,4,461.3,289.94,1845.2,1159.76,685.44,0.37147192716236727,2026-02
102598,2026-02-15,Singapore,Asia,Headphones,Accessories,9,122.31,68.11,1100.79,612.99,487.79999999999995,0.4431362930259177,2026-02
100874,2026-02-15,UAE,Asia,Mouse,Accessories,11,43.52,22.47,478.72,247.17,231.55000000000004,0.48368566176470595,2026-02
102491,2026-02-15,Italy,Europe,Headphones,Accessories,12,108.2,65.5,1298.4,786.0,512.4000000000001,0.39463955637707954,2026-02
102621,2026-02-15,Mexico,North America,Phone,Electronics,9,660.52,459.02,5944.68,4131.18,1813.5,0.3050626778901471,2026-02
100752,2026-02-16,New Zealand,Australia & Oceania,Monitor,Electronics,5,337.93,243.9,1689.65,1219.5,470.1500000000001,0.2782528926108958,2026-02
103995,2026-02-16,UAE,Asia,Smartwatch,Wearables,13,243.22,133.82,3161.86,1739.66,1422.2,0.4497985363045802,2026-02
101053,2026-02-16,Australia,Australia & Oceania,Tablet,Electronics,6,457.8,292.86,2746.8,1757.16,989.6400000000001,0.36028833551769335,2026-02
102294,2026-02-16,India,Asia,Laptop,Electronics,9,836.09,658.4,7524.81,5925.6,1599.21,0.21252496740781493,2026-02
103269,2026-02-16,Mexico,North America,Mouse,Accessories,3,47.68,23.0,143.04,69.0,74.03999999999999,0.5176174496644295,2026-02
103651,2026-02-16,USA,North America,Mouse,Accessories,3,43.81,22.81,131.43,68.43,63.0,0.47934261584113214,2026-02
102485,2026-02-16,India,Asia,Smartwatch,Wearables,14,223.75,137.08,3132.5,1919.12,1213.38,0.38735195530726263,2026-02
104376,2026-02-16,UAE,Asia,Laptop,Electronics,8,867.66,659.06,6941.28,5272.48,1668.8000000000002,0.2404167531060554,2026-02
104250,2026-02-17,Australia,Australia & Oceania,Keyboard,Accessories,1,64.81,40.74,64.81,40.74,24.07,0.3713933035025459,2026-02
103718,2026-02-17,Italy,Europe,Mouse,Accessories,14,49.64,21.71,694.96,303.94,391.02000000000004,0.5626510878323933,2026-02
104624,2026-02-17,Canada,North America,Phone,Electronics,1,651.83,445.51,651.83,445.51,206.32000000000005,0.31652424711964783,2026-02
101494,2026-02-17,Italy,Europe,Monitor,Electronics,4,367.59,230.29,1470.36,921.16,549.1999999999999,0.3735139693680459,2026-02
103772,2026-02-17,Australia,Australia & Oceania,Monitor,Electronics,15,354.71,225.51,5320.65,3382.65,1937.9999999999995,0.364241211130219,2026-02
100798,2026-02-17,Singapore,Asia,Headphones,Accessories,15,110.22,73.75,1653.3,1106.25,547.05,0.33088368717111233,2026-02
100767,2026-02-17,USA,North America,Smartwatch,Wearables,3,218.44,146.75,655.32,440.25,215.07000000000005,0.3281908075444058,2026-02
100644,2026-02-17,Japan,Asia,Phone,Electronics,12,605.13,417.34,7261.56,5008.08,2253.4800000000005,0.3103300117330161,2026-02
101062,2026-02-17,New Zealand,Australia & Oceania,Keyboard,Accessories,7,78.17,37.4,547.19,261.8,285.39000000000004,0.5215555839836254,2026-02
103857,2026-02-18,India,Asia,Phone,Electronics,11,617.31,454.87,6790.41,5003.57,1786.8400000000001,0.2631416954204533,2026-02
101212,2026-02-18,Japan,Asia,Headphones,Accessories,13,132.62,64.27,1724.06,835.51,888.55,0.5153822952797467,2026-02
102895,2026-02-18,France,Europe,Laptop,Electronics,10,998.29,661.75,9982.9,6617.5,3365.3999999999996,0.33711646916226745,2026-02
100799,2026-02-18,USA,North America,Tablet,Electronics,12,422.95,301.24,5075.4,3614.88,1460.5199999999995,0.28776451117153323,2026-02
102807,2026-02-18,Canada,North America,Tablet,Electronics,1,495.54,328.39,495.54,328.39,167.15000000000003,0.3373087944464625,2026-02
104295,2026-02-18,Singapore,Asia,Smartwatch,Wearables,12,235.38,133.04,2824.56,1596.48,1228.08,0.4347863029994052,2026-02
103549,2026-02-18,Netherlands,Europe,Smartwatch,Wearables,15,199.51,145.29,2992.65,2179.35,813.3000000000002,0.2717658262743723,2026-02
103416,2026-02-18,India,Asia,Keyboard,Accessories,13,73.19,36.23,951.47,470.99,480.48,0.5049870200847111,2026-02
103508,2026-02-18,UAE,Asia,Mouse,Accessories,6,46.53,23.41,279.18,140.46,138.72,0.49688373092628413,2026-02
101401,2026-02-18,Spain,Europe,Phone,Electronics,11,700.68,433.37,7707.48,4767.07,2940.41,0.38150082776731176,2026-02
102089,2026-02-18,USA,North America,Tablet,Electronics,11,470.38,319.86,5174.18,3518.46,1655.7200000000003,0.319996598494834,2026-02
100824,2026-02-19,India,Asia,Keyboard,Accessories,5,67.57,35.83,337.85,179.15,158.70000000000002,0.4697350895367767,2026-02
103293,2026-02-19,Japan,Asia,Laptop,Electronics,3,843.21,680.26,2529.63,2040.78,488.85000000000014,0.19324960567355703,2026-02
101765,2026-02-19,UK,Europe,Tablet,Electronics,13,412.91,304.27,5367.83,3955.51,1412.3199999999997,0.2631081833813663,2026-02
103566,2026-02-19,USA,North America,Smartwatch,Wearables,10,215.13,133.41,2151.3,1334.1,817.2000000000003,0.3798633384465208,2026-02
101717,2026-02-19,France,Europe,Keyboard,Accessories,11,77.46,40.07,852.06,440.77,411.28999999999996,0.48270074877356056,2026-02
102601,2026-02-19,Canada,North America,Headphones,Accessories,5,116.67,65.35,583.35,326.75,256.6,0.43987314648152914,2026-02
104516,2026-02-19,Japan,Asia,Mouse,Accessories,11,45.21,23.93,497.31,263.23,234.07999999999998,0.47069232470692324,2026-02
101423,2026-02-19,Germany,Europe,Mouse,Accessories,6,45.03,22.39,270.18,134.34,135.84,0.5027759271596713,2026-02
100818,2026-02-19,South Korea,Asia,Mouse,Accessories,15,46.72,22.82,700.8,342.3,358.49999999999994,0.5115582191780822,2026-02
101151,2026-02-19,USA,North America,Keyboard,Accessories,10,75.88,39.11,758.8,391.1,367.69999999999993,0.48458091723774377,2026-02
104000,2026-02-20,UK,Europe,Mouse,Accessories,9,46.53,22.71,418.77,204.39,214.38,0.5119277885235333,2026-02
101652,2026-02-20,Germany,Europe,Monitor,Electronics,10,334.06,230.8,3340.6,2308.0,1032.6,0.30910614859606056,2026-02
102948,2026-02-20,Japan,Asia,Keyboard,Accessories,2,63.33,35.98,126.66,71.96,54.7,0.4318648349913154,2026-02
103895,2026-02-20,Mexico,North America,Monitor,Electronics,3,390.49,236.24,1171.47,708.72,462.75,0.39501651770852003,2026-02
102695,2026-02-20,Australia,Australia & Oceania,Smartwatch,Wearables,4,235.01,129.2,940.04,516.8,423.24,0.45023616016339735,2026-02
103330,2026-02-20,USA,North America,Phone,Electronics,12,688.29,454.78,8259.48,5457.36,2802.12,0.33926106728268607,2026-02
102861,2026-02-20,New Zealand,Australia & Oceania,Tablet,Electronics,13,443.64,304.66,5767.32,3960.58,1806.7399999999998,0.3132720223604724,2026-02
101056,2026-02-20,India,Asia,Mouse,Accessories,9,47.64,22.68,428.76,204.12,224.64,0.5239294710327456,2026-02
104094,2026-02-20,New Zealand,Australia & Oceania,Tablet,Electronics,11,488.0,321.81,5368.0,3539.91,1828.0900000000001,0.34055327868852464,2026-02
103985,2026-02-20,USA,North America,Keyboard,Accessories,2,77.35,40.3,154.7,80.6,74.1,0.4789915966386555,2026-02
103102,2026-02-20,Mexico,North America,Headphones,Accessories,12,123.89,68.8,1486.68,825.6,661.08,0.4446686576802002,2026-02
102773,2026-02-21,Mexico,North America,Phone,Electronics,8,661.08,443.45,5288.64,3547.6,1741.0400000000004,0.32920372723422286,2026-02
100385,2026-02-21,Canada,North America,Headphones,Accessories,10,126.03,64.94,1260.3,649.4,610.9,0.48472585892247877,2026-02
102661,2026-02-21,South Korea,Asia,Phone,Electronics,13,704.3,426.73,9155.9,5547.49,3608.41,0.39410762459179327,2026-02
102251,2026-02-21,Germany,Europe,Keyboard,Accessories,7,75.89,36.29,531.23,254.03,277.20000000000005,0.5218078798260641,2026-02
102348,2026-02-21,South Korea,Asia,Smartwatch,Wearables,12,205.64,128.3,2467.68,1539.6,928.0799999999999,0.37609414510795564,2026-02
104043,2026-02-21,India,Asia,Monitor,Electronics,3,353.05,230.42,1059.15,691.26,367.8900000000001,0.3473445687579664,2026-02
103861,2026-02-21,Canada,North America,Monitor,Electronics,1,389.43,231.04,389.43,231.04,158.39000000000001,0.4067226459183936,2026-02
103915,2026-02-22,Australia,Australia & Oceania,Phone,Electronics,4,674.85,438.53,2699.4,1754.12,945.2800000000002,0.35018152181966367,2026-02
100782,2026-02-22,UAE,Asia,Mouse,Accessories,5,41.19,23.61,205.95,118.05,87.89999999999999,0.42680262199563,2026-02
103157,2026-02-22,New Zealand,Australia & Oceania,Mouse,Accessories,15,41.94,22.65,629.1,339.75,289.35,0.4599427753934192,2026-02
102611,2026-02-22,Canada,North America,Headphones,Accessories,13,131.34,65.5,1707.42,851.5,855.9200000000001,0.5012943505405817,2026-02
102510,2026-02-22,Australia,Australia & Oceania,Mouse,Accessories,3,42.56,22.17,127.68,66.51,61.17,0.47908834586466165,2026-02
101204,2026-02-22,Japan,Asia,Keyboard,Accessories,9,67.14,35.83,604.26,322.47,281.78999999999996,0.4663389931486446,2026-02
104748,2026-02-22,Spain,Europe,Monitor,Electronics,10,366.69,245.37,3666.9,2453.7,1213.2000000000003,0.3308516730753498,2026-02
101991,2026-02-23,USA,North America,Phone,Electronics,13,700.79,466.1,9110.27,6059.3,3050.9700000000003,0.33489347736126374,2026-02
100118,2026-02-23,Netherlands,Europe,Phone,Electronics,8,705.85,433.81,5646.8,3470.48,2176.32,0.3854076645179571,2026-02
104657,2026-02-23,Mexico,North America,Monitor,Electronics,11,371.34,226.12,4084.74,2487.32,1597.4199999999996,0.3910701782732805,2026-02
101176,2026-02-23,UAE,Asia,Smartwatch,Wearables,12,223.4,143.9,2680.8,1726.8,954.0000000000002,0.35586392121754706,2026-02
102290,2026-02-23,Italy,Europe,Monitor,Electronics,6,327.1,239.41,1962.6,1436.46,526.1399999999999,0.26808315499847135,2026-02
104487,2026-02-23,France,Europe,Tablet,Electronics,5,491.22,319.43,2456.1,1597.15,858.9499999999998,0.3497211025609706,2026-02
100596,2026-02-23,South Korea,Asia,Smartwatch,Wearables,15,231.85,145.44,3477.75,2181.6,1296.15,0.37269786499892177,2026-02
103484,2026-02-23,New Zealand,Australia & Oceania,Mouse,Accessories,8,49.31,22.95,394.48,183.6,210.88000000000002,0.5345771648752788,2026-02
102438,2026-02-23,Japan,Asia,Monitor,Electronics,1,360.38,242.56,360.38,242.56,117.82,0.32693268216882176,2026-02
100124,2026-02-23,France,Europe,Monitor,Electronics,12,383.75,247.77,4605.0,2973.24,1631.7600000000002,0.35434527687296424,2026-02
100483,2026-02-24,UAE,Asia,Tablet,Electronics,15,433.1,295.99,6496.5,4439.85,2056.6499999999996,0.31657815746940654,2026-02
102546,2026-02-24,India,Asia,Tablet,Electronics,8,480.0,313.52,3840.0,2508.16,1331.8400000000001,0.3468333333333334,2026-02
104195,2026-02-24,Mexico,North America,Tablet,Electronics,2,491.6,330.44,983.2,660.88,322.32000000000005,0.32782750203417416,2026-02
102813,2026-02-24,Mexico,North America,Monitor,Electronics,1,371.14,221.23,371.14,221.23,149.91,0.4039176591043811,2026-02
101784,2026-02-24,Canada,North America,Phone,Electronics,1,687.44,432.66,687.44,432.66,254.78000000000003,0.37062143605260095,2026-02
104772,2026-02-25,Singapore,Asia,Laptop,Electronics,11,839.51,613.2,9234.61,6745.2,2489.4100000000008,0.26957391811890274,2026-02
100139,2026-02-25,South Korea,Asia,Smartwatch,Wearables,12,224.98,134.91,2699.76,1618.92,1080.8400000000001,0.40034669748422086,2026-02
100171,2026-02-25,Canada,North America,Smartwatch,Wearables,9,225.03,137.33,2025.27,1235.97,789.3,0.3897258143358663,2026-02
100569,2026-02-25,New Zealand,Australia & Oceania,Smartwatch,Wearables,15,243.08,136.59,3646.2,2048.85,1597.35,0.43808622675662334,2026-02
101218,2026-02-25,USA,North America,Smartwatch,Wearables,5,215.16,137.09,1075.8,685.45,390.3499999999999,0.36284625395054837,2026-02
103295,2026-02-25,Australia,Australia & Oceania,Smartwatch,Wearables,4,241.66,135.55,966.64,542.2,424.43999999999994,0.4390879748406852,2026-02
104648,2026-02-25,Spain,Europe,Laptop,Electronics,2,895.65,644.42,1791.3,1288.84,502.46000000000004,0.2805001953888238,2026-02
101106,2026-02-25,Germany,Europe,Keyboard,Accessories,5,69.02,35.71,345.1,178.55,166.55,0.4826137351492321,2026-02
102608,2026-02-25,Germany,Europe,Smartwatch,Wearables,14,214.35,139.98,3000.9,1959.72,1041.18,0.3469559132260322,2026-02
103880,2026-02-25,France,Europe,Keyboard,Accessories,8,68.39,36.57,547.12,292.56,254.56,0.465272700687235,2026-02
101944,2026-02-25,Mexico,North America,Tablet,Electronics,4,448.37,312.24,1793.48,1248.96,544.52,0.3036108571046234,2026-02
100593,2026-02-25,France,Europe,Phone,Electronics,1,724.37,444.27,724.37,444.27,280.1,0.38668083990225993,2026-02
103865,2026-02-26,Germany,Europe,Mouse,Accessories,4,42.65,23.31,170.6,93.24,77.36,0.4534583821805393,2026-02
100001,2026-02-26,Singapore,Asia,Monitor,Electronics,14,386.61,241.01,5412.54,3374.14,2038.4,0.3766069165308709,2026-02
100873,2026-02-26,Canada,North America,Smartwatch,Wearables,5,230.57,138.79,1152.85,693.95,458.89999999999986,0.3980569892006765,2026-02
102553,2026-02-26,Canada,North America,Tablet,Electronics,15,503.68,314.15,7555.2,4712.25,2842.95,0.376290501905972,2026-02
101298,2026-02-26,France,Europe,Smartwatch,Wearables,10,243.51,136.95,2435.1,1369.5,1065.6,0.43760009855858073,2026-02
101280,2026-02-26,UAE,Asia,Headphones,Accessories,13,119.74,69.42,1556.62,902.46,654.1599999999999,0.4202438617003507,2026-02
103031,2026-02-26,Germany,Europe,Keyboard,Accessories,8,73.19,40.09,585.52,320.72,264.79999999999995,0.4522475748053012,2026-02
102459,2026-02-26,Singapore,Asia,Phone,Electronics,2,622.94,438.04,1245.88,876.08,369.80000000000007,0.296818313160176,2026-02
100866,2026-02-26,UAE,Asia,Monitor,Electronics,9,382.37,217.02,3441.33,1953.18,1488.1499999999999,0.4324345529199466,2026-02
103588,2026-02-26,Mexico,North America,Headphones,Accessories,4,133.4,68.17,533.6,272.68,260.92,0.48898050974512747,2026-02
103183,2026-02-26,Italy,Europe,Laptop,Electronics,6,924.29,683.49,5545.74,4100.94,1444.8000000000002,0.2605242943232103,2026-02
101513,2026-02-26,Australia,Australia & Oceania,Phone,Electronics,10,686.06,466.8,6860.6,4668.0,2192.6000000000004,0.31959303850975135,2026-02
101288,2026-02-27,Singapore,Asia,Monitor,Electronics,2,363.48,232.06,726.96,464.12,262.84000000000003,0.36156047100253114,2026-02
103664,2026-02-27,France,Europe,Smartwatch,Wearables,13,238.29,130.52,3097.77,1696.76,1401.01,0.4522640480087289,2026-02
101226,2026-02-27,Canada,North America,Tablet,Electronics,15,500.96,311.79,7514.4,4676.85,2837.5499999999993,0.37761497923985937,2026-02
101357,2026-02-27,New Zealand,Australia & Oceania,Keyboard,Accessories,7,71.86,40.45,503.02,283.15,219.87,0.43709991650431396,2026-02
102830,2026-02-27,Netherlands,Europe,Mouse,Accessories,15,46.9,23.17,703.5,347.55,355.95,0.5059701492537313,2026-02
104784,2026-02-27,Germany,Europe,Tablet,Electronics,15,487.04,331.63,7305.6,4974.45,2331.1500000000005,0.31909083442838376,2026-02
103462,2026-02-27,Germany,Europe,Phone,Electronics,6,661.36,434.77,3968.16,2608.62,1359.54,0.3426121930567316,2026-02
100012,2026-02-28,Australia,Australia & Oceania,Smartwatch,Wearables,11,220.6,141.43,2426.6,1555.73,870.8699999999999,0.3588848594741613,2026-02
104116,2026-02-28,Japan,Asia,Monitor,Electronics,15,317.53,227.45,4762.95,3411.75,1351.1999999999998,0.2836897301042421,2026-02
102820,2026-02-28,Singapore,Asia,Laptop,Electronics,2,989.39,659.48,1978.78,1318.96,659.8199999999999,0.33344788202832043,2026-02
102933,2026-02-28,Netherlands,Europe,Mouse,Accessories,12,47.47,24.17,569.64,290.04,279.59999999999997,0.49083631767432057,2026-02
100415,2026-02-28,Mexico,North America,Mouse,Accessories,5,44.92,24.79,224.6,123.95,100.64999999999999,0.4481300089047195,2026-02
100550,2026-02-28,USA,North America,Phone,Electronics,12,616.96,436.57,7403.52,5238.84,2164.6800000000003,0.2923852437759336,2026-02
101749,2026-02-28,Canada,North America,Smartwatch,Wearables,13,234.68,133.98,3050.84,1741.74,1309.1000000000001,0.42909493778762575,2026-02
100807,2026-02-28,New Zealand,Australia & Oceania,Keyboard,Accessories,14,69.09,38.36,967.26,537.04,430.22,0.4447821681864235,2026-02
101729,2026-02-28,USA,North America,Tablet,Electronics,1,450.91,323.71,450.91,323.71,127.20000000000005,0.2820962054511988,2026-02
104507,2026-03-01,Canada,North America,Keyboard,Accessories,13,78.26,38.26,1017.38,497.38,520.0,0.5111167901865576,2026-03
101128,2026-03-01,South Korea,Asia,Keyboard,Accessories,10,65.94,40.33,659.4,403.3,256.09999999999997,0.3883833788292387,2026-03
103705,2026-03-01,Australia,Australia & Oceania,Tablet,Electronics,4,487.42,312.86,1949.68,1251.44,698.24,0.35813056501579743,2026-03
103752,2026-03-01,Australia,Australia & Oceania,Headphones,Accessories,10,108.61,71.68,1086.1,716.8,369.29999999999995,0.3400239388638247,2026-03
101748,2026-03-01,Spain,Europe,Headphones,Accessories,14,113.19,72.06,1584.66,1008.84,575.82,0.36337132255499605,2026-03
104690,2026-03-01,New Zealand,Australia & Oceania,Smartwatch,Wearables,6,225.82,135.26,1354.92,811.56,543.3600000000001,0.4010273669294129,2026-03
101324,2026-03-01,Germany,Europe,Smartwatch,Wearables,2,228.5,145.6,457.0,291.2,165.8,0.362800875273523,2026-03
104969,2026-03-01,Australia,Australia & Oceania,Headphones,Accessories,3,119.44,69.14,358.32,207.42,150.9,0.42113194909578033,2026-03
100028,2026-03-01,Singapore,Asia,Smartwatch,Wearables,12,217.05,136.35,2604.6,1636.2,968.3999999999999,0.3718037318590186,2026-03
104210,2026-03-02,France,Europe,Phone,Electronics,13,626.33,410.03,8142.29,5330.39,2811.8999999999996,0.3453451056152507,2026-03
100252,2026-03-02,Japan,Asia,Tablet,Electronics,15,437.48,299.66,6562.2,4494.9,2067.3,0.315031544299168,2026-03
101256,2026-03-02,UAE,Asia,Monitor,Electronics,1,358.94,239.21,358.94,239.21,119.72999999999999,0.33356549841199085,2026-03
100917,2026-03-02,Netherlands,Europe,Headphones,Accessories,12,122.21,69.28,1466.52,831.36,635.16,0.4331069470583422,2026-03
102127,2026-03-02,Canada,North America,Laptop,Electronics,6,902.01,658.27,5412.06,3949.62,1462.4400000000005,0.2702187337169212,2026-03
101674,2026-03-02,Canada,North America,Smartwatch,Wearables,14,223.35,133.64,3126.9,1870.96,1255.94,0.4016565927915827,2026-03
104777,2026-03-02,Italy,Europe,Tablet,Electronics,4,431.15,304.45,1724.6,1217.8,506.79999999999995,0.29386524411457726,2026-03
103543,2026-03-02,Netherlands,Europe,Tablet,Electronics,9,495.5,296.98,4459.5,2672.82,1786.6799999999998,0.40064581231079716,2026-03
101596,2026-03-02,Singapore,Asia,Keyboard,Accessories,5,70.17,40.3,350.85,201.5,149.35000000000002,0.4256804902379935,2026-03
103846,2026-03-02,USA,North America,Tablet,Electronics,14,482.32,294.51,6752.48,4123.14,2629.3399999999992,0.389388787526953,2026-03
104984,2026-03-03,Mexico,North America,Smartwatch,Wearables,1,235.46,141.8,235.46,141.8,93.66,0.3977745689289051,2026-03
103867,2026-03-03,India,Asia,Laptop,Electronics,5,874.26,679.61,4371.3,3398.05,973.25,0.22264543728410313,2026-03
104933,2026-03-03,New Zealand,Australia & Oceania,Tablet,Electronics,9,465.07,304.17,4185.63,2737.53,1448.1,0.34596942395768376,2026-03
102244,2026-03-03,New Zealand,Australia & Oceania,Headphones,Accessories,10,110.53,67.96,1105.3,679.6,425.69999999999993,0.38514430471365235,2026-03
101962,2026-03-03,South Korea,Asia,Mouse,Accessories,3,49.39,22.37,148.17,67.11,81.05999999999999,0.5470743065397854,2026-03
104393,2026-03-03,Mexico,North America,Tablet,Electronics,9,491.34,302.81,4422.06,2725.29,1696.7700000000004,0.3837057841820329,2026-03
101734,2026-03-03,South Korea,Asia,Keyboard,Accessories,14,69.76,39.93,976.64,559.02,417.62,0.42760894495412843,2026-03
103814,2026-03-03,Mexico,North America,Mouse,Accessories,1,49.39,23.67,49.39,23.67,25.72,0.5207531889046365,2026-03
101318,2026-03-03,Canada,North America,Laptop,Electronics,4,870.97,681.29,3483.88,2725.16,758.7200000000003,0.21778017612546938,2026-03
103301,2026-03-03,Singapore,Asia,Smartwatch,Wearables,3,244.82,129.52,734.46,388.56,345.90000000000003,0.47095825504452254,2026-03
101901,2026-03-04,South Korea,Asia,Monitor,Electronics,1,334.29,229.74,334.29,229.74,104.55000000000001,0.3127524006102486,2026-03
103038,2026-03-04,New Zealand,Australia & Oceania,Mouse,Accessories,10,48.01,24.35,480.1,243.5,236.60000000000002,0.49281399708394086,2026-03
101544,2026-03-04,Spain,Europe,Headphones,Accessories,9,117.37,69.06,1056.33,621.54,434.78999999999996,0.4116043281928943,2026-03
101476,2026-03-04,Mexico,North America,Keyboard,Accessories,12,66.99,40.22,803.88,482.64,321.24,0.39961188237050305,2026-03
103965,2026-03-04,Italy,Europe,Phone,Electronics,6,637.5,446.75,3825.0,2680.5,1144.5,0.2992156862745098,2026-03
104466,2026-03-04,Singapore,Asia,Smartwatch,Wearables,12,200.3,137.96,2403.6,1655.52,748.0799999999999,0.3112331502745881,2026-03
100179,2026-03-04,Australia,Australia & Oceania,Tablet,Electronics,11,455.72,293.84,5012.92,3232.24,1780.6800000000003,0.35521811638725537,2026-03
100964,2026-03-04,Japan,Asia,Tablet,Electronics,1,462.92,307.48,462.92,307.48,155.44,0.3357815605288171,2026-03
100193,2026-03-05,New Zealand,Australia & Oceania,Keyboard,Accessories,12,67.49,37.2,809.88,446.4,363.48,0.4488072307008446,2026-03
102332,2026-03-05,Netherlands,Europe,Headphones,Accessories,10,131.8,67.29,1318.0,672.9,645.1,0.489453717754173,2026-03
101733,2026-03-05,South Korea,Asia,Smartwatch,Wearables,10,225.96,144.54,2259.6,1445.4,814.1999999999998,0.3603292618162506,2026-03
102747,2026-03-05,India,Asia,Phone,Electronics,6,643.88,407.01,3863.28,2442.06,1421.2200000000003,0.36787910790830597,2026-03
101743,2026-03-05,Mexico,North America,Keyboard,Accessories,5,67.02,36.68,335.1,183.4,151.70000000000002,0.45270068636227995,2026-03
103339,2026-03-05,South Korea,Asia,Headphones,Accessories,4,127.67,66.91,510.68,267.64,243.04000000000002,0.47591446698519624,2026-03
104520,2026-03-05,Germany,Europe,Keyboard,Accessories,1,73.64,37.47,73.64,37.47,36.17,0.49117327539380773,2026-03
103611,2026-03-05,Japan,Asia,Smartwatch,Wearables,1,217.28,146.42,217.28,146.42,70.86000000000001,0.3261229749631812,2026-03
104843,2026-03-05,Singapore,Asia,Laptop,Electronics,13,964.16,617.32,12534.08,8025.16,4508.92,0.35973282442748095,2026-03
100856,2026-03-06,Germany,Europe,Headphones,Accessories,14,133.13,64.6,1863.82,904.4,959.42,0.514760009013746,2026-03
104673,2026-03-06,USA,North America,Keyboard,Accessories,8,68.81,37.06,550.48,296.48,254.0,0.46141549193431186,2026-03
104819,2026-03-06,New Zealand,Australia & Oceania,Headphones,Accessories,3,114.31,70.75,342.93,212.25,130.68,0.3810690228326481,2026-03
101142,2026-03-06,UAE,Asia,Monitor,Electronics,13,382.86,219.42,4977.18,2852.46,2124.7200000000003,0.42689233662435355,2026-03
100211,2026-03-06,UAE,Asia,Laptop,Electronics,4,851.88,660.87,3407.52,2643.48,764.04,0.22422172136920693,2026-03
102969,2026-03-06,New Zealand,Australia & Oceania,Phone,Electronics,8,639.05,466.35,5112.4,3730.8,1381.5999999999995,0.2702448947656677,2026-03
100170,2026-03-07,India,Asia,Smartwatch,Wearables,14,245.06,131.71,3430.84,1843.94,1586.9,0.46253978617481434,2026-03
100927,2026-03-07,Italy,Europe,Tablet,Electronics,14,493.83,293.58,6913.62,4110.12,2803.5,0.40550391835246946,2026-03
103550,2026-03-07,South Korea,Asia,Tablet,Electronics,8,455.82,315.64,3646.56,2525.12,1121.44,0.3075336755736914,2026-03
101447,2026-03-07,USA,North America,Headphones,Accessories,15,111.96,73.32,1679.4,1099.8,579.6000000000001,0.3451232583065381,2026-03
103667,2026-03-07,USA,North America,Monitor,Electronics,1,333.36,231.8,333.36,231.8,101.56,0.304655627549796,2026-03
100995,2026-03-07,India,Asia,Tablet,Electronics,6,449.67,318.75,2698.02,1912.5,785.52,0.2911468410167456,2026-03
100658,2026-03-07,Japan,Asia,Laptop,Electronics,5,951.1,646.4,4755.5,3232.0,1523.5,0.320365892124908,2026-03
102904,2026-03-07,UAE,Asia,Laptop,Electronics,13,908.25,680.87,11807.25,8851.31,2955.9400000000005,0.25034957335535374,2026-03
103245,2026-03-07,USA,North America,Tablet,Electronics,15,423.11,301.29,6346.65,4519.35,1827.2999999999993,0.287915672047458,2026-03
100934,2026-03-08,South Korea,Asia,Monitor,Electronics,10,365.45,239.05,3654.5,2390.5,1264.0,0.3458749486933917,2026-03
103911,2026-03-08,Spain,Europe,Phone,Electronics,2,716.55,415.81,1433.1,831.62,601.4799999999999,0.41970553345893513,2026-03
103034,2026-03-08,Spain,Europe,Headphones,Accessories,3,124.19,68.56,372.57,205.68,166.89,0.447942668491827,2026-03
103260,2026-03-08,New Zealand,Australia & Oceania,Mouse,Accessories,12,48.46,23.48,581.52,281.76,299.76,0.5154766817994222,2026-03
104569,2026-03-08,France,Europe,Headphones,Accessories,15,130.93,71.49,1963.95,1072.35,891.6000000000001,0.45398304437485687,2026-03
101478,2026-03-08,Mexico,North America,Monitor,Electronics,10,391.27,243.64,3912.7,2436.4,1476.2999999999997,0.3773097860812226,2026-03
104404,2026-03-08,UAE,Asia,Keyboard,Accessories,3,71.91,39.66,215.73,118.98,96.74999999999999,0.4484772632457238,2026-03
102113,2026-03-08,Spain,Europe,Keyboard,Accessories,9,73.82,40.69,664.38,366.21,298.17,0.44879436467082096,2026-03
104359,2026-03-09,UAE,Asia,Headphones,Accessories,5,112.01,66.98,560.05,334.9,225.14999999999998,0.40201767699312563,2026-03
101265,2026-03-09,Spain,Europe,Laptop,Electronics,2,822.92,629.3,1645.84,1258.6,387.24,0.23528411024157878,2026-03
103050,2026-03-09,Spain,Europe,Keyboard,Accessories,13,77.58,37.79,1008.54,491.27,517.27,0.5128899200824955,2026-03
101337,2026-03-09,Germany,Europe,Laptop,Electronics,6,881.1,647.74,5286.6,3886.44,1400.1600000000003,0.26485075473839526,2026-03
101076,2026-03-09,Singapore,Asia,Keyboard,Accessories,4,70.42,39.29,281.68,157.16,124.52000000000001,0.4420619142289123,2026-03
102594,2026-03-09,Japan,Asia,Mouse,Accessories,14,45.17,23.09,632.38,323.26,309.12,0.48882001328315255,2026-03
100965,2026-03-09,Spain,Europe,Monitor,Electronics,14,331.55,229.05,4641.7,3206.7,1435.0,0.30915397375961395,2026-03
104452,2026-03-09,Japan,Asia,Smartwatch,Wearables,9,213.65,131.68,1922.85,1185.12,737.73,0.38366487245494973,2026-03
102687,2026-03-09,France,Europe,Headphones,Accessories,9,109.21,67.54,982.89,607.86,375.03,0.3815584653420016,2026-03
100238,2026-03-09,UK,Europe,Mouse,Accessories,4,47.0,23.7,188.0,94.8,93.2,0.4957446808510638,2026-03
100663,2026-03-10,Mexico,North America,Monitor,Electronics,14,382.02,228.33,5348.28,3196.62,2151.66,0.40230877964504475,2026-03
100514,2026-03-10,New Zealand,Australia & Oceania,Keyboard,Accessories,12,77.87,37.68,934.44,452.16,482.28000000000003,0.5161166045974059,2026-03
102309,2026-03-10,Spain,Europe,Monitor,Electronics,7,370.08,227.75,2590.56,1594.25,996.31,0.38459252053610027,2026-03
100441,2026-03-10,Netherlands,Europe,Laptop,Electronics,13,991.69,685.56,12891.97,8912.28,3979.6899999999987,0.3086952575905776,2026-03
100899,2026-03-10,Italy,Europe,Laptop,Electronics,13,966.25,660.83,12561.25,8590.79,3970.459999999999,0.3160879689521345,2026-03
103200,2026-03-10,India,Asia,Phone,Electronics,12,690.74,454.58,8288.88,5454.96,2833.919999999999,0.341894200422735,2026-03
104495,2026-03-10,USA,North America,Monitor,Electronics,2,378.26,223.7,756.52,447.4,309.12,0.4086078358800825,2026-03
104778,2026-03-10,France,Europe,Monitor,Electronics,12,321.75,247.45,3861.0,2969.4,891.5999999999999,0.2309246309246309,2026-03
100495,2026-03-10,UAE,Asia,Headphones,Accessories,4,127.81,71.86,511.24,287.44,223.8,0.43775917377357015,2026-03
100044,2026-03-10,Australia,Australia & Oceania,Headphones,Accessories,2,130.69,72.37,261.38,144.74,116.63999999999999,0.44624684367587414,2026-03
100758,2026-03-10,UAE,Asia,Smartwatch,Wearables,14,220.91,130.88,3092.74,1832.32,1260.4199999999998,0.407541532750894,2026-03
102870,2026-03-10,UAE,Asia,Laptop,Electronics,4,827.48,646.62,3309.92,2586.48,723.44,0.21856721612606952,2026-03
104998,2026-03-11,South Korea,Asia,Phone,Electronics,4,689.86,451.95,2759.44,1807.8,951.6400000000001,0.3448670744788798,2026-03
101644,2026-03-11,USA,North America,Keyboard,Accessories,2,77.45,38.08,154.9,76.16,78.74000000000001,0.508327953518399,2026-03
103279,2026-03-11,Japan,Asia,Smartwatch,Wearables,15,222.12,145.86,3331.8,2187.9,1143.9,0.3433279308481902,2026-03
102360,2026-03-11,UK,Europe,Laptop,Electronics,1,921.62,612.06,921.62,612.06,309.56000000000006,0.33588680801197895,2026-03
102644,2026-03-11,Canada,North America,Keyboard,Accessories,14,68.46,40.67,958.44,569.38,389.06000000000006,0.4059304703476483,2026-03
100105,2026-03-12,New Zealand,Australia & Oceania,Phone,Electronics,9,645.49,439.48,5809.41,3955.32,1854.0899999999997,0.3191528916017289,2026-03
100102,2026-03-12,Canada,North America,Headphones,Accessories,6,117.98,72.16,707.88,432.96,274.92,0.38837091032378374,2026-03
102102,2026-03-12,India,Asia,Tablet,Electronics,2,482.61,290.53,965.22,581.06,384.1600000000001,0.3980025279210958,2026-03
101999,2026-03-12,Italy,Europe,Headphones,Accessories,12,132.78,68.77,1593.36,825.24,768.1199999999999,0.4820756137972586,2026-03
103978,2026-03-12,UAE,Asia,Monitor,Electronics,4,368.9,241.86,1475.6,967.44,508.15999999999985,0.34437516942260765,2026-03
103262,2026-03-12,Singapore,Asia,Tablet,Electronics,6,457.21,333.79,2743.26,2002.74,740.5200000000002,0.26994160232715825,2026-03
103378,2026-03-12,Netherlands,Europe,Monitor,Electronics,15,372.27,246.02,5584.05,3690.3,1893.75,0.3391355736427861,2026-03
102564,2026-03-12,Italy,Europe,Smartwatch,Wearables,8,202.5,133.64,1620.0,1069.12,550.8800000000001,0.34004938271604945,2026-03
103172,2026-03-12,France,Europe,Mouse,Accessories,5,46.62,21.79,233.1,108.95,124.14999999999999,0.5326040326040326,2026-03
104757,2026-03-12,Spain,Europe,Smartwatch,Wearables,15,212.6,129.67,3189.0,1945.05,1243.95,0.3900752587017874,2026-03
103189,2026-03-12,Mexico,North America,Monitor,Electronics,5,328.5,228.18,1642.5,1140.9,501.5999999999999,0.3053881278538812,2026-03
100180,2026-03-13,Italy,Europe,Monitor,Electronics,2,375.79,219.46,751.58,438.92,312.66,0.4160036190425504,2026-03
104668,2026-03-13,USA,North America,Smartwatch,Wearables,9,206.65,141.89,1859.85,1277.01,582.8399999999999,0.3133801112992983,2026-03
101566,2026-03-13,UAE,Asia,Monitor,Electronics,13,386.85,229.53,5029.05,2983.89,2045.1600000000003,0.4066692516479256,2026-03
100069,2026-03-13,Germany,Europe,Monitor,Electronics,8,355.56,239.54,2844.48,1916.32,928.1600000000001,0.32630217122285976,2026-03
100670,2026-03-13,Italy,Europe,Laptop,Electronics,13,994.59,612.9,12929.67,7967.7,4961.97,0.3837661750067867,2026-03
101060,2026-03-13,Canada,North America,Mouse,Accessories,8,44.97,22.6,359.76,180.8,178.95999999999998,0.4974427396041805,2026-03
104863,2026-03-13,Germany,Europe,Mouse,Accessories,8,43.67,21.58,349.36,172.64,176.72000000000003,0.5058392489122968,2026-03
101009,2026-03-13,Spain,Europe,Laptop,Electronics,2,855.77,649.66,1711.54,1299.32,412.22,0.24084742395737174,2026-03
100915,2026-03-13,UAE,Asia,Keyboard,Accessories,10,66.04,39.09,660.4,390.9,269.5,0.4080860084797093,2026-03
102604,2026-03-14,Italy,Europe,Laptop,Electronics,13,819.2,610.84,10649.6,7940.92,2708.6800000000003,0.25434570312500004,2026-03
103941,2026-03-14,USA,North America,Mouse,Accessories,13,41.56,22.3,540.28,289.9,250.38,0.46342637151106836,2026-03
103347,2026-03-14,France,Europe,Smartwatch,Wearables,5,198.83,128.08,994.15,640.4,353.75,0.35583161494744253,2026-03
104185,2026-03-14,Italy,Europe,Keyboard,Accessories,1,74.92,37.97,74.92,37.97,36.95,0.4931927389215163,2026-03
101297,2026-03-14,France,Europe,Laptop,Electronics,7,970.24,602.67,6791.68,4218.69,2572.9900000000007,0.37884440963060695,2026-03
103757,2026-03-14,Spain,Europe,Tablet,Electronics,4,443.52,315.7,1774.08,1262.8,511.28,0.2881944444444444,2026-03
100628,2026-03-14,Mexico,North America,Headphones,Accessories,3,119.45,67.72,358.35,203.16,155.19000000000003,0.4330682293846798,2026-03
103123,2026-03-14,Germany,Europe,Smartwatch,Wearables,3,233.49,144.35,700.47,433.05,267.42,0.38177223863977044,2026-03
103632,2026-03-14,UK,Europe,Smartwatch,Wearables,7,225.26,131.59,1576.82,921.13,655.6899999999999,0.4158305957560153,2026-03
104249,2026-03-14,South Korea,Asia,Tablet,Electronics,10,446.14,324.98,4461.4,3249.8,1211.5999999999995,0.27157394539830537,2026-03
103268,2026-03-14,UAE,Asia,Keyboard,Accessories,8,72.99,39.23,583.92,313.84,270.08,0.4625291135772024,2026-03
103908,2026-03-15,Germany,Europe,Keyboard,Accessories,5,65.5,40.22,327.5,201.1,126.4,0.38595419847328244,2026-03
104526,2026-03-15,Singapore,Asia,Tablet,Electronics,8,455.27,299.65,3642.16,2397.2,1244.96,0.3418191402903772,2026-03
102626,2026-03-15,Australia,Australia & Oceania,Monitor,Electronics,6,372.47,246.88,2234.82,1481.28,753.5400000000002,0.33718151797460205,2026-03
104443,2026-03-15,Netherlands,Europe,Phone,Electronics,11,667.07,419.96,7337.77,4619.56,2718.21,0.3704408832656243,2026-03
101681,2026-03-15,South Korea,Asia,Laptop,Electronics,6,943.36,617.42,5660.16,3704.52,1955.6399999999999,0.34550966757123475,2026-03
103553,2026-03-15,India,Asia,Headphones,Accessories,5,132.63,73.0,663.15,365.0,298.15,0.4495966221820101,2026-03
101954,2026-03-15,Mexico,North America,Smartwatch,Wearables,3,230.89,135.0,692.67,405.0,287.66999999999996,0.4153059898653038,2026-03
103469,2026-03-15,Canada,North America,Mouse,Accessories,2,49.78,24.76,99.56,49.52,50.04,0.5026114905584572,2026-03
102767,2026-03-15,Singapore,Asia,Monitor,Electronics,15,371.57,221.89,5573.55,3328.35,2245.2000000000003,0.40283122964717283,2026-03
101920,2026-03-15,India,Asia,Mouse,Accessories,9,49.76,24.56,447.84,221.04,226.79999999999998,0.5064308681672025,2026-03
102160,2026-03-16,Mexico,North America,Monitor,Electronics,3,368.51,247.48,1105.53,742.44,363.0899999999999,0.32843070744348857,2026-03
101618,2026-03-16,Mexico,North America,Laptop,Electronics,3,911.68,683.53,2735.04,2050.59,684.4499999999998,0.25025228150228146,2026-03
101263,2026-03-16,Spain,Europe,Tablet,Electronics,2,502.17,294.22,1004.34,588.44,415.9,0.41410279387458426,2026-03
102090,2026-03-16,India,Asia,Smartwatch,Wearables,5,203.53,129.17,1017.65,645.85,371.79999999999995,0.36535154522674784,2026-03
104792,2026-03-16,New Zealand,Australia & Oceania,Smartwatch,Wearables,3,200.87,139.92,602.61,419.76,182.85000000000002,0.3034300791556728,2026-03
102642,2026-03-16,Spain,Europe,Tablet,Electronics,1,482.74,307.15,482.74,307.15,175.59000000000003,0.3637361726809463,2026-03
103894,2026-03-16,India,Asia,Mouse,Accessories,10,42.09,24.73,420.9,247.3,173.59999999999997,0.41244951294844373,2026-03
102198,2026-03-16,New Zealand,Australia & Oceania,Phone,Electronics,15,643.5,431.82,9652.5,6477.3,3175.2,0.32895104895104893,2026-03
101737,2026-03-16,South Korea,Asia,Tablet,Electronics,8,458.81,324.77,3670.48,2598.16,1072.3200000000002,0.29214707613173213,2026-03
104481,2026-03-16,Germany,Europe,Mouse,Accessories,10,45.25,24.14,452.5,241.4,211.1,0.46651933701657455,2026-03
101340,2026-03-16,Germany,Europe,Tablet,Electronics,11,484.02,320.71,5324.22,3527.81,1796.4100000000003,0.3374034130821041,2026-03
100061,2026-03-17,Singapore,Asia,Smartwatch,Wearables,4,218.77,144.61,875.08,578.44,296.64,0.33898614983772907,2026-03
103132,2026-03-17,Mexico,North America,Phone,Electronics,14,703.25,407.18,9845.5,5700.52,4144.98,0.42100248844649835,2026-03
103792,2026-03-17,Italy,Europe,Laptop,Electronics,8,983.26,664.29,7866.08,5314.32,2551.76,0.3244004637633993,2026-03
102443,2026-03-17,Mexico,North America,Phone,Electronics,1,682.12,417.97,682.12,417.97,264.15,0.38724857796282175,2026-03
103930,2026-03-18,UK,Europe,Headphones,Accessories,2,110.15,64.55,220.3,129.1,91.20000000000002,0.4139809350885157,2026-03
100314,2026-03-18,New Zealand,Australia & Oceania,Keyboard,Accessories,4,73.05,36.63,292.2,146.52,145.67999999999998,0.4985626283367556,2026-03
101430,2026-03-18,Australia,Australia & Oceania,Smartwatch,Wearables,12,201.47,142.99,2417.64,1715.88,701.7599999999998,0.290266540924207,2026-03
104761,2026-03-18,UAE,Asia,Monitor,Electronics,2,375.66,219.62,751.32,439.24,312.08000000000004,0.4153756056008093,2026-03
100762,2026-03-18,Netherlands,Europe,Tablet,Electronics,11,498.94,291.22,5488.34,3203.42,2284.92,0.41632260392031106,2026-03
103937,2026-03-18,UAE,Asia,Monitor,Electronics,6,368.42,230.62,2210.52,1383.72,826.8,0.3740296400846859,2026-03
104228,2026-03-18,Canada,North America,Smartwatch,Wearables,3,206.73,136.49,620.19,409.47,210.72000000000003,0.33976684564407683,2026-03
104953,2026-03-18,South Korea,Asia,Keyboard,Accessories,2,73.18,39.83,146.36,79.66,66.70000000000002,0.4557256080896421,2026-03
100839,2026-03-18,Singapore,Asia,Keyboard,Accessories,1,77.55,39.66,77.55,39.66,37.89,0.48858800773694394,2026-03
103993,2026-03-18,Canada,North America,Phone,Electronics,3,671.47,467.01,2014.41,1401.03,613.3800000000001,0.30449610555944423,2026-03
104684,2026-03-18,France,Europe,Monitor,Electronics,10,327.65,217.91,3276.5,2179.1,1097.4,0.3349305661529071,2026-03
101158,2026-03-19,New Zealand,Australia & Oceania,Laptop,Electronics,10,875.38,596.47,8753.8,5964.7,2789.0999999999995,0.3186159153738947,2026-03
104934,2026-03-19,UAE,Asia,Smartwatch,Wearables,2,219.91,128.76,439.82,257.52,182.3,0.41448774498658547,2026-03
104086,2026-03-19,Italy,Europe,Headphones,Accessories,6,115.16,68.87,690.96,413.22,277.74,0.401962486974644,2026-03
102749,2026-03-19,Canada,North America,Headphones,Accessories,7,114.23,69.27,799.61,484.89,314.72,0.3935918760395693,2026-03
100290,2026-03-19,South Korea,Asia,Keyboard,Accessories,15,76.5,36.04,1147.5,540.6,606.9,0.5288888888888889,2026-03
100772,2026-03-19,USA,North America,Laptop,Electronics,11,847.04,679.75,9317.44,7477.25,1840.1900000000005,0.19749952776728377,2026-03
101253,2026-03-19,UK,Europe,Laptop,Electronics,13,930.72,643.47,12099.36,8365.11,3734.25,0.3086320268179474,2026-03
103796,2026-03-19,USA,North America,Phone,Electronics,3,646.96,424.05,1940.88,1272.15,668.73,0.3445498948930382,2026-03
100730,2026-03-19,UK,Europe,Tablet,Electronics,14,496.93,321.84,6957.02,4505.76,2451.26,0.3523433884048055,2026-03
102104,2026-03-20,Canada,North America,Tablet,Electronics,15,472.42,326.39,7086.3,4895.85,2190.45,0.3091105372338173,2026-03
100068,2026-03-20,Mexico,North America,Mouse,Accessories,3,49.74,21.98,149.22,65.94,83.28,0.5581021310816244,2026-03
104259,2026-03-20,UAE,Asia,Tablet,Electronics,1,463.94,326.93,463.94,326.93,137.01,0.2953183601327758,2026-03
104915,2026-03-20,Spain,Europe,Monitor,Electronics,1,389.13,234.18,389.13,234.18,154.95,0.3981959756379616,2026-03
100037,2026-03-20,Spain,Europe,Monitor,Electronics,2,382.28,247.36,764.56,494.72,269.8399999999999,0.3529350214502458,2026-03
100131,2026-03-21,UAE,Asia,Monitor,Electronics,12,380.29,233.82,4563.48,2805.84,1757.6399999999994,0.3851534355360382,2026-03
103886,2026-03-21,New Zealand,Australia & Oceania,Tablet,Electronics,4,479.61,290.05,1918.44,1160.2,758.24,0.3952377973770355,2026-03
100236,2026-03-21,USA,North America,Mouse,Accessories,14,43.2,23.18,604.8,324.52,280.28,0.4634259259259259,2026-03
104538,2026-03-21,USA,North America,Monitor,Electronics,2,349.57,238.87,699.14,477.74,221.39999999999998,0.316674771862574,2026-03
103935,2026-03-21,France,Europe,Phone,Electronics,11,718.57,461.0,7904.27,5071.0,2833.2700000000004,0.3584480287237152,2026-03
103075,2026-03-21,UAE,Asia,Phone,Electronics,14,657.21,412.25,9200.94,5771.5,3429.4400000000005,0.3727271344014851,2026-03
101199,2026-03-21,USA,North America,Monitor,Electronics,13,359.17,236.07,4669.21,3068.91,1600.3000000000002,0.3427346381936131,2026-03
100974,2026-03-22,Germany,Europe,Smartwatch,Wearables,10,210.69,133.19,2106.9,1331.9,775.0,0.3678390051734776,2026-03
104258,2026-03-22,Japan,Asia,Tablet,Electronics,1,439.6,328.78,439.6,328.78,110.82000000000005,0.25209281164695185,2026-03
104136,2026-03-22,Italy,Europe,Monitor,Electronics,1,336.46,230.67,336.46,230.67,105.78999999999999,0.31442073351958627,2026-03
100884,2026-03-22,Italy,Europe,Smartwatch,Wearables,9,215.72,135.58,1941.48,1220.22,721.26,0.3715000927127758,2026-03
100311,2026-03-22,Japan,Asia,Headphones,Accessories,5,114.71,64.86,573.55,324.3,249.24999999999994,0.43457414349228485,2026-03
102366,2026-03-22,UK,Europe,Monitor,Electronics,6,340.08,237.4,2040.48,1424.4,616.0799999999999,0.3019289578922606,2026-03
102554,2026-03-22,Australia,Australia & Oceania,Tablet,Electronics,3,448.02,327.12,1344.06,981.36,362.69999999999993,0.2698540243739118,2026-03
104747,2026-03-22,France,Europe,Headphones,Accessories,13,109.77,64.98,1427.01,844.74,582.27,0.4080349822355835,2026-03
103391,2026-03-22,Japan,Asia,Smartwatch,Wearables,1,230.03,141.77,230.03,141.77,88.25999999999999,0.38368908403251745,2026-03
103412,2026-03-23,Germany,Europe,Monitor,Electronics,13,349.7,239.75,4546.1,3116.75,1429.3500000000004,0.31441235344581075,2026-03
103470,2026-03-23,France,Europe,Mouse,Accessories,4,42.14,23.63,168.56,94.52,74.04,0.43925011865211205,2026-03
101874,2026-03-23,USA,North America,Headphones,Accessories,14,129.91,67.04,1818.74,938.56,880.1800000000001,0.48395042721884385,2026-03
101192,2026-03-23,Japan,Asia,Headphones,Accessories,2,111.48,70.33,222.96,140.66,82.30000000000001,0.369124506637962,2026-03
101807,2026-03-23,Canada,North America,Mouse,Accessories,14,47.42,22.36,663.88,313.04,350.84,0.5284690004217629,2026-03
103548,2026-03-23,Singapore,Asia,Keyboard,Accessories,2,66.14,37.94,132.28,75.88,56.400000000000006,0.42636830964620503,2026-03
104368,2026-03-23,Japan,Asia,Phone,Electronics,13,721.26,448.47,9376.38,5830.11,3546.2699999999995,0.3782131270277015,2026-03
102071,2026-03-23,Canada,North America,Phone,Electronics,2,667.31,444.35,1334.62,888.7,445.91999999999985,0.3341175765386401,2026-03
103870,2026-03-24,UK,Europe,Laptop,Electronics,7,863.2,673.9,6042.4,4717.3,1325.0999999999995,0.2193002780352177,2026-03
103158,2026-03-24,Spain,Europe,Laptop,Electronics,14,982.07,610.73,13748.98,8550.22,5198.76,0.37811968596943196,2026-03
102846,2026-03-24,India,Asia,Phone,Electronics,9,596.45,418.61,5368.05,3767.49,1600.5600000000004,0.2981641378154079,2026-03
104708,2026-03-24,France,Europe,Laptop,Electronics,4,820.68,649.33,3282.72,2597.32,685.3999999999996,0.2087902714821854,2026-03
104801,2026-03-24,France,Europe,Laptop,Electronics,12,939.61,634.81,11275.32,7617.72,3657.5999999999995,0.3243899064505486,2026-03
104966,2026-03-24,Netherlands,Europe,Mouse,Accessories,15,45.62,23.01,684.3,345.15,339.15,0.49561595791319596,2026-03
100619,2026-03-24,Mexico,North America,Smartwatch,Wearables,9,215.24,146.52,1937.16,1318.68,618.48,0.31927151087158523,2026-03
100366,2026-03-25,Japan,Asia,Tablet,Electronics,2,482.46,290.82,964.92,581.64,383.28,0.3972142768312399,2026-03
103476,2026-03-25,Mexico,North America,Laptop,Electronics,8,966.63,613.5,7733.04,4908.0,2825.04,0.36532075354582416,2026-03
104099,2026-03-25,Germany,Europe,Smartwatch,Wearables,11,222.54,142.64,2447.94,1569.04,878.9000000000001,0.35903657769389774,2026-03
103122,2026-03-25,Netherlands,Europe,Smartwatch,Wearables,8,221.8,143.59,1774.4,1148.72,625.6800000000001,0.3526149684400361,2026-03
103215,2026-03-26,France,Europe,Phone,Electronics,11,648.11,438.85,7129.21,4827.35,2301.8599999999997,0.3228772893490302,2026-03
104517,2026-03-26,Japan,Asia,Keyboard,Accessories,7,67.16,36.09,470.12,252.63,217.49,0.4626265634306135,2026-03
102054,2026-03-26,Australia,Australia & Oceania,Monitor,Electronics,4,385.84,219.07,1543.36,876.28,667.0799999999999,0.43222579307484965,2026-03
100567,2026-03-26,Singapore,Asia,Laptop,Electronics,11,845.61,636.6,9301.71,7002.6,2299.1099999999988,0.24717068151984947,2026-03
100265,2026-03-26,Australia,Australia & Oceania,Headphones,Accessories,11,113.03,72.25,1243.33,794.75,448.5799999999999,0.36078917101654423,2026-03
100957,2026-03-26,India,Asia,Headphones,Accessories,11,128.42,71.56,1412.62,787.16,625.4599999999999,0.442765924310855,2026-03
102185,2026-03-26,Canada,North America,Phone,Electronics,1,714.23,440.4,714.23,440.4,273.83000000000004,0.3833919045685564,2026-03
104736,2026-03-26,UK,Europe,Laptop,Electronics,2,927.35,656.19,1854.7,1312.38,542.3199999999999,0.2924030840567207,2026-03
101211,2026-03-26,India,Asia,Headphones,Accessories,14,111.55,65.06,1561.7,910.84,650.86,0.41676378305692513,2026-03
104108,2026-03-26,Netherlands,Europe,Tablet,Electronics,7,479.89,323.95,3359.23,2267.65,1091.58,0.3249494675863218,2026-03
103650,2026-03-26,Australia,Australia & Oceania,Keyboard,Accessories,11,75.11,40.8,826.21,448.8,377.41,0.45679669817600854,2026-03
103866,2026-03-27,South Korea,Asia,Mouse,Accessories,10,42.52,21.66,425.2,216.6,208.6,0.4905926622765757,2026-03
102837,2026-03-27,Australia,Australia & Oceania,Keyboard,Accessories,8,74.27,38.83,594.16,310.64,283.52,0.4771778645482698,2026-03
100553,2026-03-27,South Korea,Asia,Phone,Electronics,14,702.62,410.9,9836.68,5752.6,4084.08,0.41518886453559534,2026-03
101905,2026-03-27,Mexico,North America,Mouse,Accessories,4,43.57,22.89,174.28,91.56,82.72,0.4746385127381226,2026-03
102350,2026-03-27,Germany,Europe,Keyboard,Accessories,1,66.55,40.37,66.55,40.37,26.18,0.3933884297520661,2026-03
104936,2026-03-27,India,Asia,Mouse,Accessories,14,44.71,24.71,625.94,345.94,280.00000000000006,0.4473272198613286,2026-03
103280,2026-03-27,Mexico,North America,Smartwatch,Wearables,10,221.92,141.67,2219.2,1416.7,802.4999999999998,0.36161679884643105,2026-03
100659,2026-03-27,Mexico,North America,Monitor,Electronics,14,320.36,219.76,4485.04,3076.64,1408.4,0.3140217255587464,2026-03
100214,2026-03-27,Spain,Europe,Mouse,Accessories,11,43.61,22.35,479.71,245.85,233.85999999999999,0.48750286631506534,2026-03
104545,2026-03-27,South Korea,Asia,Mouse,Accessories,3,49.75,24.57,149.25,73.71,75.54,0.5061306532663317,2026-03
103465,2026-03-28,Spain,Europe,Laptop,Electronics,6,903.74,658.15,5422.44,3948.9,1473.5399999999995,0.27174851174010217,2026-03
100992,2026-03-28,Mexico,North America,Monitor,Electronics,1,373.99,244.98,373.99,244.98,129.01000000000002,0.34495574747987917,2026-03
100895,2026-03-28,Canada,North America,Phone,Electronics,6,592.44,429.65,3554.64,2577.9,976.7399999999998,0.2747788805617446,2026-03
102783,2026-03-28,New Zealand,Australia & Oceania,Smartwatch,Wearables,1,228.13,135.18,228.13,135.18,92.94999999999999,0.40744312453425674,2026-03
103761,2026-03-28,France,Europe,Monitor,Electronics,1,328.65,233.8,328.65,233.8,94.84999999999997,0.2886048988285409,2026-03
102519,2026-03-28,Canada,North America,Phone,Electronics,5,648.08,420.42,3240.4,2102.1,1138.3000000000002,0.3512837921244291,2026-03
101869,2026-03-28,UK,Europe,Laptop,Electronics,3,906.53,635.96,2719.59,1907.88,811.71,0.29846778374681476,2026-03
100779,2026-03-28,USA,North America,Smartwatch,Wearables,11,230.31,139.85,2533.41,1538.35,995.06,0.39277495549476793,2026-03
101145,2026-03-29,Germany,Europe,Mouse,Accessories,4,45.91,22.01,183.64,88.04,95.59999999999998,0.5205837508168154,2026-03
100825,2026-03-29,UAE,Asia,Headphones,Accessories,2,112.02,66.82,224.04,133.64,90.4,0.40349937511158723,2026-03
100897,2026-03-29,Germany,Europe,Mouse,Accessories,1,44.76,23.17,44.76,23.17,21.589999999999996,0.48235031277926715,2026-03
100011,2026-03-29,UK,Europe,Monitor,Electronics,13,357.32,228.06,4645.16,2964.78,1680.3799999999997,0.3617485727079368,2026-03
100198,2026-03-29,Australia,Australia & Oceania,Smartwatch,Wearables,1,233.9,133.87,233.9,133.87,100.03,0.42766139375801626,2026-03
104623,2026-03-29,Spain,Europe,Phone,Electronics,6,727.28,426.53,4363.68,2559.18,1804.5000000000005,0.4135271147288528,2026-03
103823,2026-03-29,USA,North America,Monitor,Electronics,4,335.76,232.23,1343.04,928.92,414.12,0.3083452466047177,2026-03
101355,2026-03-29,Japan,Asia,Monitor,Electronics,8,379.86,239.25,3038.88,1914.0,1124.88,0.3701626915179277,2026-03
103140,2026-03-29,Netherlands,Europe,Mouse,Accessories,1,45.43,22.25,45.43,22.25,23.18,0.5102355271846797,2026-03
103255,2026-03-29,Singapore,Asia,Tablet,Electronics,5,455.08,305.89,2275.4,1529.45,745.95,0.3278324690164367,2026-03
100760,2026-03-29,Mexico,North America,Phone,Electronics,1,689.35,463.26,689.35,463.26,226.09000000000003,0.3279756292159281,2026-03
101725,2026-03-29,Canada,North America,Laptop,Electronics,12,986.75,686.0,11841.0,8232.0,3609.0,0.3047884469217127,2026-03
101381,2026-03-30,Netherlands,Europe,Phone,Electronics,15,712.23,439.42,10683.45,6591.3,4092.1500000000005,0.38303637869789253,2026-03
100942,2026-03-30,South Korea,Asia,Mouse,Accessories,12,49.35,24.57,592.2,294.84,297.36000000000007,0.5021276595744681,2026-03
102365,2026-03-30,UAE,Asia,Keyboard,Accessories,4,68.26,38.17,273.04,152.68,120.36000000000001,0.440814532669206,2026-03
101294,2026-03-30,Mexico,North America,Headphones,Accessories,10,118.73,72.43,1187.3,724.3,463.0,0.38996041438558077,2026-03
102688,2026-03-31,Singapore,Asia,Mouse,Accessories,11,49.73,23.08,547.03,253.88,293.15,0.5358938266639856,2026-03
100251,2026-03-31,Spain,Europe,Smartwatch,Wearables,14,225.82,131.73,3161.48,1844.22,1317.26,0.4166592861571163,2026-03
103319,2026-03-31,USA,North America,Monitor,Electronics,1,324.29,217.83,324.29,217.83,106.46000000000001,0.328286410311758,2026-03
104891,2026-03-31,Germany,Europe,Headphones,Accessories,8,123.93,66.7,991.44,533.6,457.84000000000003,0.46179294763172757,2026-03
102238,2026-03-31,UK,Europe,Headphones,Accessories,14,132.23,71.47,1851.22,1000.58,850.64,0.459502382212811,2026-03
100611,2026-03-31,Germany,Europe,Phone,Electronics,11,631.26,435.35,6943.86,4788.85,2155.0099999999993,0.31034755885055276,2026-03
101232,2026-03-31,Spain,Europe,Laptop,Electronics,1,822.27,644.11,822.27,644.11,178.15999999999997,0.21666849088498907,2026-03
102411,2026-03-31,Canada,North America,Phone,Electronics,8,643.37,444.67,5146.96,3557.36,1589.6,0.30884250120459456,2026-03
104179,2026-04-01,UAE,Asia,Tablet,Electronics,8,416.77,301.04,3334.16,2408.32,925.8399999999997,0.27768313458262345,2026-04
104764,2026-04-01,France,Europe,Smartwatch,Wearables,11,202.34,138.23,2225.74,1520.53,705.2099999999998,0.3168429376297321,2026-04
102696,2026-04-01,Singapore,Asia,Monitor,Electronics,4,374.95,216.45,1499.8,865.8,634.0,0.4227230297372983,2026-04
101042,2026-04-01,Mexico,North America,Phone,Electronics,5,660.06,444.42,3300.3,2222.1,1078.2000000000003,0.3266975729479139,2026-04
102785,2026-04-01,New Zealand,Australia & Oceania,Monitor,Electronics,15,316.33,224.18,4744.95,3362.7,1382.25,0.29130970821610347,2026-04
101033,2026-04-01,Spain,Europe,Keyboard,Accessories,8,66.69,39.47,533.52,315.76,217.76,0.40815714499925027,2026-04
101335,2026-04-01,New Zealand,Australia & Oceania,Tablet,Electronics,10,438.52,328.99,4385.2,3289.9,1095.2999999999997,0.24977196022986403,2026-04
100536,2026-04-01,Australia,Australia & Oceania,Phone,Electronics,6,588.72,450.46,3532.32,2702.76,829.56,0.23484848484848483,2026-04
103758,2026-04-01,Japan,Asia,Phone,Electronics,15,692.48,416.62,10387.2,6249.3,4137.900000000001,0.3983652957486137,2026-04
100452,2026-04-01,India,Asia,Phone,Electronics,8,596.41,433.2,4771.28,3465.6,1305.6799999999998,0.2736540299458426,2026-04
104828,2026-04-01,Italy,Europe,Smartwatch,Wearables,1,215.61,141.87,215.61,141.87,73.74000000000001,0.3420064004452484,2026-04
100922,2026-04-01,Japan,Asia,Smartwatch,Wearables,3,232.21,127.67,696.63,383.01,313.62,0.4501959433271608,2026-04
100379,2026-04-01,Mexico,North America,Monitor,Electronics,13,322.97,226.65,4198.61,2946.45,1252.1599999999999,0.2982320339350404,2026-04
104216,2026-04-01,Mexico,North America,Keyboard,Accessories,12,76.87,38.59,922.44,463.08,459.36000000000007,0.49798360868999614,2026-04
104927,2026-04-01,Japan,Asia,Tablet,Electronics,8,479.3,311.71,3834.4,2493.68,1340.7200000000003,0.34965574796578347,2026-04
102503,2026-04-02,UAE,Asia,Laptop,Electronics,6,822.11,602.94,4932.66,3617.64,1315.02,0.2665944946540001,2026-04
104528,2026-04-02,New Zealand,Australia & Oceania,Laptop,Electronics,11,948.7,609.44,10435.7,6703.84,3731.8600000000006,0.3576051438811005,2026-04
100622,2026-04-02,France,Europe,Phone,Electronics,7,683.75,464.14,4786.25,3248.98,1537.27,0.3211846435100548,2026-04
101891,2026-04-02,France,Europe,Mouse,Accessories,6,44.73,22.96,268.38,137.76,130.62,0.48669796557120504,2026-04
103503,2026-04-02,New Zealand,Australia & Oceania,Monitor,Electronics,10,344.35,245.52,3443.5,2455.2,988.3000000000002,0.28700450123420945,2026-04
101956,2026-04-02,New Zealand,Australia & Oceania,Tablet,Electronics,7,421.79,312.89,2952.53,2190.23,762.3000000000002,0.25818535290073263,2026-04
103170,2026-04-02,Singapore,Asia,Monitor,Electronics,5,362.31,227.27,1811.55,1136.35,675.2,0.3727194943556623,2026-04
102509,2026-04-03,USA,North America,Phone,Electronics,3,726.56,411.09,2179.68,1233.27,946.4099999999999,0.43419676282757097,2026-04
102439,2026-04-03,Singapore,Asia,Smartwatch,Wearables,8,204.88,140.43,1639.04,1123.44,515.5999999999999,0.31457438500585705,2026-04
101821,2026-04-03,Spain,Europe,Keyboard,Accessories,13,71.52,36.96,929.76,480.48,449.28,0.4832214765100671,2026-04
102068,2026-04-03,UK,Europe,Mouse,Accessories,14,49.2,21.57,688.8,301.98,386.81999999999994,0.5615853658536585,2026-04
104203,2026-04-03,UK,Europe,Phone,Electronics,10,587.22,429.32,5872.2,4293.2,1579.0,0.2688941112359933,2026-04
102029,2026-04-03,France,Europe,Smartwatch,Wearables,9,202.51,131.51,1822.59,1183.59,639.0,0.3505999703718335,2026-04
104248,2026-04-03,Italy,Europe,Laptop,Electronics,13,923.79,673.25,12009.27,8752.25,3257.0200000000004,0.27120882451639444,2026-04
101372,2026-04-03,Spain,Europe,Phone,Electronics,10,588.24,415.24,5882.4,4152.4,1730.0,0.29409764721882226,2026-04
102450,2026-04-03,Japan,Asia,Monitor,Electronics,6,326.64,232.81,1959.84,1396.86,562.98,0.2872581435219202,2026-04
101361,2026-04-03,Australia,Australia & Oceania,Headphones,Accessories,3,109.13,71.11,327.39,213.33,114.05999999999997,0.34839182626225595,2026-04
101647,2026-04-03,France,Europe,Monitor,Electronics,5,380.51,217.57,1902.55,1087.85,814.7,0.4282147643951539,2026-04
100360,2026-04-04,South Korea,Asia,Headphones,Accessories,10,127.11,71.3,1271.1,713.0,558.0999999999999,0.4390685233262528,2026-04
100939,2026-04-04,Netherlands,Europe,Smartwatch,Wearables,11,238.23,131.79,2620.53,1449.69,1170.8400000000001,0.44679511396549554,2026-04
102629,2026-04-04,UAE,Asia,Laptop,Electronics,7,821.28,654.93,5748.96,4584.51,1164.4499999999998,0.2025496785505552,2026-04
101751,2026-04-04,UAE,Asia,Keyboard,Accessories,1,77.22,38.74,77.22,38.74,38.48,0.49831649831649827,2026-04
104622,2026-04-04,Canada,North America,Keyboard,Accessories,6,73.57,35.91,441.42,215.46,225.96,0.5118934348239772,2026-04
102075,2026-04-04,New Zealand,Australia & Oceania,Smartwatch,Wearables,5,234.36,141.45,1171.8,707.25,464.54999999999995,0.39644137224782383,2026-04
104048,2026-04-04,UAE,Asia,Mouse,Accessories,3,44.39,23.96,133.17,71.88,61.28999999999999,0.460238792520838,2026-04
103717,2026-04-04,Singapore,Asia,Mouse,Accessories,1,45.82,23.96,45.82,23.96,21.86,0.4770842426887822,2026-04
101208,2026-04-04,Japan,Asia,Phone,Electronics,10,663.72,435.49,6637.2,4354.9,2282.3,0.34386488278189603,2026-04
103016,2026-04-04,Singapore,Asia,Phone,Electronics,11,610.41,408.59,6714.51,4494.49,2220.0200000000004,0.3306302321390541,2026-04
103340,2026-04-05,Canada,North America,Keyboard,Accessories,6,72.75,39.6,436.5,237.6,198.9,0.4556701030927835,2026-04
102243,2026-04-05,South Korea,Asia,Keyboard,Accessories,9,63.93,36.42,575.37,327.78,247.59000000000003,0.4303144063819803,2026-04
101551,2026-04-05,Australia,Australia & Oceania,Laptop,Electronics,11,957.28,683.78,10530.08,7521.58,3008.5,0.28570533177335783,2026-04
104155,2026-04-05,Netherlands,Europe,Monitor,Electronics,12,385.4,230.74,4624.8,2768.88,1855.92,0.4012973533990659,2026-04
101030,2026-04-05,Mexico,North America,Monitor,Electronics,9,374.6,217.39,3371.4,1956.51,1414.89,0.41967431927389215,2026-04
102668,2026-04-05,Mexico,North America,Keyboard,Accessories,2,76.11,36.09,152.22,72.18,80.03999999999999,0.525817895151754,2026-04
100391,2026-04-05,New Zealand,Australia & Oceania,Mouse,Accessories,5,47.4,23.71,237.0,118.55,118.45,0.499789029535865,2026-04
100677,2026-04-05,Germany,Europe,Keyboard,Accessories,2,67.85,36.88,135.7,73.76,61.93999999999998,0.45644804716285914,2026-04
102799,2026-04-05,New Zealand,Australia & Oceania,Headphones,Accessories,3,116.97,71.81,350.91,215.43,135.48000000000002,0.38608190134222453,2026-04
102195,2026-04-06,Italy,Europe,Laptop,Electronics,8,908.21,653.02,7265.68,5224.16,2041.5200000000004,0.28098127085145513,2026-04
104313,2026-04-06,Italy,Europe,Smartwatch,Wearables,11,228.36,130.3,2511.96,1433.3,1078.66,0.429409703976178,2026-04
101503,2026-04-06,Germany,Europe,Smartwatch,Wearables,13,225.37,129.77,2929.81,1687.01,1242.8,0.42419132981319607,2026-04
102645,2026-04-06,Spain,Europe,Headphones,Accessories,6,131.43,66.67,788.58,400.02,388.56000000000006,0.4927337746328845,2026-04
100584,2026-04-06,Japan,Asia,Smartwatch,Wearables,14,198.96,142.89,2785.44,2000.46,784.98,0.28181544028950545,2026-04
101267,2026-04-06,Singapore,Asia,Smartwatch,Wearables,14,240.03,145.5,3360.42,2037.0,1323.42,0.3938257717785277,2026-04
101180,2026-04-06,South Korea,Asia,Laptop,Electronics,1,966.3,604.87,966.3,604.87,361.42999999999995,0.37403497878505637,2026-04
102061,2026-04-06,Netherlands,Europe,Monitor,Electronics,12,332.96,234.62,3995.52,2815.44,1180.08,0.29535079288803456,2026-04
101214,2026-04-06,Canada,North America,Phone,Electronics,1,612.17,463.34,612.17,463.34,148.82999999999998,0.24311874152604668,2026-04
104068,2026-04-06,Australia,Australia & Oceania,Keyboard,Accessories,11,71.95,38.34,791.45,421.74,369.71000000000004,0.4671299513551077,2026-04
101636,2026-04-06,Netherlands,Europe,Tablet,Electronics,10,475.36,325.29,4753.6,3252.9,1500.7000000000003,0.3156975765735443,2026-04
100278,2026-04-07,USA,North America,Laptop,Electronics,3,880.32,605.21,2640.96,1815.63,825.3299999999999,0.3125113595056343,2026-04
104774,2026-04-07,USA,North America,Headphones,Accessories,1,109.13,69.8,109.13,69.8,39.33,0.3603958581508293,2026-04
103324,2026-04-07,UAE,Asia,Keyboard,Accessories,4,64.64,39.46,258.56,157.84,100.72,0.3895420792079208,2026-04
100425,2026-04-07,Germany,Europe,Mouse,Accessories,2,46.36,23.55,92.72,47.1,45.62,0.4920189818809318,2026-04
102115,2026-04-07,USA,North America,Keyboard,Accessories,4,69.7,37.96,278.8,151.84,126.96000000000001,0.45538020086083214,2026-04
103665,2026-04-07,Singapore,Asia,Mouse,Accessories,3,43.18,23.28,129.54,69.84,59.69999999999999,0.460861509958314,2026-04
102713,2026-04-07,Singapore,Asia,Keyboard,Accessories,13,74.04,40.72,962.52,529.36,433.15999999999997,0.4500270124257158,2026-04
101688,2026-04-08,South Korea,Asia,Phone,Electronics,6,625.6,446.37,3753.6,2678.22,1075.38,0.2864929667519182,2026-04
101004,2026-04-08,Mexico,North America,Laptop,Electronics,4,994.63,684.11,3978.52,2736.44,1242.08,0.3121964951791118,2026-04
100507,2026-04-08,New Zealand,Australia & Oceania,Mouse,Accessories,8,49.53,23.89,396.24,191.12,205.12,0.5176660609731476,2026-04
100111,2026-04-08,UK,Europe,Mouse,Accessories,13,47.89,23.51,622.57,305.63,316.94000000000005,0.509083315932345,2026-04
103634,2026-04-08,India,Asia,Laptop,Electronics,8,968.68,654.26,7749.44,5234.08,2515.3599999999997,0.3245860346037907,2026-04
100094,2026-04-08,UAE,Asia,Monitor,Electronics,8,319.02,238.69,2552.16,1909.52,642.6399999999999,0.25180239483417965,2026-04
101103,2026-04-08,New Zealand,Australia & Oceania,Laptop,Electronics,2,934.95,630.81,1869.9,1261.62,608.2800000000002,0.32530081822557366,2026-04
102618,2026-04-08,Germany,Europe,Mouse,Accessories,4,42.84,23.21,171.36,92.84,78.52000000000001,0.4582166199813259,2026-04
100370,2026-04-08,Spain,Europe,Headphones,Accessories,12,118.62,72.69,1423.44,872.28,551.1600000000001,0.387202832574608,2026-04
103148,2026-04-08,USA,North America,Laptop,Electronics,4,888.31,654.85,3553.24,2619.4,933.8399999999997,0.262813657394378,2026-04
104763,2026-04-08,Canada,North America,Laptop,Electronics,13,911.82,613.98,11853.66,7981.74,3871.92,0.32664341646377576,2026-04
104388,2026-04-08,Netherlands,Europe,Laptop,Electronics,12,996.38,655.47,11956.56,7865.64,4090.919999999999,0.34214857785182357,2026-04
102753,2026-04-08,Germany,Europe,Phone,Electronics,14,597.51,423.61,8365.14,5930.54,2434.5999999999995,0.2910411541229435,2026-04
101375,2026-04-09,Italy,Europe,Smartwatch,Wearables,7,199.66,128.73,1397.62,901.11,496.5099999999999,0.3552539316838625,2026-04
101727,2026-04-09,Japan,Asia,Headphones,Accessories,15,124.36,67.22,1865.4,1008.3,857.1000000000001,0.45947249919588296,2026-04
102381,2026-04-09,Mexico,North America,Tablet,Electronics,14,425.24,291.57,5953.36,4081.98,1871.3799999999997,0.31434013733421123,2026-04
100029,2026-04-09,Japan,Asia,Keyboard,Accessories,15,67.66,37.2,1014.9,558.0,456.9,0.4501921371563701,2026-04
100944,2026-04-09,Mexico,North America,Smartwatch,Wearables,15,224.34,131.24,3365.1,1968.6,1396.5,0.41499509672818047,2026-04
104724,2026-04-10,India,Asia,Mouse,Accessories,5,48.27,21.98,241.35,109.9,131.45,0.5446447068572612,2026-04
100295,2026-04-10,Spain,Europe,Monitor,Electronics,7,377.26,247.85,2640.82,1734.95,905.8700000000001,0.3430260297937762,2026-04
103426,2026-04-10,USA,North America,Mouse,Accessories,15,46.66,23.87,699.9,358.05,341.84999999999997,0.48842691813116157,2026-04
102412,2026-04-10,Italy,Europe,Headphones,Accessories,1,114.94,70.75,114.94,70.75,44.19,0.3844614581520793,2026-04
104171,2026-04-10,Germany,Europe,Phone,Electronics,5,666.28,436.96,3331.4,2184.8,1146.6,0.3441796241820255,2026-04
102617,2026-04-10,Singapore,Asia,Monitor,Electronics,7,367.33,223.43,2571.31,1564.01,1007.3,0.39174584161380777,2026-04
101570,2026-04-10,India,Asia,Phone,Electronics,10,718.25,456.1,7182.5,4561.0,2621.5,0.3649843369300383,2026-04
103434,2026-04-10,India,Asia,Smartwatch,Wearables,3,240.38,142.0,721.14,426.0,295.14,0.4092686579582328,2026-04
104148,2026-04-10,Japan,Asia,Phone,Electronics,11,666.21,438.62,7328.31,4824.82,2503.4900000000007,0.3416190090211796,2026-04
103483,2026-04-10,Italy,Europe,Smartwatch,Wearables,10,211.62,135.12,2116.2,1351.2,764.9999999999998,0.36149702296569314,2026-04
100642,2026-04-11,Japan,Asia,Tablet,Electronics,8,470.34,302.57,3762.72,2420.56,1342.1599999999999,0.3566994089382149,2026-04
101293,2026-04-11,Japan,Asia,Monitor,Electronics,7,329.37,222.4,2305.59,1556.8,748.7900000000002,0.32477153353371596,2026-04
100652,2026-04-11,UAE,Asia,Mouse,Accessories,8,49.22,22.5,393.76,180.0,213.76,0.5428687525396181,2026-04
104201,2026-04-11,USA,North America,Laptop,Electronics,7,1002.53,630.87,7017.71,4416.09,2601.62,0.37072207315491806,2026-04
100443,2026-04-11,India,Asia,Smartwatch,Wearables,6,218.69,141.44,1312.14,848.64,463.5000000000001,0.35323974575883677,2026-04
104717,2026-04-11,India,Asia,Phone,Electronics,4,681.0,427.78,2724.0,1711.12,1012.8800000000001,0.3718355359765052,2026-04
103973,2026-04-11,Netherlands,Europe,Mouse,Accessories,15,49.31,22.94,739.65,344.1,395.54999999999995,0.5347799634962482,2026-04
102330,2026-04-11,Spain,Europe,Laptop,Electronics,3,968.9,615.09,2906.7,1845.27,1061.4299999999998,0.36516668386830425,2026-04
104913,2026-04-12,Japan,Asia,Phone,Electronics,8,703.83,465.96,5630.64,3727.68,1902.9600000000005,0.3379651336260177,2026-04
102624,2026-04-12,Australia,Australia & Oceania,Laptop,Electronics,15,989.89,615.41,14848.35,9231.15,5617.200000000001,0.3783046601137501,2026-04
102343,2026-04-12,Germany,Europe,Phone,Electronics,4,695.61,420.29,2782.44,1681.16,1101.28,0.3957964951625192,2026-04
102267,2026-04-12,UAE,Asia,Phone,Electronics,10,598.83,413.03,5988.3,4130.3,1858.0,0.3102716964747925,2026-04
102220,2026-04-12,Germany,Europe,Laptop,Electronics,5,992.58,599.63,4962.9,2998.15,1964.7499999999995,0.39588748513973676,2026-04
103727,2026-04-12,Italy,Europe,Smartwatch,Wearables,2,227.61,134.51,455.22,269.02,186.20000000000005,0.4090329950353676,2026-04
102760,2026-04-12,Netherlands,Europe,Smartwatch,Wearables,10,207.06,135.16,2070.6,1351.6,719.0,0.34724234521394765,2026-04
100330,2026-04-12,UK,Europe,Mouse,Accessories,2,44.42,23.3,88.84,46.6,42.24,0.4754615038271049,2026-04
101992,2026-04-13,Germany,Europe,Smartwatch,Wearables,5,217.73,135.37,1088.65,676.85,411.80000000000007,0.3782666605428742,2026-04
102139,2026-04-13,Germany,Europe,Keyboard,Accessories,7,67.44,36.06,472.08,252.42,219.66,0.4653024911032029,2026-04
104967,2026-04-13,Australia,Australia & Oceania,Tablet,Electronics,15,488.49,317.98,7327.35,4769.7,2557.6500000000005,0.34905525189870834,2026-04
104820,2026-04-13,Spain,Europe,Headphones,Accessories,1,114.78,65.29,114.78,65.29,49.489999999999995,0.431172678166928,2026-04
100770,2026-04-13,USA,North America,Monitor,Electronics,3,329.86,228.76,989.58,686.28,303.30000000000007,0.3064936639786577,2026-04
103524,2026-04-13,France,Europe,Headphones,Accessories,9,125.46,71.8,1129.14,646.2,482.94000000000005,0.4277060417663,2026-04
101658,2026-04-13,UK,Europe,Smartwatch,Wearables,4,219.75,140.6,879.0,562.4,316.6,0.36018202502844143,2026-04
104054,2026-04-13,UAE,Asia,Tablet,Electronics,10,473.38,309.05,4733.8,3090.5,1643.3000000000002,0.34714183108707597,2026-04
102363,2026-04-14,Italy,Europe,Mouse,Accessories,10,49.66,24.47,496.6,244.7,251.90000000000003,0.5072492952074105,2026-04
103505,2026-04-14,Australia,Australia & Oceania,Phone,Electronics,15,687.27,456.13,10309.05,6841.95,3467.0999999999995,0.33631614940270926,2026-04
100375,2026-04-14,France,Europe,Headphones,Accessories,8,133.11,64.85,1064.88,518.8,546.0800000000002,0.5128089549996244,2026-04
103514,2026-04-14,USA,North America,Mouse,Accessories,12,47.5,24.67,570.0,296.04,273.96,0.4806315789473684,2026-04
100482,2026-04-14,USA,North America,Tablet,Electronics,3,405.95,327.74,1217.85,983.22,234.62999999999988,0.192659194482079,2026-04
100545,2026-04-14,USA,North America,Tablet,Electronics,10,406.91,303.8,4069.1,3038.0,1031.1,0.2533975571993807,2026-04
102232,2026-04-14,Spain,Europe,Laptop,Electronics,5,860.9,637.22,4304.5,3186.1,1118.4,0.2598211174352422,2026-04
100313,2026-04-14,Netherlands,Europe,Tablet,Electronics,14,453.35,295.36,6346.9,4135.04,2211.8599999999997,0.3484945406418881,2026-04
102255,2026-04-14,New Zealand,Australia & Oceania,Smartwatch,Wearables,9,198.78,138.9,1789.02,1250.1,538.9200000000001,0.30123754904920014,2026-04
101595,2026-04-14,USA,North America,Mouse,Accessories,14,40.76,22.16,570.64,310.24,260.4,0.4563297350343474,2026-04
101225,2026-04-15,India,Asia,Mouse,Accessories,4,49.73,23.71,198.92,94.84,104.07999999999998,0.5232254172531671,2026-04
103586,2026-04-15,UAE,Asia,Smartwatch,Wearables,1,202.34,135.6,202.34,135.6,66.74000000000001,0.32984086191558765,2026-04
102028,2026-04-15,New Zealand,Australia & Oceania,Headphones,Accessories,3,132.06,68.12,396.18,204.36,191.82,0.48417386036650006,2026-04
101330,2026-04-16,Japan,Asia,Laptop,Electronics,5,948.92,625.07,4744.6,3125.35,1619.2500000000005,0.3412827214096026,2026-04
102752,2026-04-16,Canada,North America,Headphones,Accessories,14,127.45,67.54,1784.3,945.56,838.74,0.470066692820714,2026-04
103949,2026-04-16,Netherlands,Europe,Laptop,Electronics,6,829.58,673.46,4977.48,4040.76,936.7199999999993,0.18819161503411352,2026-04
100523,2026-04-16,Australia,Australia & Oceania,Mouse,Accessories,12,40.65,23.55,487.8,282.6,205.2,0.4206642066420664,2026-04
101971,2026-04-16,Italy,Europe,Laptop,Electronics,11,826.33,669.34,9089.63,7362.74,1726.8899999999994,0.1899846308375588,2026-04
103116,2026-04-17,New Zealand,Australia & Oceania,Laptop,Electronics,13,925.07,604.83,12025.91,7862.79,4163.12,0.3461792080599306,2026-04
103423,2026-04-17,USA,North America,Laptop,Electronics,15,862.93,678.06,12943.95,10170.9,2773.050000000001,0.2142352218604059,2026-04
102472,2026-04-17,Australia,Australia & Oceania,Phone,Electronics,4,651.8,412.96,2607.2,1651.84,955.3599999999999,0.36643142068119056,2026-04
100263,2026-04-17,France,Europe,Keyboard,Accessories,5,72.12,37.24,360.6,186.2,174.40000000000003,0.4836383804769829,2026-04
102358,2026-04-17,France,Europe,Phone,Electronics,4,669.1,433.18,2676.4,1732.72,943.6800000000001,0.3525930354207144,2026-04
104884,2026-04-17,Italy,Europe,Laptop,Electronics,10,955.78,640.4,9557.8,6404.0,3153.7999999999993,0.32997133231496784,2026-04
103436,2026-04-17,South Korea,Asia,Monitor,Electronics,8,371.15,219.29,2969.2,1754.32,1214.8799999999999,0.40916071669136467,2026-04
104868,2026-04-17,France,Europe,Laptop,Electronics,5,935.93,612.8,4679.65,3064.0,1615.6499999999996,0.34525017896637566,2026-04
102889,2026-04-17,USA,North America,Headphones,Accessories,1,112.56,72.2,112.56,72.2,40.36,0.3585643212508884,2026-04
101458,2026-04-18,Mexico,North America,Mouse,Accessories,2,49.19,23.79,98.38,47.58,50.8,0.5163651148607441,2026-04
102364,2026-04-18,Japan,Asia,Phone,Electronics,1,710.05,460.58,710.05,460.58,249.46999999999997,0.3513414548271248,2026-04
100239,2026-04-18,Mexico,North America,Smartwatch,Wearables,4,229.64,146.82,918.56,587.28,331.28,0.36065145445044416,2026-04
101035,2026-04-18,Italy,Europe,Mouse,Accessories,9,43.74,22.25,393.66,200.25,193.41000000000003,0.4913122999542753,2026-04
100402,2026-04-18,New Zealand,Australia & Oceania,Smartwatch,Wearables,15,242.62,143.44,3639.3,2151.6,1487.7000000000003,0.40878740417113185,2026-04
103904,2026-04-18,Spain,Europe,Tablet,Electronics,13,415.93,293.24,5407.09,3812.12,1594.9700000000003,0.2949775202558123,2026-04
101679,2026-04-18,Germany,Europe,Headphones,Accessories,1,121.57,73.51,121.57,73.51,48.05999999999999,0.39532779468618895,2026-04
104414,2026-04-18,Mexico,North America,Mouse,Accessories,15,43.17,22.93,647.55,343.95,303.59999999999997,0.46884410470233956,2026-04
104586,2026-04-18,Australia,Australia & Oceania,Laptop,Electronics,10,1002.28,662.48,10022.8,6624.8,3397.999999999999,0.3390270183980524,2026-04
104059,2026-04-18,New Zealand,Australia & Oceania,Phone,Electronics,4,597.65,450.75,2390.6,1803.0,587.5999999999999,0.24579603446833428,2026-04
104335,2026-04-18,India,Asia,Smartwatch,Wearables,12,232.62,129.42,2791.44,1553.04,1238.4,0.44364199123033277,2026-04
104243,2026-04-18,Canada,North America,Phone,Electronics,4,622.71,421.81,2490.84,1687.24,803.6000000000001,0.3226220873279697,2026-04
102403,2026-04-19,Japan,Asia,Mouse,Accessories,8,41.93,23.67,335.44,189.36,146.07999999999998,0.4354877176246124,2026-04
103004,2026-04-19,USA,North America,Laptop,Electronics,7,852.55,656.6,5967.85,4596.2,1371.6500000000005,0.22983989208844063,2026-04
103709,2026-04-19,Spain,Europe,Phone,Electronics,15,596.49,452.58,8947.35,6788.7,2158.6500000000005,0.2412613790675452,2026-04
101071,2026-04-19,Germany,Europe,Smartwatch,Wearables,5,214.23,131.26,1071.15,656.3,414.85000000000014,0.3872940297810765,2026-04
102460,2026-04-19,Japan,Asia,Tablet,Electronics,6,471.09,330.65,2826.54,1983.9,842.6399999999999,0.29811713260735734,2026-04
103969,2026-04-19,Singapore,Asia,Phone,Electronics,1,640.55,443.96,640.55,443.96,196.58999999999997,0.3069081258293654,2026-04
100840,2026-04-20,Mexico,North America,Laptop,Electronics,2,1005.39,613.49,2010.78,1226.98,783.8,0.3897989834790479,2026-04
102497,2026-04-20,India,Asia,Keyboard,Accessories,1,63.01,38.01,63.01,38.01,25.0,0.3967624186637042,2026-04
101787,2026-04-20,USA,North America,Tablet,Electronics,8,487.47,325.69,3899.76,2605.52,1294.2400000000002,0.3318768334461608,2026-04
104875,2026-04-20,Spain,Europe,Keyboard,Accessories,8,72.99,35.88,583.92,287.04,296.87999999999994,0.5084258117550349,2026-04
102465,2026-04-20,USA,North America,Keyboard,Accessories,1,74.07,38.14,74.07,38.14,35.92999999999999,0.485081679492372,2026-04
101522,2026-04-20,Australia,Australia & Oceania,Monitor,Electronics,12,338.42,220.63,4061.04,2647.56,1413.48,0.3480586253767508,2026-04
102252,2026-04-20,Australia,Australia & Oceania,Tablet,Electronics,14,470.84,315.24,6591.76,4413.36,2178.4000000000005,0.33047319683969084,2026-04
101699,2026-04-20,Australia,Australia & Oceania,Tablet,Electronics,1,424.01,296.26,424.01,296.26,127.75,0.3012900639135869,2026-04
100880,2026-04-20,Netherlands,Europe,Tablet,Electronics,15,487.12,328.11,7306.8,4921.65,2385.1500000000005,0.3264288060436854,2026-04
104925,2026-04-20,Netherlands,Europe,Phone,Electronics,5,604.03,419.06,3020.15,2095.3,924.8499999999999,0.30622651192821543,2026-04
100467,2026-04-20,Italy,Europe,Laptop,Electronics,14,917.96,618.63,12851.44,8660.82,4190.620000000001,0.3260817464813282,2026-04
103106,2026-04-20,Singapore,Asia,Keyboard,Accessories,7,68.33,39.19,478.31,274.33,203.98000000000002,0.42645982730864923,2026-04
100750,2026-04-20,Canada,North America,Keyboard,Accessories,15,75.58,36.21,1133.7,543.15,590.5500000000001,0.5209050013231014,2026-04
103703,2026-04-20,Italy,Europe,Tablet,Electronics,5,451.34,302.09,2256.7,1510.45,746.2499999999998,0.33068196924713067,2026-04
101043,2026-04-21,Germany,Europe,Tablet,Electronics,7,464.36,308.33,3250.52,2158.31,1092.21,0.33601085364803174,2026-04
100533,2026-04-21,New Zealand,Australia & Oceania,Smartwatch,Wearables,10,217.8,138.49,2178.0,1384.9,793.0999999999999,0.3641414141414141,2026-04
104264,2026-04-21,Japan,Asia,Laptop,Electronics,14,889.4,645.57,12451.6,9037.98,3413.620000000001,0.2741511131099618,2026-04
101802,2026-04-21,Mexico,North America,Tablet,Electronics,4,464.76,306.06,1859.04,1224.24,634.8,0.3414665633875548,2026-04
103013,2026-04-21,Spain,Europe,Keyboard,Accessories,12,77.24,36.18,926.88,434.16,492.71999999999997,0.5315898498187467,2026-04
102430,2026-04-21,Australia,Australia & Oceania,Keyboard,Accessories,10,69.26,35.52,692.6,355.2,337.40000000000003,0.48714987005486576,2026-04
101325,2026-04-21,Australia,Australia & Oceania,Keyboard,Accessories,15,75.38,39.08,1130.7,586.2,544.5,0.481560095516052,2026-04
100478,2026-04-21,UAE,Asia,Laptop,Electronics,7,861.18,607.34,6028.26,4251.38,1776.88,0.29475835481548573,2026-04
102743,2026-04-21,Italy,Europe,Keyboard,Accessories,5,73.36,36.39,366.8,181.95,184.85000000000002,0.5039531079607416,2026-04
102754,2026-04-22,Singapore,Asia,Monitor,Electronics,5,316.56,232.52,1582.8,1162.6,420.20000000000005,0.2654788981551681,2026-04
101616,2026-04-22,Mexico,North America,Mouse,Accessories,2,46.13,23.81,92.26,47.62,44.64000000000001,0.4838499891610666,2026-04
101867,2026-04-22,France,Europe,Smartwatch,Wearables,15,228.22,135.59,3423.3,2033.85,1389.4500000000003,0.4058802909473316,2026-04
102442,2026-04-22,Singapore,Asia,Mouse,Accessories,6,42.85,24.78,257.1,148.68,108.42000000000002,0.421703617269545,2026-04
102002,2026-04-22,Germany,Europe,Tablet,Electronics,5,480.82,318.27,2404.1,1591.35,812.75,0.3380682999875213,2026-04
101528,2026-04-22,Netherlands,Europe,Mouse,Accessories,12,40.91,23.9,490.92,286.8,204.12,0.4157907602053288,2026-04
102549,2026-04-22,South Korea,Asia,Headphones,Accessories,7,128.0,68.58,896.0,480.06,415.94,0.46421875,2026-04
101083,2026-04-22,South Korea,Asia,Monitor,Electronics,13,328.92,245.4,4275.96,3190.2,1085.7600000000002,0.2539219263042686,2026-04
101998,2026-04-22,Spain,Europe,Laptop,Electronics,2,882.14,602.01,1764.28,1204.02,560.26,0.3175573038293241,2026-04
100447,2026-04-23,New Zealand,Australia & Oceania,Monitor,Electronics,3,373.01,220.0,1119.03,660.0,459.03,0.4102034797994692,2026-04
102291,2026-04-23,USA,North America,Tablet,Electronics,3,425.84,324.3,1277.52,972.9,304.62,0.23844636483186174,2026-04
101161,2026-04-23,Mexico,North America,Monitor,Electronics,10,356.46,236.4,3564.6,2364.0,1200.6,0.3368119845143915,2026-04
100364,2026-04-23,Japan,Asia,Mouse,Accessories,8,46.62,21.83,372.96,174.64,198.32,0.5317460317460317,2026-04
103927,2026-04-23,USA,North America,Headphones,Accessories,7,134.29,69.06,940.03,483.42,456.60999999999996,0.48573981681435696,2026-04
103458,2026-04-23,USA,North America,Mouse,Accessories,15,47.83,22.31,717.45,334.65,382.80000000000007,0.5335563453899227,2026-04
103396,2026-04-23,New Zealand,Australia & Oceania,Headphones,Accessories,12,115.54,69.37,1386.48,832.44,554.04,0.3996018694824303,2026-04
101994,2026-04-23,Germany,Europe,Tablet,Electronics,12,410.75,316.39,4929.0,3796.68,1132.3200000000002,0.2297261107729763,2026-04
101164,2026-04-24,Canada,North America,Headphones,Accessories,12,125.13,65.69,1501.56,788.28,713.28,0.4750259729880924,2026-04
104710,2026-04-24,Mexico,North America,Keyboard,Accessories,14,73.6,38.11,1030.4,533.54,496.8600000000001,0.4822010869565218,2026-04
103037,2026-04-24,South Korea,Asia,Smartwatch,Wearables,6,219.81,137.0,1318.86,822.0,496.8599999999999,0.3767344524816887,2026-04
104881,2026-04-24,France,Europe,Keyboard,Accessories,13,74.74,35.84,971.62,465.92,505.7,0.5204709660155205,2026-04
100439,2026-04-24,USA,North America,Tablet,Electronics,8,425.88,331.35,3407.04,2650.8,756.2399999999998,0.221963933502395,2026-04
103128,2026-04-24,France,Europe,Smartwatch,Wearables,5,221.68,141.76,1108.4,708.8,399.60000000000014,0.36051966798989543,2026-04
101416,2026-04-24,Australia,Australia & Oceania,Smartwatch,Wearables,11,233.75,134.09,2571.25,1474.99,1096.26,0.4263529411764706,2026-04
103698,2026-04-25,USA,North America,Tablet,Electronics,7,446.43,295.36,3125.01,2067.52,1057.4900000000002,0.3383957171337052,2026-04
102007,2026-04-25,South Korea,Asia,Mouse,Accessories,14,48.2,23.68,674.8,331.52,343.28,0.5087136929460581,2026-04
101865,2026-04-25,New Zealand,Australia & Oceania,Keyboard,Accessories,15,69.19,37.44,1037.85,561.6,476.2499999999999,0.4588813412342823,2026-04
101472,2026-04-25,Mexico,North America,Headphones,Accessories,13,122.38,64.23,1590.94,834.99,755.95,0.47515933976139896,2026-04
100246,2026-04-25,New Zealand,Australia & Oceania,Smartwatch,Wearables,9,201.81,128.49,1816.29,1156.41,659.8799999999999,0.3633120261632228,2026-04
104036,2026-04-25,New Zealand,Australia & Oceania,Monitor,Electronics,3,354.94,244.31,1064.82,732.93,331.89,0.31168648222234746,2026-04
101721,2026-04-25,UK,Europe,Monitor,Electronics,9,318.67,229.66,2868.03,2066.94,801.0900000000001,0.2793171619543729,2026-04
102730,2026-04-25,India,Asia,Phone,Electronics,11,687.17,451.53,7558.87,4966.83,2592.04,0.3429136894800413,2026-04
103636,2026-04-26,Singapore,Asia,Mouse,Accessories,6,47.43,23.19,284.58,139.14,145.44,0.5110689437065149,2026-04
102270,2026-04-26,India,Asia,Smartwatch,Wearables,3,245.42,143.86,736.26,431.58,304.68,0.4138212044658137,2026-04
104654,2026-04-26,Canada,North America,Monitor,Electronics,9,339.32,226.91,3053.88,2042.19,1011.69,0.33128020747377107,2026-04
102144,2026-04-26,Netherlands,Europe,Smartwatch,Wearables,2,207.45,127.71,414.9,255.42,159.48,0.3843817787418655,2026-04
101745,2026-04-26,UAE,Asia,Tablet,Electronics,6,431.88,306.86,2591.28,1841.16,750.1200000000001,0.2894785588589423,2026-04
104294,2026-04-26,New Zealand,Australia & Oceania,Phone,Electronics,7,630.55,455.68,4413.85,3189.76,1224.0900000000001,0.2773293156767901,2026-04
102369,2026-04-27,Singapore,Asia,Tablet,Electronics,7,457.96,316.08,3205.72,2212.56,993.1599999999999,0.30980871691850814,2026-04
103175,2026-04-27,Netherlands,Europe,Keyboard,Accessories,13,69.08,35.75,898.04,464.75,433.28999999999996,0.482484076433121,2026-04
101064,2026-04-27,India,Asia,Headphones,Accessories,11,128.36,64.84,1411.96,713.24,698.72,0.49485821128077284,2026-04
100667,2026-04-27,UK,Europe,Tablet,Electronics,11,408.01,329.58,4488.11,3625.38,862.7299999999996,0.19222568074311897,2026-04
100074,2026-04-27,Mexico,North America,Keyboard,Accessories,14,77.92,36.15,1090.88,506.1,584.7800000000001,0.5360626283367557,2026-04
102669,2026-04-27,USA,North America,Monitor,Electronics,1,387.57,221.35,387.57,221.35,166.22,0.4288773640890678,2026-04
102391,2026-04-27,South Korea,Asia,Phone,Electronics,3,641.87,421.75,1925.61,1265.25,660.3599999999999,0.3429354853786592,2026-04
104197,2026-04-27,UK,Europe,Smartwatch,Wearables,3,203.43,141.39,610.29,424.17,186.11999999999995,0.304969768470727,2026-04
101055,2026-04-27,New Zealand,Australia & Oceania,Tablet,Electronics,14,409.12,304.71,5727.68,4265.94,1461.7400000000007,0.25520629644114207,2026-04
103839,2026-04-27,New Zealand,Australia & Oceania,Phone,Electronics,10,621.71,447.24,6217.1,4472.4,1744.7000000000007,0.2806292322787153,2026-04
100022,2026-04-28,Netherlands,Europe,Laptop,Electronics,1,974.56,616.92,974.56,616.92,357.64,0.3669758660318503,2026-04
103984,2026-04-28,Italy,Europe,Phone,Electronics,5,706.62,455.92,3533.1,2279.6,1253.5,0.3547875803119074,2026-04
102864,2026-04-28,South Korea,Asia,Headphones,Accessories,4,119.4,70.6,477.6,282.4,195.20000000000005,0.40871021775544397,2026-04
100389,2026-04-28,Canada,North America,Tablet,Electronics,7,497.17,313.71,3480.19,2195.97,1284.2200000000003,0.3690085886115414,2026-04
101664,2026-04-28,Japan,Asia,Laptop,Electronics,5,925.22,637.56,4626.1,3187.8,1438.3000000000002,0.31090983766023217,2026-04
102311,2026-04-28,Japan,Asia,Headphones,Accessories,7,125.94,70.75,881.58,495.25,386.33000000000004,0.43822455137367,2026-04
100401,2026-04-28,France,Europe,Monitor,Electronics,6,344.03,230.15,2064.18,1380.9,683.2799999999997,0.33101764381013277,2026-04
100420,2026-04-28,Mexico,North America,Mouse,Accessories,10,46.02,22.35,460.2,223.5,236.7,0.5143415906127771,2026-04
101348,2026-04-29,South Korea,Asia,Monitor,Electronics,15,372.69,217.86,5590.35,3267.9,2322.4500000000003,0.41543910488609836,2026-04
100683,2026-04-29,Spain,Europe,Monitor,Electronics,11,389.66,234.58,4286.26,2580.38,1705.88,0.3979879895293333,2026-04
104206,2026-04-29,India,Asia,Tablet,Electronics,12,418.91,299.59,5026.92,3595.08,1431.8400000000001,0.28483445131412477,2026-04
102992,2026-04-29,Canada,North America,Monitor,Electronics,4,341.03,224.33,1364.12,897.32,466.79999999999984,0.34219863355130037,2026-04
101041,2026-04-29,Japan,Asia,Mouse,Accessories,10,44.0,22.17,440.0,221.7,218.3,0.49613636363636365,2026-04
104128,2026-04-29,Australia,Australia & Oceania,Laptop,Electronics,4,901.45,685.56,3605.8,2742.24,863.5600000000004,0.23949192966886693,2026-04
101605,2026-04-29,Spain,Europe,Monitor,Electronics,15,326.32,230.79,4894.8,3461.85,1432.9500000000003,0.2927494483942143,2026-04
104614,2026-04-29,Italy,Europe,Monitor,Electronics,7,370.76,239.07,2595.32,1673.49,921.8300000000002,0.35518934081346426,2026-04
100204,2026-04-30,New Zealand,Australia & Oceania,Mouse,Accessories,2,50.17,24.7,100.34,49.4,50.940000000000005,0.5076739087103848,2026-04
103795,2026-04-30,Germany,Europe,Monitor,Electronics,10,373.0,243.54,3730.0,2435.4,1294.6,0.3470777479892761,2026-04
104265,2026-04-30,USA,North America,Tablet,Electronics,8,485.8,309.0,3886.4,2472.0,1414.4,0.36393577603952243,2026-04
101666,2026-04-30,New Zealand,Australia & Oceania,Laptop,Electronics,4,843.51,685.86,3374.04,2743.44,630.5999999999999,0.18689760643027348,2026-04
101856,2026-04-30,Spain,Europe,Smartwatch,Wearables,2,240.94,146.59,481.88,293.18,188.7,0.391591267535486,2026-04
101598,2026-04-30,Netherlands,Europe,Headphones,Accessories,3,112.92,67.04,338.76,201.12,137.64,0.4063053489195891,2026-04
100222,2026-04-30,South Korea,Asia,Headphones,Accessories,12,134.15,64.33,1609.8,771.96,837.8399999999999,0.5204621692135669,2026-04
103631,2026-04-30,Canada,North America,Tablet,Electronics,7,499.26,303.37,3494.82,2123.59,1371.23,0.3923606938268637,2026-04
101168,2026-05-01,South Korea,Asia,Keyboard,Accessories,12,64.67,39.0,776.04,468.0,308.03999999999996,0.3969383021493737,2026-05
100217,2026-05-01,UAE,Asia,Tablet,Electronics,10,479.06,325.03,4790.6,3250.3,1540.3000000000002,0.3215254874128502,2026-05
104914,2026-05-01,Spain,Europe,Mouse,Accessories,4,47.52,23.13,190.08,92.52,97.56000000000002,0.5132575757575758,2026-05
104380,2026-05-01,Singapore,Asia,Mouse,Accessories,8,42.37,24.79,338.96,198.32,140.64,0.4149162143025726,2026-05
104011,2026-05-01,Spain,Europe,Monitor,Electronics,9,387.47,244.61,3487.23,2201.49,1285.7400000000002,0.368699512220301,2026-05
100981,2026-05-01,UAE,Asia,Laptop,Electronics,14,890.23,621.52,12463.22,8701.28,3761.9399999999987,0.30184334385495876,2026-05
102520,2026-05-01,Canada,North America,Mouse,Accessories,7,48.51,24.3,339.57,170.1,169.47,0.49907235621521334,2026-05
103947,2026-05-01,Canada,North America,Keyboard,Accessories,9,65.41,37.68,588.69,339.12,249.57000000000005,0.42394129338021713,2026-05
100729,2026-05-01,Italy,Europe,Headphones,Accessories,3,131.62,69.52,394.86,208.56,186.3,0.47181279440814466,2026-05
103774,2026-05-02,USA,North America,Monitor,Electronics,12,324.32,238.09,3891.84,2857.08,1034.7600000000002,0.26587937839171194,2026-05
104287,2026-05-02,Australia,Australia & Oceania,Monitor,Electronics,14,350.97,239.64,4913.58,3354.96,1558.62,0.31720659885460295,2026-05
104938,2026-05-02,Singapore,Asia,Headphones,Accessories,13,133.78,73.53,1739.14,955.89,783.2500000000001,0.45036627298549864,2026-05
100040,2026-05-02,India,Asia,Mouse,Accessories,15,42.67,22.63,640.05,339.45,300.59999999999997,0.46965080853058355,2026-05
102377,2026-05-02,Germany,Europe,Mouse,Accessories,8,45.48,23.59,363.84,188.72,175.11999999999998,0.48131046613896217,2026-05
104417,2026-05-02,Singapore,Asia,Phone,Electronics,6,719.56,462.26,4317.36,2773.56,1543.7999999999997,0.35757963199733167,2026-05
101455,2026-05-02,France,Europe,Smartwatch,Wearables,13,216.8,137.26,2818.4,1784.38,1034.02,0.3668819188191882,2026-05
103534,2026-05-02,Italy,Europe,Laptop,Electronics,10,1003.51,631.01,10035.1,6310.1,3725.0,0.37119709818536933,2026-05
102529,2026-05-02,Netherlands,Europe,Tablet,Electronics,4,446.36,290.45,1785.44,1161.8,623.6400000000001,0.3492920512590734,2026-05
104597,2026-05-02,Mexico,North America,Tablet,Electronics,3,462.44,301.02,1387.32,903.06,484.26,0.3490614998702534,2026-05
100929,2026-05-02,Mexico,North America,Keyboard,Accessories,5,76.22,37.81,381.1,189.05,192.05,0.5039359748097613,2026-05
102772,2026-05-02,Germany,Europe,Tablet,Electronics,7,425.98,314.0,2981.86,2198.0,783.8600000000001,0.2628761913704869,2026-05
102822,2026-05-02,Germany,Europe,Headphones,Accessories,11,113.22,73.47,1245.42,808.17,437.2500000000001,0.3510863804981453,2026-05
100705,2026-05-02,UK,Europe,Phone,Electronics,8,588.4,465.45,4707.2,3723.6,983.5999999999999,0.20895649218218898,2026-05
104992,2026-05-03,South Korea,Asia,Keyboard,Accessories,2,78.24,39.27,156.48,78.54,77.93999999999998,0.4980828220858895,2026-05
104461,2026-05-03,South Korea,Asia,Monitor,Electronics,3,376.35,219.24,1129.05,657.72,471.3299999999999,0.41745715424471896,2026-05
104446,2026-05-03,New Zealand,Australia & Oceania,Tablet,Electronics,13,480.34,306.84,6244.42,3988.92,2255.5,0.3612024815755506,2026-05
101820,2026-05-03,UAE,Asia,Smartwatch,Wearables,4,208.99,132.25,835.96,529.0,306.96000000000004,0.3671946026125652,2026-05
104990,2026-05-03,Mexico,North America,Headphones,Accessories,15,121.64,73.63,1824.6,1104.45,720.1499999999999,0.39468924695823737,2026-05
103603,2026-05-03,Spain,Europe,Phone,Electronics,12,715.5,438.95,8586.0,5267.4,3318.6000000000004,0.38651292802236203,2026-05
103913,2026-05-03,UK,Europe,Keyboard,Accessories,7,69.11,38.89,483.77,272.23,211.53999999999996,0.43727391115612785,2026-05
103250,2026-05-03,Mexico,North America,Laptop,Electronics,13,945.02,629.54,12285.26,8184.02,4101.24,0.33383420456709906,2026-05
103858,2026-05-04,South Korea,Asia,Headphones,Accessories,2,132.24,73.0,264.48,146.0,118.48000000000002,0.4479733817301876,2026-05
103513,2026-05-04,New Zealand,Australia & Oceania,Keyboard,Accessories,1,64.44,37.78,64.44,37.78,26.659999999999997,0.4137181874612042,2026-05
103457,2026-05-04,Japan,Asia,Tablet,Electronics,14,480.85,308.7,6731.9,4321.8,2410.0999999999995,0.35801185400852653,2026-05
104616,2026-05-04,Netherlands,Europe,Mouse,Accessories,10,49.13,24.05,491.3,240.5,250.8,0.5104823936495013,2026-05
104034,2026-05-04,Australia,Australia & Oceania,Phone,Electronics,4,720.62,463.34,2882.48,1853.36,1029.1200000000001,0.35702589436873805,2026-05
100072,2026-05-04,France,Europe,Mouse,Accessories,2,43.62,23.8,87.24,47.6,39.63999999999999,0.4543787253553415,2026-05
102223,2026-05-04,Germany,Europe,Phone,Electronics,11,688.39,421.0,7572.29,4631.0,2941.29,0.38842807129679396,2026-05
103763,2026-05-04,Singapore,Asia,Monitor,Electronics,1,357.45,242.44,357.45,242.44,115.00999999999999,0.32175129388725693,2026-05
101370,2026-05-04,Germany,Europe,Headphones,Accessories,3,128.44,66.57,385.32,199.71,185.60999999999999,0.4817035191529118,2026-05
100308,2026-05-04,Singapore,Asia,Smartwatch,Wearables,15,213.13,132.41,3196.95,1986.15,1210.7999999999997,0.37873598273354286,2026-05
104037,2026-05-05,New Zealand,Australia & Oceania,Keyboard,Accessories,10,75.0,36.6,750.0,366.0,384.0,0.512,2026-05
100599,2026-05-05,Spain,Europe,Monitor,Electronics,1,338.37,226.96,338.37,226.96,111.41,0.329254957590803,2026-05
104017,2026-05-05,Australia,Australia & Oceania,Phone,Electronics,2,670.24,413.29,1340.48,826.58,513.9,0.3833701360706612,2026-05
100742,2026-05-05,UK,Europe,Monitor,Electronics,5,318.1,243.9,1590.5,1219.5,371.0,0.23325998113800692,2026-05
103375,2026-05-05,USA,North America,Tablet,Electronics,14,430.17,296.36,6022.38,4149.04,1873.3400000000001,0.31106306808936,2026-05
100319,2026-05-05,Spain,Europe,Keyboard,Accessories,7,69.12,40.26,483.84,281.82,202.01999999999998,0.4175347222222222,2026-05
101835,2026-05-05,Mexico,North America,Tablet,Electronics,14,412.58,332.56,5776.12,4655.84,1120.2799999999997,0.19395026419118713,2026-05
103716,2026-05-05,Italy,Europe,Smartwatch,Wearables,7,199.49,132.42,1396.43,926.94,469.49,0.3362073286881548,2026-05
103557,2026-05-06,Netherlands,Europe,Keyboard,Accessories,7,73.37,37.46,513.59,262.22,251.37,0.48943709963200216,2026-05
101552,2026-05-06,Canada,North America,Keyboard,Accessories,1,65.16,36.66,65.16,36.66,28.5,0.4373848987108656,2026-05
104101,2026-05-06,USA,North America,Smartwatch,Wearables,11,216.95,146.45,2386.45,1610.95,775.4999999999998,0.3249596681262963,2026-05
102347,2026-05-06,USA,North America,Mouse,Accessories,2,47.06,23.53,94.12,47.06,47.06,0.5,2026-05
103623,2026-05-06,Spain,Europe,Monitor,Electronics,11,339.99,247.33,3739.89,2720.63,1019.2599999999998,0.2725374275713991,2026-05
101541,2026-05-06,Canada,North America,Monitor,Electronics,9,359.86,243.91,3238.74,2195.19,1043.5499999999997,0.32220863669204686,2026-05
100036,2026-05-06,Canada,North America,Laptop,Electronics,8,902.86,666.91,7222.88,5335.28,1887.6000000000004,0.26133619830316995,2026-05
101185,2026-05-06,Italy,Europe,Monitor,Electronics,14,343.6,228.24,4810.4,3195.36,1615.0399999999995,0.33573923166472636,2026-05
100650,2026-05-06,UAE,Asia,Tablet,Electronics,5,479.9,332.07,2399.5,1660.35,739.1500000000001,0.3080433423629923,2026-05
102751,2026-05-06,Japan,Asia,Keyboard,Accessories,14,78.34,35.92,1096.76,502.88,593.88,0.541485830993107,2026-05
103023,2026-05-07,Canada,North America,Headphones,Accessories,2,125.96,72.32,251.92,144.64,107.28,0.4258494760241347,2026-05
104383,2026-05-07,South Korea,Asia,Keyboard,Accessories,3,71.11,35.85,213.33,107.55,105.78000000000002,0.4958514976796513,2026-05
100518,2026-05-07,USA,North America,Smartwatch,Wearables,14,214.97,138.87,3009.58,1944.18,1065.3999999999999,0.354002884123366,2026-05
103615,2026-05-07,South Korea,Asia,Monitor,Electronics,7,336.22,242.41,2353.54,1696.87,656.6700000000001,0.2790137410029148,2026-05
100122,2026-05-07,New Zealand,Australia & Oceania,Tablet,Electronics,2,454.23,294.68,908.46,589.36,319.1,0.35125377011646086,2026-05
100055,2026-05-07,UAE,Asia,Phone,Electronics,4,658.61,464.46,2634.44,1857.84,776.6000000000001,0.29478750702236534,2026-05
103276,2026-05-07,Canada,North America,Mouse,Accessories,10,44.35,22.69,443.5,226.9,216.6,0.4883878241262683,2026-05
103931,2026-05-07,Australia,Australia & Oceania,Smartwatch,Wearables,11,221.31,144.98,2434.41,1594.78,839.6299999999999,0.3449008178573042,2026-05
100164,2026-05-07,Singapore,Asia,Keyboard,Accessories,12,76.8,40.68,921.6,488.16,433.44,0.47031249999999997,2026-05
104850,2026-05-08,Spain,Europe,Tablet,Electronics,11,411.25,294.01,4523.75,3234.11,1289.6399999999999,0.2850820668693009,2026-05
104483,2026-05-08,South Korea,Asia,Keyboard,Accessories,2,76.11,35.74,152.22,71.48,80.74,0.5304165024306924,2026-05
100989,2026-05-08,France,Europe,Laptop,Electronics,2,824.24,624.72,1648.48,1249.44,399.03999999999996,0.2420654178394642,2026-05
103043,2026-05-08,Italy,Europe,Monitor,Electronics,4,319.21,242.59,1276.84,970.36,306.4799999999999,0.24003007424579426,2026-05
100761,2026-05-08,Netherlands,Europe,Monitor,Electronics,9,331.13,244.7,2980.17,2202.3,777.8699999999999,0.26101531120707877,2026-05
101655,2026-05-08,Netherlands,Europe,Phone,Electronics,11,632.68,425.25,6959.48,4677.75,2281.7299999999996,0.32785926534741094,2026-05
100297,2026-05-08,Mexico,North America,Headphones,Accessories,14,108.31,72.13,1516.34,1009.82,506.51999999999987,0.33404117809989836,2026-05
100121,2026-05-09,Canada,North America,Keyboard,Accessories,14,69.28,39.37,969.92,551.18,418.74,0.4317263279445728,2026-05
103961,2026-05-09,India,Asia,Headphones,Accessories,11,124.09,64.25,1364.99,706.75,658.24,0.48223063905230074,2026-05
104401,2026-05-09,Spain,Europe,Headphones,Accessories,6,132.58,71.92,795.48,431.52,363.96000000000004,0.4575350731633731,2026-05
102277,2026-05-09,Mexico,North America,Mouse,Accessories,2,47.26,21.72,94.52,43.44,51.08,0.5404147270418959,2026-05
100462,2026-05-09,Canada,North America,Monitor,Electronics,3,389.22,216.46,1167.66,649.38,518.2800000000001,0.4438620831406403,2026-05
101676,2026-05-09,France,Europe,Headphones,Accessories,11,111.11,73.11,1222.21,804.21,418.0,0.3420034200342003,2026-05
100512,2026-05-09,Singapore,Asia,Laptop,Electronics,3,996.96,597.0,2990.88,1791.0,1199.88,0.40117958594126146,2026-05
103735,2026-05-09,France,Europe,Keyboard,Accessories,13,77.68,36.37,1009.84,472.81,537.03,0.5317971163748713,2026-05
103853,2026-05-10,USA,North America,Phone,Electronics,7,617.58,414.77,4323.06,2903.39,1419.6700000000005,0.32839470190096837,2026-05
102866,2026-05-10,UAE,Asia,Laptop,Electronics,9,926.44,644.13,8337.96,5797.17,2540.789999999999,0.30472561633780915,2026-05
103208,2026-05-10,Mexico,North America,Phone,Electronics,10,655.54,458.97,6555.4,4589.7,1965.6999999999998,0.29985965768679257,2026-05
104609,2026-05-10,Australia,Australia & Oceania,Mouse,Accessories,9,45.65,24.34,410.85,219.06,191.79000000000002,0.46681270536692226,2026-05
103156,2026-05-10,USA,North America,Phone,Electronics,5,692.9,416.47,3464.5,2082.35,1382.15,0.39894645692019054,2026-05
100860,2026-05-10,UK,Europe,Keyboard,Accessories,15,64.16,37.25,962.4,558.75,403.65,0.41942019950124687,2026-05
104232,2026-05-10,UAE,Asia,Tablet,Electronics,2,472.27,314.26,944.54,628.52,316.02,0.33457556059034027,2026-05
102585,2026-05-10,South Korea,Asia,Laptop,Electronics,3,997.34,656.61,2992.02,1969.83,1022.19,0.3416387590992039,2026-05
100427,2026-05-10,India,Asia,Headphones,Accessories,3,131.61,73.01,394.83,219.03,175.79999999999998,0.445254919838918,2026-05
102233,2026-05-10,New Zealand,Australia & Oceania,Laptop,Electronics,7,958.7,599.49,6710.9,4196.43,2514.4699999999993,0.37468446855116294,2026-05
104130,2026-05-10,Netherlands,Europe,Monitor,Electronics,14,350.09,227.43,4901.26,3184.02,1717.2400000000002,0.3503670484732498,2026-05
103373,2026-05-10,Netherlands,Europe,Monitor,Electronics,8,348.31,241.69,2786.48,1933.52,852.96,0.306106629152192,2026-05
102505,2026-05-10,France,Europe,Mouse,Accessories,5,44.26,22.04,221.3,110.2,111.10000000000001,0.5020334387708992,2026-05
101692,2026-05-11,India,Asia,Keyboard,Accessories,7,75.6,38.3,529.2,268.1,261.1,0.4933862433862434,2026-05
100502,2026-05-11,Singapore,Asia,Mouse,Accessories,8,44.34,23.91,354.72,191.28,163.44000000000003,0.4607577807848444,2026-05
103492,2026-05-11,Canada,North America,Monitor,Electronics,2,356.28,238.28,712.56,476.56,235.99999999999994,0.3312001796339957,2026-05
103647,2026-05-11,South Korea,Asia,Laptop,Electronics,3,900.23,661.17,2700.69,1983.51,717.1800000000001,0.26555435833064883,2026-05
104273,2026-05-11,Germany,Europe,Tablet,Electronics,10,406.3,309.51,4063.0,3095.1,967.9000000000001,0.23822298793994587,2026-05
101938,2026-05-11,Canada,North America,Smartwatch,Wearables,14,222.89,132.99,3120.46,1861.86,1258.6000000000001,0.40333796940194716,2026-05
104369,2026-05-11,Netherlands,Europe,Monitor,Electronics,2,336.51,238.58,673.02,477.16,195.85999999999996,0.2910166116905886,2026-05
100771,2026-05-11,Italy,Europe,Smartwatch,Wearables,12,207.87,136.24,2494.44,1634.88,859.56,0.34459036898061285,2026-05
103654,2026-05-11,Italy,Europe,Mouse,Accessories,2,47.4,23.12,94.8,46.24,48.559999999999995,0.5122362869198311,2026-05
104035,2026-05-11,Netherlands,Europe,Laptop,Electronics,12,881.53,597.15,10578.36,7165.8,3412.5600000000004,0.32259820993046184,2026-05
102565,2026-05-11,UAE,Asia,Headphones,Accessories,9,109.67,69.99,987.03,629.91,357.12,0.3618127108598523,2026-05
103674,2026-05-11,Netherlands,Europe,Tablet,Electronics,10,480.41,327.97,4804.1,3279.7,1524.4000000000005,0.3173122957473825,2026-05
103088,2026-05-11,France,Europe,Tablet,Electronics,2,469.66,316.67,939.32,633.34,305.98,0.32574628454626753,2026-05
100470,2026-05-12,Australia,Australia & Oceania,Mouse,Accessories,14,48.32,22.7,676.48,317.8,358.68,0.5302152317880795,2026-05
101899,2026-05-12,Singapore,Asia,Smartwatch,Wearables,14,207.48,141.27,2904.72,1977.78,926.9399999999998,0.31911509543088484,2026-05
100005,2026-05-12,Netherlands,Europe,Tablet,Electronics,9,463.67,307.92,4173.03,2771.28,1401.7499999999995,0.33590700282528513,2026-05
104425,2026-05-12,Italy,Europe,Tablet,Electronics,3,489.52,311.73,1468.56,935.19,533.3699999999999,0.3631925151168491,2026-05
104502,2026-05-12,South Korea,Asia,Smartwatch,Wearables,2,214.56,133.27,429.12,266.54,162.57999999999998,0.3788683818046234,2026-05
102189,2026-05-12,Mexico,North America,Mouse,Accessories,11,41.32,24.75,454.52,272.25,182.26999999999998,0.4010164569215876,2026-05
102107,2026-05-12,New Zealand,Australia & Oceania,Monitor,Electronics,3,371.65,232.18,1114.95,696.54,418.4100000000001,0.37527243374142344,2026-05
100436,2026-05-12,Mexico,North America,Monitor,Electronics,13,326.61,238.04,4245.93,3094.52,1151.4100000000003,0.27117969443679013,2026-05
100844,2026-05-12,New Zealand,Australia & Oceania,Mouse,Accessories,2,42.34,23.75,84.68,47.5,37.18000000000001,0.4390647142182334,2026-05
103646,2026-05-12,France,Europe,Laptop,Electronics,1,910.14,653.32,910.14,653.32,256.81999999999994,0.28217636847078464,2026-05
100694,2026-05-12,Germany,Europe,Phone,Electronics,2,688.53,440.17,1377.06,880.34,496.7199999999999,0.36071049917941117,2026-05
101367,2026-05-12,Canada,North America,Keyboard,Accessories,4,69.4,35.86,277.6,143.44,134.16000000000003,0.48328530259366,2026-05
102632,2026-05-12,Canada,North America,Laptop,Electronics,8,895.45,684.36,7163.6,5474.88,1688.7200000000003,0.23573622201127928,2026-05
100954,2026-05-12,New Zealand,Australia & Oceania,Smartwatch,Wearables,2,233.83,132.39,467.66,264.78,202.88000000000005,0.43381944147457563,2026-05
101610,2026-05-13,Singapore,Asia,Monitor,Electronics,4,331.68,234.35,1326.72,937.4,389.32000000000005,0.29344548962855765,2026-05
101752,2026-05-13,Spain,Europe,Tablet,Electronics,4,482.52,292.9,1930.08,1171.6,758.48,0.3929785293873829,2026-05
101397,2026-05-13,South Korea,Asia,Keyboard,Accessories,1,65.47,35.99,65.47,35.99,29.479999999999997,0.4502825721704597,2026-05
100365,2026-05-13,Australia,Australia & Oceania,Headphones,Accessories,9,120.15,68.29,1081.35,614.61,466.7399999999999,0.43162713275072817,2026-05
104930,2026-05-13,Australia,Australia & Oceania,Headphones,Accessories,2,127.53,68.09,255.06,136.18,118.88,0.46608641104053944,2026-05
102744,2026-05-13,UK,Europe,Headphones,Accessories,5,126.23,65.84,631.15,329.2,301.95,0.4784124217697853,2026-05
104486,2026-05-13,Canada,North America,Headphones,Accessories,6,115.82,65.27,694.92,391.62,303.29999999999995,0.43645311690554306,2026-05
102690,2026-05-13,Singapore,Asia,Keyboard,Accessories,7,78.31,39.78,548.17,278.46,269.71,0.4920188992465841,2026-05
103596,2026-05-13,Mexico,North America,Phone,Electronics,13,703.9,408.73,9150.7,5313.49,3837.210000000001,0.41933513283136814,2026-05
103597,2026-05-13,Italy,Europe,Tablet,Electronics,4,489.11,325.55,1956.44,1302.2,654.24,0.33440330396025436,2026-05
102448,2026-05-14,Netherlands,Europe,Laptop,Electronics,15,876.26,668.27,13143.9,10024.05,3119.8500000000004,0.23736105722045972,2026-05
102757,2026-05-14,South Korea,Asia,Laptop,Electronics,3,965.79,629.97,2897.37,1889.91,1007.4599999999998,0.3477153418445003,2026-05
100014,2026-05-14,UK,Europe,Tablet,Electronics,1,430.48,300.06,430.48,300.06,130.42000000000002,0.3029641330607694,2026-05
101933,2026-05-14,India,Asia,Headphones,Accessories,12,108.92,72.16,1307.04,865.92,441.12,0.3374954094748439,2026-05
100434,2026-05-14,Netherlands,Europe,Headphones,Accessories,12,119.33,64.36,1431.96,772.32,659.64,0.4606553255677533,2026-05
102574,2026-05-14,Japan,Asia,Headphones,Accessories,14,128.55,64.63,1799.7,904.82,894.88,0.49723842862699336,2026-05
100220,2026-05-14,Mexico,North America,Smartwatch,Wearables,6,243.85,127.71,1463.1,766.26,696.8399999999999,0.4762763994258765,2026-05
102173,2026-05-14,France,Europe,Headphones,Accessories,5,123.49,65.25,617.45,326.25,291.20000000000005,0.4716171349906875,2026-05
104997,2026-05-14,Germany,Europe,Phone,Electronics,11,638.29,464.2,7021.19,5106.2,1914.9899999999998,0.2727443638471541,2026-05
104903,2026-05-14,Italy,Europe,Phone,Electronics,12,705.29,455.98,8463.48,5471.76,2991.7199999999993,0.353485800167307,2026-05
104855,2026-05-14,Canada,North America,Mouse,Accessories,12,41.77,24.79,501.24,297.48,203.76,0.40651185061048595,2026-05
102903,2026-05-14,Netherlands,Europe,Keyboard,Accessories,7,66.07,39.37,462.49,275.59,186.90000000000003,0.40411684576963836,2026-05
104317,2026-05-14,USA,North America,Mouse,Accessories,13,42.83,23.79,556.79,309.27,247.51999999999998,0.44454821386878357,2026-05
101010,2026-05-14,UAE,Asia,Smartwatch,Wearables,3,217.08,140.73,651.24,422.19,229.05,0.35171365395245996,2026-05
104251,2026-05-15,Japan,Asia,Tablet,Electronics,15,437.7,320.54,6565.5,4808.1,1757.3999999999996,0.26767192140735657,2026-05
100388,2026-05-15,UK,Europe,Smartwatch,Wearables,1,212.14,137.18,212.14,137.18,74.95999999999998,0.35335156029037423,2026-05
100082,2026-05-15,USA,North America,Keyboard,Accessories,6,77.54,39.3,465.24,235.8,229.44,0.4931648181583699,2026-05
100757,2026-05-15,Mexico,North America,Monitor,Electronics,15,378.78,248.47,5681.7,3727.05,1954.6499999999996,0.3440255557315592,2026-05
100808,2026-05-15,Australia,Australia & Oceania,Laptop,Electronics,4,939.45,616.12,3757.8,2464.48,1293.3200000000002,0.34416946085475547,2026-05
104975,2026-05-15,Spain,Europe,Mouse,Accessories,5,46.2,24.1,231.0,120.5,110.5,0.47835497835497837,2026-05
101525,2026-05-15,UAE,Asia,Headphones,Accessories,9,117.67,65.08,1059.03,585.72,473.30999999999995,0.4469278490694314,2026-05
102067,2026-05-15,UK,Europe,Mouse,Accessories,11,46.15,22.06,507.65,242.66,264.99,0.5219934994582882,2026-05
102838,2026-05-15,UK,Europe,Headphones,Accessories,10,127.85,69.41,1278.5,694.1,584.4,0.4570981619084865,2026-05
102100,2026-05-15,UAE,Asia,Mouse,Accessories,1,43.12,22.82,43.12,22.82,20.299999999999997,0.47077922077922074,2026-05
101008,2026-05-15,Canada,North America,Laptop,Electronics,15,830.48,686.82,12457.2,10302.3,2154.9000000000015,0.17298429823716416,2026-05
100857,2026-05-15,Germany,Europe,Laptop,Electronics,5,966.44,673.47,4832.2,3367.35,1464.85,0.3031434957162369,2026-05
104720,2026-05-15,New Zealand,Australia & Oceania,Smartwatch,Wearables,15,206.33,131.85,3094.95,1977.75,1117.1999999999998,0.3609751369165899,2026-05
103590,2026-05-16,UK,Europe,Headphones,Accessories,10,130.74,72.43,1307.4,724.3,583.1000000000001,0.44599969404925816,2026-05
100547,2026-05-16,UK,Europe,Laptop,Electronics,10,886.11,596.56,8861.1,5965.6,2895.5,0.32676530001918497,2026-05
103522,2026-05-16,Japan,Asia,Keyboard,Accessories,4,76.15,38.22,304.6,152.88,151.72000000000003,0.4980958634274459,2026-05
101146,2026-05-16,Australia,Australia & Oceania,Tablet,Electronics,7,426.63,302.9,2986.41,2120.3,866.1099999999997,0.29001711084546317,2026-05
100573,2026-05-16,Singapore,Asia,Tablet,Electronics,5,416.95,294.56,2084.75,1472.8,611.95,0.2935363952512292,2026-05
104496,2026-05-16,USA,North America,Keyboard,Accessories,8,72.94,38.24,583.52,305.92,277.59999999999997,0.4757334795722511,2026-05
103229,2026-05-16,UK,Europe,Phone,Electronics,4,676.28,466.64,2705.12,1866.56,838.56,0.3099899449931981,2026-05
100690,2026-05-16,Italy,Europe,Monitor,Electronics,15,322.6,238.18,4839.0,3572.7,1266.3000000000002,0.26168629882207073,2026-05
101139,2026-05-16,Singapore,Asia,Laptop,Electronics,14,932.34,640.02,13052.76,8960.28,4092.4799999999996,0.313533689426604,2026-05
101303,2026-05-16,Germany,Europe,Headphones,Accessories,4,129.86,64.21,519.44,256.84,262.6000000000001,0.5055444324657324,2026-05
103925,2026-05-16,New Zealand,Australia & Oceania,Laptop,Electronics,9,865.22,623.99,7786.98,5615.91,2171.0699999999997,0.27880770208733036,2026-05
100848,2026-05-16,Australia,Australia & Oceania,Keyboard,Accessories,14,67.18,35.84,940.52,501.76,438.76,0.46650788925275377,2026-05
102406,2026-05-17,USA,North America,Tablet,Electronics,6,497.37,321.1,2984.22,1926.6,1057.62,0.3544041659127008,2026-05
103859,2026-05-17,India,Asia,Laptop,Electronics,4,847.85,664.7,3391.4,2658.8,732.5999999999999,0.21601698413634485,2026-05
104615,2026-05-17,Spain,Europe,Monitor,Electronics,8,377.8,236.88,3022.4,1895.04,1127.3600000000001,0.37300158814187406,2026-05
100938,2026-05-17,Australia,Australia & Oceania,Mouse,Accessories,3,41.94,22.06,125.82,66.18,59.639999999999986,0.4740104911778731,2026-05
101934,2026-05-17,Canada,North America,Tablet,Electronics,4,474.37,297.11,1897.48,1188.44,709.04,0.3736745578346017,2026-05
104379,2026-05-17,France,Europe,Laptop,Electronics,13,939.66,674.9,12215.58,8773.7,3441.879999999999,0.28176148819785873,2026-05
101178,2026-05-17,France,Europe,Smartwatch,Wearables,13,232.69,139.47,3024.97,1813.11,1211.86,0.4006188491125532,2026-05
104137,2026-05-17,Canada,North America,Phone,Electronics,15,659.74,440.8,9896.1,6612.0,3284.1000000000004,0.3318580046685058,2026-05
100878,2026-05-17,USA,North America,Mouse,Accessories,1,43.45,24.48,43.45,24.48,18.970000000000002,0.4365937859608746,2026-05
103780,2026-05-17,Australia,Australia & Oceania,Laptop,Electronics,15,874.18,670.87,13112.7,10063.05,3049.6500000000015,0.23257223912695335,2026-05
101613,2026-05-18,UAE,Asia,Tablet,Electronics,7,493.54,310.18,3454.78,2171.26,1283.52,0.37152003890262186,2026-05
102184,2026-05-18,Netherlands,Europe,Keyboard,Accessories,9,66.57,39.89,599.13,359.01,240.12,0.4007811326423314,2026-05
102407,2026-05-18,UAE,Asia,Phone,Electronics,4,693.07,468.07,2772.28,1872.28,900.0000000000002,0.3246425325003247,2026-05
104488,2026-05-18,Japan,Asia,Phone,Electronics,2,587.62,406.86,1175.24,813.72,361.52,0.30761376399714097,2026-05
104351,2026-05-18,USA,North America,Smartwatch,Wearables,9,246.23,142.55,2216.07,1282.95,933.1200000000001,0.42106973155180116,2026-05
104117,2026-05-18,New Zealand,Australia & Oceania,Keyboard,Accessories,7,72.36,40.49,506.52,283.43,223.08999999999997,0.44043670536207846,2026-05
102968,2026-05-18,Singapore,Asia,Headphones,Accessories,11,115.52,70.35,1270.72,773.85,496.87,0.39101454293628807,2026-05
102576,2026-05-18,Mexico,North America,Keyboard,Accessories,6,71.57,40.34,429.42,242.04,187.38000000000002,0.4363560150901216,2026-05
103310,2026-05-18,Singapore,Asia,Tablet,Electronics,11,462.91,316.61,5092.01,3482.71,1609.3000000000002,0.31604415545138365,2026-05
101816,2026-05-18,New Zealand,Australia & Oceania,Keyboard,Accessories,9,75.05,38.7,675.45,348.3,327.15000000000003,0.48434377081945373,2026-05
100016,2026-05-19,Italy,Europe,Laptop,Electronics,4,891.45,602.6,3565.8,2410.4,1155.4,0.32402265971170563,2026-05
100646,2026-05-19,Australia,Australia & Oceania,Mouse,Accessories,15,46.83,23.24,702.45,348.6,353.85,0.5037369207772795,2026-05
102055,2026-05-19,Mexico,North America,Tablet,Electronics,7,494.86,295.66,3464.02,2069.62,1394.4,0.4025380915814574,2026-05
104226,2026-05-19,Canada,North America,Headphones,Accessories,11,120.68,68.59,1327.48,754.49,572.99,0.43163738813390784,2026-05
101461,2026-05-19,UAE,Asia,Laptop,Electronics,12,963.67,603.99,11564.04,7247.88,4316.160000000001,0.3732398020069111,2026-05
101264,2026-05-19,India,Asia,Laptop,Electronics,1,849.47,665.29,849.47,665.29,184.18000000000006,0.2168175450575065,2026-05
103024,2026-05-19,South Korea,Asia,Laptop,Electronics,14,831.48,600.51,11640.72,8407.14,3233.58,0.2777817866936066,2026-05
101409,2026-05-19,Singapore,Asia,Keyboard,Accessories,5,72.32,37.38,361.6,186.9,174.70000000000002,0.4831305309734513,2026-05
101205,2026-05-20,South Korea,Asia,Headphones,Accessories,2,109.48,69.42,218.96,138.84,80.12,0.365911582024114,2026-05
103141,2026-05-20,UAE,Asia,Phone,Electronics,6,724.65,467.53,4347.9,2805.18,1542.7199999999998,0.3548195680673428,2026-05
104280,2026-05-20,UAE,Asia,Headphones,Accessories,10,114.23,66.9,1142.3,669.0,473.29999999999995,0.4143394905016195,2026-05
102848,2026-05-20,UK,Europe,Headphones,Accessories,12,108.25,73.17,1299.0,878.04,420.96000000000004,0.3240646651270208,2026-05
102336,2026-05-20,UAE,Asia,Headphones,Accessories,5,123.22,64.4,616.1,322.0,294.1,0.47735757182275607,2026-05
103494,2026-05-20,Australia,Australia & Oceania,Mouse,Accessories,8,47.46,24.08,379.68,192.64,187.04000000000002,0.4926253687315635,2026-05
102677,2026-05-20,India,Asia,Keyboard,Accessories,15,77.01,39.95,1155.15,599.25,555.9000000000001,0.48123620309050774,2026-05
103005,2026-05-20,India,Asia,Keyboard,Accessories,8,64.79,37.39,518.32,299.12,219.20000000000005,0.42290476925451465,2026-05
100592,2026-05-21,Mexico,North America,Laptop,Electronics,15,921.41,656.16,13821.15,9842.4,3978.75,0.28787401916627775,2026-05
104838,2026-05-21,UAE,Asia,Keyboard,Accessories,10,75.48,40.27,754.8,402.7,352.09999999999997,0.4664811870694223,2026-05
102135,2026-05-21,Canada,North America,Tablet,Electronics,9,479.5,293.91,4315.5,2645.19,1670.31,0.3870490093847758,2026-05
102327,2026-05-21,Mexico,North America,Mouse,Accessories,9,43.46,23.29,391.14,209.61,181.52999999999997,0.46410492406810855,2026-05
104562,2026-05-21,Germany,Europe,Smartwatch,Wearables,14,207.81,138.11,2909.34,1933.54,975.8000000000002,0.3354025311582696,2026-05
102231,2026-05-22,Mexico,North America,Monitor,Electronics,2,342.96,233.26,685.92,466.52,219.39999999999998,0.319862374620947,2026-05
100728,2026-05-22,Canada,North America,Smartwatch,Wearables,6,207.92,133.95,1247.52,803.7,443.81999999999994,0.35576183147364365,2026-05
104255,2026-05-22,UK,Europe,Laptop,Electronics,7,842.34,653.68,5896.38,4575.76,1320.62,0.22397131799510883,2026-05
103110,2026-05-22,Mexico,North America,Phone,Electronics,2,666.88,455.71,1333.76,911.42,422.34000000000003,0.3166536708253359,2026-05
101860,2026-05-22,Mexico,North America,Monitor,Electronics,8,379.92,220.14,3039.36,1761.12,1278.2400000000002,0.4205622236260266,2026-05
101993,2026-05-22,USA,North America,Tablet,Electronics,11,407.62,290.92,4483.82,3200.12,1283.6999999999998,0.28629606005593444,2026-05
100697,2026-05-22,Germany,Europe,Monitor,Electronics,7,383.4,226.8,2683.8,1587.6,1096.2000000000003,0.4084507042253522,2026-05
101932,2026-05-22,India,Asia,Smartwatch,Wearables,9,236.6,133.27,2129.4,1199.43,929.97,0.43672865595942517,2026-05
101952,2026-05-22,Netherlands,Europe,Keyboard,Accessories,8,76.34,36.21,610.72,289.68,321.04,0.5256746135708672,2026-05
102937,2026-05-22,Canada,North America,Tablet,Electronics,4,430.23,292.84,1720.92,1171.36,549.5600000000002,0.3193408177021594,2026-05
100343,2026-05-22,Spain,Europe,Tablet,Electronics,3,450.17,317.59,1350.51,952.77,397.74,0.29451096252526826,2026-05
100277,2026-05-22,Mexico,North America,Headphones,Accessories,5,108.36,65.91,541.8,329.55,212.24999999999994,0.3917497231450719,2026-05
103525,2026-05-23,Spain,Europe,Tablet,Electronics,9,437.16,332.5,3934.44,2992.5,941.94,0.23940891206880777,2026-05
103746,2026-05-23,France,Europe,Headphones,Accessories,2,112.77,73.18,225.54,146.36,79.17999999999998,0.3510685465992728,2026-05
100396,2026-05-23,New Zealand,Australia & Oceania,Mouse,Accessories,7,43.02,22.69,301.14,158.83,142.30999999999997,0.4725708972570897,2026-05
102568,2026-05-23,Netherlands,Europe,Phone,Electronics,14,722.95,409.25,10121.3,5729.5,4391.799999999999,0.43391659174216746,2026-05
104089,2026-05-23,Mexico,North America,Smartwatch,Wearables,5,205.69,131.78,1028.45,658.9,369.55000000000007,0.3593271427876903,2026-05
103713,2026-05-23,USA,North America,Laptop,Electronics,11,980.69,663.28,10787.59,7296.08,3491.51,0.3236598721308467,2026-05
100310,2026-05-23,Germany,Europe,Keyboard,Accessories,10,72.07,38.07,720.7,380.7,340.00000000000006,0.4717635632024421,2026-05
101623,2026-05-23,India,Asia,Laptop,Electronics,11,902.72,602.57,9929.92,6628.27,3301.6499999999996,0.3324951258419,2026-05
100033,2026-05-24,Netherlands,Europe,Phone,Electronics,2,699.39,461.99,1398.78,923.98,474.79999999999995,0.33943865368392456,2026-05
103739,2026-05-24,USA,North America,Laptop,Electronics,15,854.63,660.49,12819.45,9907.35,2912.1000000000004,0.22716263178217475,2026-05
101207,2026-05-24,Mexico,North America,Smartwatch,Wearables,11,200.55,129.87,2206.05,1428.57,777.4800000000002,0.3524308152580405,2026-05
100520,2026-05-24,France,Europe,Phone,Electronics,6,668.73,428.04,4012.38,2568.24,1444.1400000000003,0.3599210443676821,2026-05
101351,2026-05-24,Australia,Australia & Oceania,Phone,Electronics,10,708.24,455.9,7082.4,4559.0,2523.3999999999996,0.3562916525471591,2026-05
104839,2026-05-24,Netherlands,Europe,Phone,Electronics,9,694.77,454.91,6252.93,4094.19,2158.7400000000002,0.3452365531039049,2026-05
101012,2026-05-24,Australia,Australia & Oceania,Keyboard,Accessories,12,70.62,39.98,847.44,479.76,367.68000000000006,0.43387142452563016,2026-05
101356,2026-05-24,Australia,Australia & Oceania,Smartwatch,Wearables,3,211.77,141.75,635.31,425.25,210.05999999999995,0.33064173395665103,2026-05
103862,2026-05-24,USA,North America,Smartwatch,Wearables,12,233.19,139.26,2798.28,1671.12,1127.1600000000003,0.4028045799562589,2026-05
101489,2026-05-24,South Korea,Asia,Smartwatch,Wearables,10,217.29,137.07,2172.9,1370.7,802.2,0.36918403976252934,2026-05
103838,2026-05-24,Spain,Europe,Phone,Electronics,1,698.31,435.1,698.31,435.1,263.2099999999999,0.3769242886397158,2026-05
102858,2026-05-24,Spain,Europe,Monitor,Electronics,11,381.03,227.03,4191.33,2497.33,1694.0,0.40416765084114115,2026-05
100919,2026-05-24,USA,North America,Smartwatch,Wearables,12,202.81,129.93,2433.72,1559.16,874.5599999999997,0.35935111680883575,2026-05
100006,2026-05-24,Spain,Europe,Monitor,Electronics,14,353.11,233.66,4943.54,3271.24,1672.3000000000002,0.3382798561354819,2026-05
102711,2026-05-24,Canada,North America,Headphones,Accessories,10,125.04,65.11,1250.4,651.1,599.3000000000001,0.47928662827895074,2026-05
103691,2026-05-24,USA,North America,Smartwatch,Wearables,6,217.6,140.29,1305.6,841.74,463.8599999999999,0.3552849264705882,2026-05
102033,2026-05-24,UAE,Asia,Tablet,Electronics,7,469.74,304.5,3288.18,2131.5,1156.6799999999998,0.3517690637373866,2026-05
104513,2026-05-25,Italy,Europe,Phone,Electronics,2,712.17,433.47,1424.34,866.94,557.3999999999999,0.39133914655208724,2026-05
101670,2026-05-25,Mexico,North America,Smartwatch,Wearables,13,244.05,134.97,3172.65,1754.61,1418.0400000000002,0.44695759065765217,2026-05
100625,2026-05-25,USA,North America,Keyboard,Accessories,8,67.31,37.02,538.48,296.16,242.32,0.4500074283167434,2026-05
103221,2026-05-25,UAE,Asia,Monitor,Electronics,13,377.71,232.35,4910.23,3020.55,1889.6799999999994,0.3848455164014719,2026-05
102583,2026-05-26,South Korea,Asia,Smartwatch,Wearables,14,240.16,144.39,3362.24,2021.46,1340.7799999999997,0.3987758161225849,2026-05
101790,2026-05-26,Singapore,Asia,Monitor,Electronics,8,340.09,226.44,2720.72,1811.52,909.1999999999998,0.33417624746390656,2026-05
101405,2026-05-26,USA,North America,Mouse,Accessories,14,41.19,24.1,576.66,337.4,239.26,0.4149065307113377,2026-05
102758,2026-05-26,Australia,Australia & Oceania,Phone,Electronics,7,717.06,464.31,5019.42,3250.17,1769.25,0.3524809639360723,2026-05
104437,2026-05-26,Japan,Asia,Mouse,Accessories,15,44.18,23.45,662.7,351.75,310.95000000000005,0.4692168401991852,2026-05
102003,2026-05-26,New Zealand,Australia & Oceania,Smartwatch,Wearables,15,216.35,131.11,3245.25,1966.65,1278.6,0.39399121793390335,2026-05
101025,2026-05-26,New Zealand,Australia & Oceania,Phone,Electronics,7,649.66,440.79,4547.62,3085.53,1462.0899999999997,0.32150663423944825,2026-05
100103,2026-05-27,Netherlands,Europe,Headphones,Accessories,4,126.05,65.7,504.2,262.8,241.39999999999998,0.47877826259420864,2026-05
102954,2026-05-27,Japan,Asia,Tablet,Electronics,5,429.33,319.02,2146.65,1595.1,551.5500000000002,0.2569352246523654,2026-05
103079,2026-05-27,France,Europe,Mouse,Accessories,10,48.6,23.37,486.0,233.7,252.3,0.5191358024691358,2026-05
104829,2026-05-27,Netherlands,Europe,Headphones,Accessories,5,119.41,69.0,597.05,345.0,252.04999999999995,0.42215894816179544,2026-05
102132,2026-05-27,Germany,Europe,Smartwatch,Wearables,6,225.36,146.36,1352.16,878.16,474.0000000000001,0.3505502307419241,2026-05
103460,2026-05-27,Canada,North America,Mouse,Accessories,12,48.69,24.17,584.28,290.04,294.23999999999995,0.5035941671801191,2026-05
101182,2026-05-27,India,Asia,Monitor,Electronics,4,341.6,230.72,1366.4,922.88,443.5200000000001,0.3245901639344263,2026-05
101719,2026-05-27,New Zealand,Australia & Oceania,Tablet,Electronics,8,499.96,325.84,3999.68,2606.72,1392.96,0.34826786142891436,2026-05
104958,2026-05-27,Mexico,North America,Headphones,Accessories,3,124.29,64.44,372.87,193.32,179.55,0.4815351194786387,2026-05
101827,2026-05-27,Netherlands,Europe,Tablet,Electronics,7,497.79,318.52,3484.53,2229.64,1254.8900000000003,0.36013178247855526,2026-05
100976,2026-05-28,France,Europe,Headphones,Accessories,10,110.13,67.34,1101.3,673.4,427.9,0.3885408153999818,2026-05
101793,2026-05-28,India,Asia,Phone,Electronics,6,616.25,440.02,3697.5,2640.12,1057.38,0.2859716024340771,2026-05
104499,2026-05-28,Netherlands,Europe,Phone,Electronics,1,687.49,438.57,687.49,438.57,248.92000000000002,0.36207072102866955,2026-05
100363,2026-05-28,India,Asia,Mouse,Accessories,13,43.05,24.13,559.65,313.69,245.95999999999998,0.4394889663182346,2026-05
101881,2026-05-28,Mexico,North America,Monitor,Electronics,10,365.48,223.32,3654.8,2233.2,1421.6000000000004,0.3889679325818103,2026-05
100788,2026-05-28,Singapore,Asia,Mouse,Accessories,10,42.65,24.16,426.5,241.6,184.9,0.43352872215709265,2026-05
100527,2026-05-28,UAE,Asia,Laptop,Electronics,1,971.33,646.5,971.33,646.5,324.83000000000004,0.3344177570959406,2026-05
104986,2026-05-28,France,Europe,Smartwatch,Wearables,6,240.7,142.24,1444.2,853.44,590.76,0.40905691732447025,2026-05
100963,2026-05-28,France,Europe,Smartwatch,Wearables,6,241.85,135.26,1451.1,811.56,639.54,0.44072772379574116,2026-05
103199,2026-05-29,UK,Europe,Monitor,Electronics,8,359.41,227.66,2875.28,1821.28,1054.0000000000002,0.36657299463008824,2026-05
104714,2026-05-29,Canada,North America,Tablet,Electronics,11,414.83,290.0,4563.13,3190.0,1373.13,0.30091844852108096,2026-05
103983,2026-05-29,Italy,Europe,Keyboard,Accessories,8,71.1,39.27,568.8,314.16,254.63999999999993,0.4476793248945147,2026-05
103403,2026-05-29,Australia,Australia & Oceania,Smartwatch,Wearables,4,201.01,132.23,804.04,528.92,275.12,0.3421720312422268,2026-05
101586,2026-05-29,Netherlands,Europe,Phone,Electronics,7,617.31,450.38,4321.17,3152.66,1168.5100000000002,0.2704151884790462,2026-05
103152,2026-05-29,France,Europe,Tablet,Electronics,12,460.96,311.38,5531.52,3736.56,1794.9600000000005,0.3244967025338425,2026-05
102236,2026-05-29,UAE,Asia,Headphones,Accessories,14,118.66,72.48,1661.24,1014.72,646.52,0.3891791673689533,2026-05
104823,2026-05-29,UAE,Asia,Smartwatch,Wearables,10,206.32,140.32,2063.2,1403.2,659.9999999999998,0.31989143078712673,2026-05
102265,2026-05-30,Mexico,North America,Smartwatch,Wearables,6,210.12,130.17,1260.72,781.02,479.70000000000005,0.38049685893774987,2026-05
100551,2026-05-30,South Korea,Asia,Monitor,Electronics,1,380.24,248.41,380.24,248.41,131.83,0.3467020828950137,2026-05
104182,2026-05-30,USA,North America,Headphones,Accessories,1,112.14,68.46,112.14,68.46,43.68000000000001,0.3895131086142323,2026-05
101258,2026-05-30,Singapore,Asia,Headphones,Accessories,4,108.46,72.77,433.84,291.08,142.76,0.3290614051263138,2026-05
100362,2026-05-30,Mexico,North America,Laptop,Electronics,15,968.15,617.53,14522.25,9262.95,5259.299999999999,0.362154624799876,2026-05
104288,2026-05-30,Japan,Asia,Smartwatch,Wearables,7,216.98,135.55,1518.86,948.85,570.0099999999999,0.3752880449811042,2026-05
101322,2026-05-30,UK,Europe,Laptop,Electronics,15,910.52,619.86,13657.8,9297.9,4359.9,0.319224179589685,2026-05
103136,2026-05-31,Canada,North America,Monitor,Electronics,5,364.93,247.59,1824.65,1237.95,586.7,0.3215411174745842,2026-05
102145,2026-05-31,Singapore,Asia,Mouse,Accessories,13,41.92,23.81,544.96,309.53,235.43000000000006,0.43201335877862607,2026-05
102512,2026-05-31,New Zealand,Australia & Oceania,Laptop,Electronics,13,1005.49,653.02,13071.37,8489.26,4582.110000000001,0.3505455051765806,2026-05
104501,2026-05-31,UAE,Asia,Monitor,Electronics,4,335.96,218.85,1343.84,875.4,468.43999999999994,0.3485831646624598,2026-05
100835,2026-05-31,Singapore,Asia,Laptop,Electronics,1,900.61,640.09,900.61,640.09,260.52,0.28927060547850897,2026-05
102036,2026-05-31,South Korea,Asia,Phone,Electronics,11,644.46,446.29,7089.06,4909.19,2179.870000000001,0.3074977500543091,2026-05
101619,2026-05-31,Japan,Asia,Laptop,Electronics,1,930.69,646.58,930.69,646.58,284.11,0.3052681343949113,2026-05
104500,2026-05-31,Japan,Asia,Phone,Electronics,13,710.31,452.12,9234.03,5877.56,3356.4700000000003,0.36348918078022274,2026-05
100993,2026-05-31,Spain,Europe,Phone,Electronics,10,648.68,463.23,6486.8,4632.3,1854.5,0.28588826540050566,2026-05
100554,2026-05-31,South Korea,Asia,Smartwatch,Wearables,5,217.65,129.8,1088.25,649.0,439.25,0.40362968067999083,2026-05
103738,2026-05-31,USA,North America,Monitor,Electronics,13,339.06,246.02,4407.78,3198.26,1209.5199999999995,0.2744057099038517,2026-05
100404,2026-05-31,Mexico,North America,Headphones,Accessories,15,130.6,69.03,1959.0,1035.45,923.55,0.47143950995405814,2026-05
102140,2026-05-31,New Zealand,Australia & Oceania,Keyboard,Accessories,5,66.83,36.46,334.15,182.3,151.84999999999997,0.45443663025587305,2026-05
103569,2026-06-01,Canada,North America,Monitor,Electronics,8,339.76,215.85,2718.08,1726.8,991.28,0.3646986107840829,2026-06
104261,2026-06-01,UK,Europe,Monitor,Electronics,13,338.98,233.38,4406.74,3033.94,1372.7999999999997,0.3115228037052333,2026-06
102420,2026-06-01,Singapore,Asia,Phone,Electronics,13,587.09,463.69,7632.17,6027.97,1604.1999999999998,0.2101892384472568,2026-06
104722,2026-06-01,Italy,Europe,Phone,Electronics,14,689.95,433.4,9659.3,6067.6,3591.699999999999,0.3718385390245669,2026-06
104123,2026-06-01,Canada,North America,Mouse,Accessories,15,46.0,22.6,690.0,339.0,351.0,0.508695652173913,2026-06
102188,2026-06-01,Canada,North America,Smartwatch,Wearables,7,223.67,143.91,1565.69,1007.37,558.32,0.3565967720302231,2026-06
101981,2026-06-01,Spain,Europe,Keyboard,Accessories,3,75.55,37.13,226.65,111.39,115.26,0.5085373924553276,2026-06
100640,2026-06-01,Japan,Asia,Phone,Electronics,4,658.12,414.43,2632.48,1657.72,974.76,0.37028201543791406,2026-06
100210,2026-06-01,Italy,Europe,Headphones,Accessories,5,113.0,64.79,565.0,323.95,241.05,0.4266371681415929,2026-06
104832,2026-06-01,Canada,North America,Monitor,Electronics,2,374.14,229.28,748.28,458.56,289.71999999999997,0.38718126904367345,2026-06
104970,2026-06-01,Singapore,Asia,Phone,Electronics,6,714.47,429.75,4286.82,2578.5,1708.3199999999997,0.39850518566209914,2026-06
103133,2026-06-01,New Zealand,Australia & Oceania,Phone,Electronics,7,595.88,416.44,4171.16,2915.08,1256.08,0.3011344566020004,2026-06
100218,2026-06-01,Canada,North America,Smartwatch,Wearables,2,208.73,146.56,417.46,293.12,124.33999999999997,0.2978488957025822,2026-06
103187,2026-06-01,India,Asia,Smartwatch,Wearables,14,213.32,141.88,2986.48,1986.32,1000.1600000000001,0.33489593099568726,2026-06
103130,2026-06-01,Mexico,North America,Keyboard,Accessories,7,69.09,36.88,483.63,258.16,225.46999999999997,0.46620350267766675,2026-06
104409,2026-06-01,UAE,Asia,Tablet,Electronics,14,496.16,307.89,6946.24,4310.46,2635.7799999999997,0.3794542083198968,2026-06
104419,2026-06-01,Japan,Asia,Monitor,Electronics,9,365.73,225.66,3291.57,2030.94,1260.63,0.38298744975801824,2026-06
104898,2026-06-02,UK,Europe,Monitor,Electronics,10,390.93,233.2,3909.3,2332.0,1577.3000000000002,0.4034737676821938,2026-06
103879,2026-06-02,India,Asia,Keyboard,Accessories,9,70.72,40.64,636.48,365.76,270.72,0.42533936651583715,2026-06
102854,2026-06-02,Australia,Australia & Oceania,Phone,Electronics,9,634.95,410.52,5714.55,3694.68,2019.8700000000003,0.3534609024332625,2026-06
101005,2026-06-02,Canada,North America,Keyboard,Accessories,14,72.71,39.3,1017.94,550.2,467.74,0.45949663044973177,2026-06
102314,2026-06-02,USA,North America,Mouse,Accessories,8,41.14,23.06,329.12,184.48,144.64000000000001,0.4394749635391347,2026-06
104672,2026-06-02,New Zealand,Australia & Oceania,Smartwatch,Wearables,6,211.38,140.74,1268.28,844.44,423.8399999999999,0.3341848803103415,2026-06
101495,2026-06-02,Canada,North America,Monitor,Electronics,9,334.33,221.4,3008.97,1992.6,1016.3699999999999,0.3377800376873149,2026-06
101781,2026-06-02,Germany,Europe,Headphones,Accessories,13,127.59,72.44,1658.67,941.72,716.95,0.4322439062622463,2026-06
104575,2026-06-02,Mexico,North America,Laptop,Electronics,2,944.18,651.26,1888.36,1302.52,585.8399999999999,0.31023745472261643,2026-06
103599,2026-06-02,India,Asia,Laptop,Electronics,5,879.8,661.64,4399.0,3308.2,1090.8000000000002,0.24796544669243015,2026-06
102155,2026-06-02,France,Europe,Tablet,Electronics,9,442.26,297.21,3980.34,2674.89,1305.4500000000003,0.32797449464116135,2026-06
102197,2026-06-02,Singapore,Asia,Phone,Electronics,2,602.05,427.0,1204.1,854.0,350.0999999999999,0.2907565816792625,2026-06
102603,2026-06-03,Canada,North America,Mouse,Accessories,9,48.41,23.24,435.69,209.16,226.53,0.519933897954968,2026-06
103243,2026-06-03,Japan,Asia,Tablet,Electronics,8,416.0,309.25,3328.0,2474.0,854.0,0.2566105769230769,2026-06
102204,2026-06-03,Spain,Europe,Smartwatch,Wearables,3,226.51,137.82,679.53,413.46,266.07,0.39155004194075316,2026-06
102257,2026-06-03,UAE,Asia,Tablet,Electronics,7,433.97,293.64,3037.79,2055.48,982.31,0.3233633661312994,2026-06
102114,2026-06-03,New Zealand,Australia & Oceania,Keyboard,Accessories,5,78.4,37.78,392.0,188.9,203.1,0.5181122448979592,2026-06
101073,2026-06-03,UK,Europe,Phone,Electronics,1,659.62,411.26,659.62,411.26,248.36,0.3765198144386162,2026-06
104436,2026-06-03,Spain,Europe,Mouse,Accessories,10,46.88,22.59,468.8,225.9,242.9,0.5181313993174061,2026-06
100958,2026-06-03,UK,Europe,Headphones,Accessories,6,114.42,71.01,686.52,426.06,260.46,0.3793917147351861,2026-06
104867,2026-06-03,Singapore,Asia,Tablet,Electronics,8,475.31,333.62,3802.48,2668.96,1133.52,0.29810018724621823,2026-06
101671,2026-06-04,India,Asia,Phone,Electronics,9,687.15,414.75,6184.35,3732.75,2451.6000000000004,0.39641999563414104,2026-06
100101,2026-06-04,UK,Europe,Mouse,Accessories,4,41.96,23.6,167.84,94.4,73.44,0.4375595805529075,2026-06
102902,2026-06-04,USA,North America,Laptop,Electronics,9,857.26,673.92,7715.34,6065.28,1650.0600000000004,0.21386743811679076,2026-06
100541,2026-06-04,New Zealand,Australia & Oceania,Headphones,Accessories,10,116.92,65.37,1169.2,653.7,515.5,0.4408997605200137,2026-06
102274,2026-06-04,Canada,North America,Mouse,Accessories,3,40.83,23.86,122.49,71.58,50.91,0.4156257653686015,2026-06
102704,2026-06-04,Germany,Europe,Mouse,Accessories,9,47.32,22.09,425.88,198.81,227.07,0.533178360101437,2026-06
104740,2026-06-04,Mexico,North America,Mouse,Accessories,8,43.38,23.7,347.04,189.6,157.44000000000003,0.45366528354080227,2026-06
101872,2026-06-04,Italy,Europe,Laptop,Electronics,3,976.72,648.93,2930.16,1946.79,983.3699999999999,0.3356028339749365,2026-06
103852,2026-06-04,Netherlands,Europe,Monitor,Electronics,2,336.55,230.12,673.1,460.24,212.86,0.3162383004011291,2026-06
101382,2026-06-04,Singapore,Asia,Laptop,Electronics,15,896.6,685.29,13449.0,10279.35,3169.6499999999996,0.23567923265670307,2026-06
102631,2026-06-05,USA,North America,Keyboard,Accessories,3,70.34,36.37,211.02,109.11,101.91000000000001,0.4829400056866648,2026-06
102756,2026-06-05,France,Europe,Smartwatch,Wearables,5,219.26,129.92,1096.3,649.6,446.69999999999993,0.40746146127884697,2026-06
101477,2026-06-05,Mexico,North America,Headphones,Accessories,13,117.08,68.59,1522.04,891.67,630.37,0.4141612572599932,2026-06
104107,2026-06-05,New Zealand,Australia & Oceania,Smartwatch,Wearables,1,215.5,141.31,215.5,141.31,74.19,0.3442691415313225,2026-06
103359,2026-06-05,Mexico,North America,Tablet,Electronics,14,447.71,330.66,6267.94,4629.24,1638.6999999999998,0.26144155815148196,2026-06
102133,2026-06-05,South Korea,Asia,Headphones,Accessories,3,110.54,67.45,331.62,202.35,129.27,0.3898136421204994,2026-06
100631,2026-06-05,Mexico,North America,Smartwatch,Wearables,10,212.95,139.5,2129.5,1395.0,734.5,0.34491664710025827,2026-06
104498,2026-06-05,UK,Europe,Monitor,Electronics,1,351.34,224.97,351.34,224.97,126.36999999999998,0.35968008197187906,2026-06
100464,2026-06-05,India,Asia,Phone,Electronics,3,694.0,439.83,2082.0,1319.49,762.51,0.3662391930835735,2026-06
104709,2026-06-05,Canada,North America,Mouse,Accessories,2,46.18,22.57,92.36,45.14,47.22,0.5112602858380251,2026-06
101853,2026-06-05,Australia,Australia & Oceania,Laptop,Electronics,5,993.55,671.14,4967.75,3355.7,1612.0500000000002,0.3245030446379146,2026-06
104370,2026-06-05,Germany,Europe,Headphones,Accessories,14,127.31,71.14,1782.34,995.96,786.3799999999999,0.4412065038095986,2026-06
104929,2026-06-05,USA,North America,Keyboard,Accessories,2,74.79,35.77,149.58,71.54,78.04,0.5217275036769622,2026-06
103311,2026-06-06,USA,North America,Tablet,Electronics,3,406.21,314.88,1218.63,944.64,273.9900000000001,0.22483444523768503,2026-06
102656,2026-06-06,UAE,Asia,Monitor,Electronics,10,356.74,217.88,3567.4,2178.8,1388.6,0.38924707069574477,2026-06
103299,2026-06-06,India,Asia,Headphones,Accessories,9,128.9,72.67,1160.1,654.03,506.06999999999994,0.43622963537626064,2026-06
104952,2026-06-06,France,Europe,Phone,Electronics,6,617.23,449.82,3703.38,2698.92,1004.46,0.2712279053189249,2026-06
102310,2026-06-06,Singapore,Asia,Laptop,Electronics,1,883.82,608.75,883.82,608.75,275.07000000000005,0.3112285306962957,2026-06
101304,2026-06-06,Singapore,Asia,Phone,Electronics,2,681.09,444.29,1362.18,888.58,473.6,0.3476779867565226,2026-06
101362,2026-06-06,France,Europe,Mouse,Accessories,10,47.19,22.71,471.9,227.1,244.79999999999998,0.5187539732994279,2026-06
103449,2026-06-06,Japan,Asia,Keyboard,Accessories,6,77.97,40.31,467.82,241.86,225.95999999999998,0.4830062844683852,2026-06
100669,2026-06-07,UK,Europe,Mouse,Accessories,9,48.58,23.02,437.22,207.18,230.04000000000002,0.5261424454508028,2026-06
101439,2026-06-07,UK,Europe,Mouse,Accessories,6,43.92,24.22,263.52,145.32,118.19999999999999,0.44854280510018213,2026-06
104633,2026-06-07,Canada,North America,Laptop,Electronics,13,984.81,672.43,12802.53,8741.59,4060.9400000000005,0.31719824128512103,2026-06
102097,2026-06-07,Singapore,Asia,Laptop,Electronics,5,1001.39,624.79,5006.95,3123.95,1883.0,0.3760772526188598,2026-06
101329,2026-06-07,Canada,North America,Laptop,Electronics,15,894.68,684.29,13420.2,10264.35,3155.8500000000004,0.23515670407296466,2026-06
103849,2026-06-07,USA,North America,Headphones,Accessories,11,112.09,72.89,1232.99,801.79,431.20000000000005,0.34971897582299943,2026-06
104811,2026-06-07,UK,Europe,Laptop,Electronics,12,967.73,680.43,11612.76,8165.16,3447.6000000000004,0.29688032819071436,2026-06
102103,2026-06-07,Spain,Europe,Phone,Electronics,15,683.08,415.68,10246.2,6235.2,4011.000000000001,0.39146220062071796,2026-06
104056,2026-06-07,Italy,Europe,Phone,Electronics,7,676.66,457.28,4736.62,3200.96,1535.6599999999999,0.3242100907398102,2026-06
103764,2026-06-07,Spain,Europe,Headphones,Accessories,7,116.43,68.26,815.01,477.82,337.19,0.4137249849695096,2026-06
100212,2026-06-07,Mexico,North America,Smartwatch,Wearables,2,224.95,137.9,449.9,275.8,174.09999999999997,0.3869748833074016,2026-06
101138,2026-06-07,Japan,Asia,Monitor,Electronics,12,373.36,233.16,4480.32,2797.92,1682.3999999999996,0.3755088922219841,2026-06
102059,2026-06-07,Canada,North America,Phone,Electronics,13,615.56,455.77,8002.28,5925.01,2077.2699999999995,0.25958476834102273,2026-06
101441,2026-06-08,New Zealand,Australia & Oceania,Laptop,Electronics,15,1007.66,644.84,15114.9,9672.6,5442.299999999999,0.3600619256495246,2026-06
100267,2026-06-08,Canada,North America,Laptop,Electronics,9,971.21,667.33,8740.89,6005.97,2734.919999999999,0.31288804686936905,2026-06
103637,2026-06-08,Australia,Australia & Oceania,Laptop,Electronics,15,999.79,623.19,14996.85,9347.85,5649.0,0.3766791026115484,2026-06
103058,2026-06-08,Italy,Europe,Tablet,Electronics,1,478.94,308.52,478.94,308.52,170.42000000000002,0.35582745229047485,2026-06
103731,2026-06-08,Spain,Europe,Headphones,Accessories,15,125.51,70.23,1882.65,1053.45,829.2,0.44044299259023184,2026-06
100337,2026-06-08,New Zealand,Australia & Oceania,Phone,Electronics,7,658.23,465.67,4607.61,3259.69,1347.9199999999996,0.2925421205353751,2026-06
101331,2026-06-08,UAE,Asia,Headphones,Accessories,9,119.47,65.6,1075.23,590.4,484.83000000000004,0.4509081777852181,2026-06
102876,2026-06-08,Japan,Asia,Headphones,Accessories,7,109.93,65.68,769.51,459.76,309.75,0.40252888201582826,2026-06
103147,2026-06-08,New Zealand,Australia & Oceania,Smartwatch,Wearables,5,199.01,140.53,995.05,702.65,292.4,0.2938545801718507,2026-06
103290,2026-06-08,UK,Europe,Keyboard,Accessories,1,68.17,40.29,68.17,40.29,27.880000000000003,0.4089775561097257,2026-06
103723,2026-06-08,Australia,Australia & Oceania,Mouse,Accessories,12,48.4,22.72,580.8,272.64,308.15999999999997,0.5305785123966942,2026-06
102225,2026-06-08,Netherlands,Europe,Headphones,Accessories,12,113.73,68.93,1364.76,827.16,537.6,0.3939154136991119,2026-06
104410,2026-06-08,Japan,Asia,Tablet,Electronics,11,415.53,319.99,4570.83,3519.89,1050.94,0.22992323057300318,2026-06
103481,2026-06-09,UK,Europe,Laptop,Electronics,9,811.49,679.68,7303.41,6117.12,1186.29,0.16242960480104499,2026-06
102915,2026-06-09,UK,Europe,Mouse,Accessories,3,43.92,23.31,131.76,69.93,61.829999999999984,0.46926229508196715,2026-06
101880,2026-06-09,Japan,Asia,Mouse,Accessories,13,49.82,23.57,647.66,306.41,341.24999999999994,0.5268968285828983,2026-06
101628,2026-06-09,India,Asia,Keyboard,Accessories,7,77.03,39.9,539.21,279.3,259.91,0.482019992210827,2026-06
103742,2026-06-09,Canada,North America,Mouse,Accessories,3,40.6,23.44,121.8,70.32,51.480000000000004,0.4226600985221675,2026-06
103583,2026-06-09,Japan,Asia,Phone,Electronics,5,621.68,462.98,3108.4,2314.9,793.5,0.2552760262514477,2026-06
102474,2026-06-09,USA,North America,Monitor,Electronics,6,328.68,225.13,1972.08,1350.78,621.3,0.3150480710721674,2026-06
102641,2026-06-09,Spain,Europe,Headphones,Accessories,14,110.75,70.73,1550.5,990.22,560.28,0.36135440180586903,2026-06
101396,2026-06-09,USA,North America,Headphones,Accessories,15,111.62,66.15,1674.3,992.25,682.05,0.40736427163590755,2026-06
101045,2026-06-09,New Zealand,Australia & Oceania,Headphones,Accessories,9,125.27,71.39,1127.43,642.51,484.9200000000001,0.4301109603256965,2026-06
104170,2026-06-09,Spain,Europe,Headphones,Accessories,10,123.05,67.97,1230.5,679.7,550.8,0.447622917513206,2026-06
104551,2026-06-09,New Zealand,Australia & Oceania,Mouse,Accessories,15,47.11,22.7,706.65,340.5,366.15,0.5181490129484185,2026-06
101823,2026-06-09,USA,North America,Mouse,Accessories,6,42.17,24.01,253.02,144.06,108.96000000000001,0.4306378942376097,2026-06
101565,2026-06-09,USA,North America,Headphones,Accessories,5,132.95,69.83,664.75,349.15,315.6,0.4747649492290335,2026-06
100700,2026-06-10,UAE,Asia,Monitor,Electronics,8,377.62,229.82,3020.96,1838.56,1182.4,0.3913987606588634,2026-06
103171,2026-06-10,Canada,North America,Mouse,Accessories,13,44.69,24.45,580.97,317.85,263.12,0.4528977399865742,2026-06
103306,2026-06-10,Singapore,Asia,Phone,Electronics,14,682.49,407.34,9554.86,5702.76,3852.1000000000004,0.4031560901991238,2026-06
100977,2026-06-10,South Korea,Asia,Headphones,Accessories,12,122.83,65.24,1473.96,782.88,691.08,0.46885939916958397,2026-06
101213,2026-06-10,France,Europe,Monitor,Electronics,3,383.88,242.81,1151.64,728.43,423.21000000000015,0.36748463061373354,2026-06
103571,2026-06-10,Netherlands,Europe,Monitor,Electronics,7,333.22,226.46,2332.54,1585.22,747.3199999999999,0.3203889322369605,2026-06
103395,2026-06-10,Australia,Australia & Oceania,Smartwatch,Wearables,3,239.75,129.21,719.25,387.63,331.62,0.4610636079249218,2026-06
104570,2026-06-10,Australia,Australia & Oceania,Phone,Electronics,10,594.11,437.55,5941.1,4375.5,1565.6000000000004,0.2635202235276296,2026-06
101187,2026-06-11,Mexico,North America,Tablet,Electronics,11,423.89,292.7,4662.79,3219.7,1443.0900000000001,0.30949066974922745,2026-06
100418,2026-06-11,South Korea,Asia,Monitor,Electronics,3,333.98,238.15,1001.94,714.45,287.49,0.2869333493023534,2026-06
104504,2026-06-11,Italy,Europe,Phone,Electronics,15,667.73,433.19,10015.95,6497.85,3518.1000000000004,0.35124975663816216,2026-06
102780,2026-06-11,Spain,Europe,Tablet,Electronics,5,422.9,302.84,2114.5,1514.2,600.3,0.2838969023409789,2026-06
104385,2026-06-11,Australia,Australia & Oceania,Tablet,Electronics,7,481.12,321.05,3367.84,2247.35,1120.4900000000002,0.3327028599933489,2026-06
104346,2026-06-11,South Korea,Asia,Tablet,Electronics,8,478.9,321.28,3831.2,2570.24,1260.96,0.329129254541658,2026-06
103131,2026-06-11,Mexico,North America,Laptop,Electronics,11,911.93,602.22,10031.23,6624.42,3406.8099999999995,0.33962036559823666,2026-06
102524,2026-06-11,UAE,Asia,Headphones,Accessories,1,114.69,66.54,114.69,66.54,48.14999999999999,0.4198273607114831,2026-06
103940,2026-06-11,Japan,Asia,Laptop,Electronics,8,855.49,678.18,6843.92,5425.44,1418.4800000000005,0.20726133560883242,2026-06
102542,2026-06-11,USA,North America,Monitor,Electronics,13,386.01,228.43,5018.13,2969.59,2048.54,0.4082277661200487,2026-06
101822,2026-06-12,UK,Europe,Monitor,Electronics,4,364.61,219.76,1458.44,879.04,579.4000000000001,0.39727379940210095,2026-06
102483,2026-06-12,Australia,Australia & Oceania,Phone,Electronics,8,630.72,440.51,5045.76,3524.08,1521.6800000000003,0.30157597666159314,2026-06
103074,2026-06-12,Spain,Europe,Headphones,Accessories,8,109.27,69.62,874.16,556.96,317.19999999999993,0.36286263384277473,2026-06
100821,2026-06-12,Mexico,North America,Smartwatch,Wearables,3,240.93,145.85,722.79,437.55,285.23999999999995,0.39463744656124183,2026-06
104887,2026-06-12,India,Asia,Headphones,Accessories,9,133.26,66.61,1199.34,599.49,599.8499999999999,0.5001500825453999,2026-06
103367,2026-06-12,UAE,Asia,Smartwatch,Wearables,9,241.61,140.96,2174.49,1268.64,905.8499999999997,0.416580439551343,2026-06
101785,2026-06-12,Mexico,North America,Headphones,Accessories,12,134.34,72.16,1612.08,865.92,746.16,0.4628554414172994,2026-06
102653,2026-06-12,Japan,Asia,Smartwatch,Wearables,1,201.25,141.1,201.25,141.1,60.150000000000006,0.2988819875776398,2026-06
101463,2026-06-12,Italy,Europe,Mouse,Accessories,8,43.79,22.42,350.32,179.36,170.95999999999998,0.4880109614067138,2026-06
101271,2026-06-12,USA,North America,Smartwatch,Wearables,8,233.75,137.61,1870.0,1100.88,769.1199999999999,0.41129411764705875,2026-06
101788,2026-06-13,Canada,North America,Mouse,Accessories,7,47.41,23.23,331.87,162.61,169.26,0.5100189833368487,2026-06
104662,2026-06-13,Mexico,North America,Keyboard,Accessories,4,78.15,38.78,312.6,155.12,157.48000000000002,0.5037747920665387,2026-06
102119,2026-06-13,Spain,Europe,Headphones,Accessories,12,127.3,70.79,1527.6,849.48,678.1199999999999,0.4439120188531029,2026-06
100020,2026-06-13,UK,Europe,Tablet,Electronics,2,460.27,303.62,920.54,607.24,313.29999999999995,0.34034371129988916,2026-06
103325,2026-06-13,Mexico,North America,Monitor,Electronics,5,357.35,223.81,1786.75,1119.05,667.7,0.3736952567510844,2026-06
100716,2026-06-13,New Zealand,Australia & Oceania,Smartwatch,Wearables,13,231.95,131.51,3015.35,1709.63,1305.7199999999998,0.4330243586979952,2026-06
103806,2026-06-13,Australia,Australia & Oceania,Smartwatch,Wearables,3,226.27,135.9,678.81,407.7,271.10999999999996,0.39939010916162104,2026-06
103770,2026-06-13,France,Europe,Tablet,Electronics,1,429.53,330.88,429.53,330.88,98.64999999999998,0.2296696389076432,2026-06
104973,2026-06-13,South Korea,Asia,Keyboard,Accessories,7,67.03,35.85,469.21,250.95,218.26,0.46516485155900344,2026-06
103119,2026-06-14,Netherlands,Europe,Smartwatch,Wearables,14,241.72,138.59,3384.08,1940.26,1443.82,0.42665067019692204,2026-06
100869,2026-06-14,Australia,Australia & Oceania,Headphones,Accessories,1,121.81,71.07,121.81,71.07,50.74000000000001,0.4165503653230441,2026-06
104455,2026-06-14,New Zealand,Australia & Oceania,Smartwatch,Wearables,6,244.52,133.41,1467.12,800.46,666.6599999999999,0.45440045804024204,2026-06
102979,2026-06-14,Mexico,North America,Keyboard,Accessories,4,69.65,39.29,278.6,157.16,121.44000000000003,0.43589375448671935,2026-06
103440,2026-06-14,Australia,Australia & Oceania,Tablet,Electronics,5,423.46,320.24,2117.3,1601.2,516.1000000000001,0.24375383743446846,2026-06
102557,2026-06-14,UAE,Asia,Keyboard,Accessories,15,64.97,37.96,974.55,569.4,405.15,0.4157303370786517,2026-06
104618,2026-06-14,Australia,Australia & Oceania,Smartwatch,Wearables,10,234.94,130.99,2349.4,1309.9,1039.5,0.442453392355495,2026-06
102691,2026-06-14,India,Asia,Headphones,Accessories,3,122.19,65.89,366.57,197.67,168.9,0.460757836156805,2026-06
102627,2026-06-14,UK,Europe,Tablet,Electronics,1,497.1,290.41,497.1,290.41,206.69,0.4157915912291289,2026-06
103335,2026-06-14,Australia,Australia & Oceania,Keyboard,Accessories,8,76.17,38.05,609.36,304.4,304.96000000000004,0.5004594984902193,2026-06
104752,2026-06-14,UAE,Asia,Smartwatch,Wearables,9,205.01,132.4,1845.09,1191.6,653.49,0.35417784498317156,2026-06
103863,2026-06-14,Singapore,Asia,Phone,Electronics,3,726.98,412.47,2180.94,1237.41,943.53,0.43262538171614073,2026-06
104262,2026-06-15,Australia,Australia & Oceania,Laptop,Electronics,10,814.01,596.79,8140.1,5967.9,2172.2000000000007,0.26685175857790455,2026-06
103212,2026-06-15,Canada,North America,Smartwatch,Wearables,5,210.7,133.06,1053.5,665.3,388.20000000000005,0.36848599905078316,2026-06
100879,2026-06-15,Germany,Europe,Headphones,Accessories,2,111.94,69.35,223.88,138.7,85.18,0.3804716812578167,2026-06
102142,2026-06-15,UAE,Asia,Mouse,Accessories,13,48.51,21.74,630.63,282.62,348.01,0.551844980416409,2026-06
103238,2026-06-15,Australia,Australia & Oceania,Phone,Electronics,14,697.96,431.13,9771.44,6035.82,3735.620000000001,0.38229984526333893,2026-06
101569,2026-06-15,USA,North America,Monitor,Electronics,6,317.16,238.42,1902.96,1430.52,472.44000000000005,0.24826585950308994,2026-06
101301,2026-06-15,Spain,Europe,Phone,Electronics,12,664.75,454.37,7977.0,5452.44,2524.5600000000004,0.3164798796540053,2026-06
101169,2026-06-15,UK,Europe,Mouse,Accessories,13,48.34,23.49,628.42,305.37,323.04999999999995,0.5140670252378982,2026-06
102078,2026-06-15,India,Asia,Headphones,Accessories,13,113.45,67.31,1474.85,875.03,599.8199999999999,0.40669898633759366,2026-06
101023,2026-06-16,New Zealand,Australia & Oceania,Mouse,Accessories,10,44.07,22.48,440.7,224.8,215.89999999999998,0.48990242795552524,2026-06
100842,2026-06-16,USA,North America,Mouse,Accessories,14,41.99,22.18,587.86,310.52,277.34000000000003,0.47177899499880926,2026-06
100484,2026-06-16,Canada,North America,Monitor,Electronics,13,324.19,229.85,4214.47,2988.05,1226.42,0.2910021900737222,2026-06
103228,2026-06-16,UAE,Asia,Phone,Electronics,14,621.51,435.88,8701.14,6102.32,2598.8199999999997,0.29867580569902336,2026-06
100324,2026-06-16,France,Europe,Tablet,Electronics,4,408.44,328.51,1633.76,1314.04,319.72,0.19569581823523652,2026-06
104312,2026-06-16,New Zealand,Australia & Oceania,Laptop,Electronics,3,903.38,638.9,2710.14,1916.7,793.4399999999998,0.29276716331997604,2026-06
103348,2026-06-16,Germany,Europe,Monitor,Electronics,6,368.81,235.86,2212.86,1415.16,797.7,0.36048371790352757,2026-06
104160,2026-06-16,India,Asia,Monitor,Electronics,4,365.06,243.64,1460.24,974.56,485.68000000000006,0.3326028598038679,2026-06
103560,2026-06-16,Japan,Asia,Laptop,Electronics,13,970.87,661.32,12621.31,8597.16,4024.1499999999996,0.3188377434671995,2026-06
101878,2026-06-17,Singapore,Asia,Smartwatch,Wearables,15,198.65,133.24,2979.75,1998.6,981.1500000000001,0.3292725899823811,2026-06
104378,2026-06-17,Canada,North America,Phone,Electronics,14,653.85,438.5,9153.9,6139.0,3014.8999999999996,0.32935688613596387,2026-06
104470,2026-06-17,New Zealand,Australia & Oceania,Monitor,Electronics,10,356.51,239.28,3565.1,2392.8,1172.2999999999997,0.3288266808785167,2026-06
102349,2026-06-17,Singapore,Asia,Tablet,Electronics,2,494.51,332.55,989.02,665.1,323.91999999999996,0.3275161270752866,2026-06
100449,2026-06-17,South Korea,Asia,Phone,Electronics,3,697.56,449.41,2092.68,1348.23,744.4499999999998,0.3557400080279832,2026-06
104945,2026-06-17,Mexico,North America,Phone,Electronics,1,649.34,417.91,649.34,417.91,231.43,0.3564080450919395,2026-06
102615,2026-06-17,Spain,Europe,Phone,Electronics,4,618.47,445.36,2473.88,1781.44,692.44,0.27990039937264544,2026-06
102633,2026-06-18,Italy,Europe,Keyboard,Accessories,15,72.87,38.74,1093.05,581.1,511.94999999999993,0.46836832715795246,2026-06
101028,2026-06-18,Mexico,North America,Keyboard,Accessories,13,63.92,37.27,830.96,484.51,346.45000000000005,0.416927409261577,2026-06
104152,2026-06-18,Spain,Europe,Keyboard,Accessories,10,63.95,36.55,639.5,365.5,274.0,0.4284597341673182,2026-06
102449,2026-06-18,Germany,Europe,Mouse,Accessories,7,43.66,23.59,305.62,165.13,140.49,0.45968850206138345,2026-06
104866,2026-06-18,Mexico,North America,Headphones,Accessories,13,125.1,64.24,1626.3,835.12,791.18,0.4864908073541167,2026-06
101433,2026-06-18,Singapore,Asia,Mouse,Accessories,14,48.8,24.19,683.2,338.66,344.54,0.5043032786885245,2026-06
101859,2026-06-18,Mexico,North America,Mouse,Accessories,8,41.32,24.77,330.56,198.16,132.4,0.40053242981606973,2026-06
102658,2026-06-18,Australia,Australia & Oceania,Tablet,Electronics,7,465.25,322.57,3256.75,2257.99,998.7600000000002,0.30667383127350895,2026-06
100480,2026-06-18,India,Asia,Mouse,Accessories,15,50.0,23.69,750.0,355.35,394.65,0.5262,2026-06
104311,2026-06-18,Germany,Europe,Monitor,Electronics,13,324.48,237.19,4218.24,3083.47,1134.77,0.26901503944773175,2026-06
102552,2026-06-18,Germany,Europe,Smartwatch,Wearables,2,215.13,146.14,430.26,292.28,137.98000000000002,0.3206898154604193,2026-06
103182,2026-06-18,Germany,Europe,Keyboard,Accessories,5,67.58,36.68,337.9,183.4,154.49999999999997,0.4572358686001775,2026-06
100200,2026-06-18,Mexico,North America,Laptop,Electronics,5,904.0,600.25,4520.0,3001.25,1518.75,0.3360066371681416,2026-06
103891,2026-06-19,USA,North America,Phone,Electronics,10,725.4,432.11,7254.0,4321.1,2932.8999999999996,0.4043148607664736,2026-06
103386,2026-06-19,Australia,Australia & Oceania,Laptop,Electronics,12,931.05,682.48,11172.6,8189.76,2982.84,0.26697814295687666,2026-06
104810,2026-06-19,New Zealand,Australia & Oceania,Smartwatch,Wearables,10,243.23,130.61,2432.3,1306.1,1126.2000000000003,0.46301854212062665,2026-06
102745,2026-06-19,USA,North America,Headphones,Accessories,10,109.21,65.62,1092.1,656.2,435.89999999999986,0.3991392729603515,2026-06
103563,2026-06-19,UK,Europe,Mouse,Accessories,1,49.98,24.33,49.98,24.33,25.65,0.5132052821128451,2026-06
100256,2026-06-19,India,Asia,Keyboard,Accessories,15,63.21,35.51,948.15,532.65,415.5,0.4382218003480462,2026-06
103380,2026-06-19,Mexico,North America,Headphones,Accessories,8,122.24,65.45,977.92,523.6,454.31999999999994,0.46457787958115176,2026-06
103213,2026-06-19,Netherlands,Europe,Monitor,Electronics,9,332.9,231.93,2996.1,2087.37,908.73,0.30330429558425953,2026-06
103008,2026-06-20,UK,Europe,Monitor,Electronics,2,363.14,221.35,726.28,442.7,283.58,0.3904554717188963,2026-06
104639,2026-06-20,Canada,North America,Laptop,Electronics,12,870.33,677.14,10443.96,8125.68,2318.279999999999,0.2219732745050727,2026-06
101700,2026-06-20,UAE,Asia,Keyboard,Accessories,1,70.52,40.1,70.52,40.1,30.419999999999995,0.4313669880884855,2026-06
101735,2026-06-20,UK,Europe,Smartwatch,Wearables,2,198.84,133.24,397.68,266.48,131.2,0.32991349829008243,2026-06
104795,2026-06-20,France,Europe,Monitor,Electronics,1,372.41,224.89,372.41,224.89,147.52000000000004,0.39612255310007793,2026-06
102095,2026-06-20,Spain,Europe,Tablet,Electronics,8,424.95,332.61,3399.6,2660.88,738.7199999999998,0.21729615248852802,2026-06
101844,2026-06-20,Canada,North America,Smartwatch,Wearables,10,209.02,145.88,2090.2,1458.8,631.3999999999999,0.30207635632953783,2026-06
101198,2026-06-21,Australia,Australia & Oceania,Headphones,Accessories,4,122.28,67.31,489.12,269.24,219.88,0.4495420346745175,2026-06
104169,2026-06-21,UK,Europe,Tablet,Electronics,9,416.43,314.67,3747.87,2832.03,915.8399999999997,0.24436279806930328,2026-06
100156,2026-06-21,France,Europe,Tablet,Electronics,8,481.51,298.25,3852.08,2386.0,1466.08,0.38059438017902014,2026-06
102101,2026-06-21,Australia,Australia & Oceania,Smartwatch,Wearables,2,208.17,141.13,416.34,282.26,134.07999999999998,0.32204448287457366,2026-06
100368,2026-06-21,New Zealand,Australia & Oceania,Tablet,Electronics,9,468.67,320.63,4218.03,2885.67,1332.3599999999997,0.31587257558623333,2026-06
103533,2026-06-21,UAE,Asia,Mouse,Accessories,12,41.9,22.06,502.8,264.72,238.07999999999998,0.473508353221957,2026-06
103572,2026-06-21,South Korea,Asia,Monitor,Electronics,6,326.04,229.35,1956.24,1376.1,580.1400000000001,0.29655870445344135,2026-06
100009,2026-06-21,Mexico,North America,Smartwatch,Wearables,8,233.36,145.1,1866.88,1160.8,706.0800000000002,0.3782139184093247,2026-06
104375,2026-06-21,South Korea,Asia,Laptop,Electronics,13,893.01,686.29,11609.13,8921.77,2687.3599999999988,0.2314867694650675,2026-06
101582,2026-06-21,Singapore,Asia,Smartwatch,Wearables,8,237.08,131.57,1896.64,1052.56,844.0800000000002,0.44503964906360727,2026-06
101791,2026-06-22,Netherlands,Europe,Headphones,Accessories,13,128.74,65.56,1673.62,852.28,821.3399999999999,0.4907565636165916,2026-06
101228,2026-06-22,Netherlands,Europe,Tablet,Electronics,6,420.9,311.74,2525.4,1870.44,654.96,0.25934901401758137,2026-06
102492,2026-06-22,Italy,Europe,Mouse,Accessories,3,46.17,24.23,138.51,72.69,65.82,0.47520034654537574,2026-06
101493,2026-06-22,Spain,Europe,Laptop,Electronics,10,820.15,623.71,8201.5,6237.1,1964.3999999999996,0.23951716149484845,2026-06
100271,2026-06-22,Mexico,North America,Headphones,Accessories,9,132.75,71.3,1194.75,641.7,553.05,0.4629001883239171,2026-06
101420,2026-06-22,Australia,Australia & Oceania,Keyboard,Accessories,9,70.88,35.76,637.92,321.84,316.08,0.49548532731376976,2026-06
101580,2026-06-22,South Korea,Asia,Tablet,Electronics,5,429.25,293.51,2146.25,1467.55,678.7,0.3162259755387304,2026-06
104732,2026-06-22,Netherlands,Europe,Smartwatch,Wearables,5,212.51,136.4,1062.55,682.0,380.54999999999995,0.3581478518657945,2026-06
104842,2026-06-22,Australia,Australia & Oceania,Smartwatch,Wearables,15,234.35,134.47,3515.25,2017.05,1498.2,0.4262001280136548,2026-06
100446,2026-06-22,Australia,Australia & Oceania,Keyboard,Accessories,8,78.36,40.65,626.88,325.2,301.68,0.48124042879019907,2026-06
102563,2026-06-22,Netherlands,Europe,Tablet,Electronics,3,425.13,305.32,1275.39,915.96,359.43000000000006,0.28181967868651947,2026-06
100057,2026-06-22,Germany,Europe,Tablet,Electronics,3,440.29,318.19,1320.87,954.57,366.29999999999984,0.27731722273955794,2026-06
102748,2026-06-23,France,Europe,Smartwatch,Wearables,10,202.69,129.98,2026.9,1299.8,727.1000000000001,0.35872514677586465,2026-06
100727,2026-06-23,Germany,Europe,Phone,Electronics,3,685.8,418.17,2057.4,1254.51,802.8900000000001,0.3902449693788277,2026-06
102991,2026-06-23,Spain,Europe,Monitor,Electronics,10,348.31,238.5,3483.1,2385.0,1098.1,0.31526513737762335,2026-06
101377,2026-06-23,Singapore,Asia,Laptop,Electronics,15,849.65,665.58,12744.75,9983.7,2761.0499999999993,0.2166421467663155,2026-06
104489,2026-06-23,USA,North America,Laptop,Electronics,10,917.96,606.12,9179.6,6061.2,3118.4000000000005,0.3397097912763084,2026-06
104775,2026-06-23,Japan,Asia,Smartwatch,Wearables,11,232.82,138.0,2561.02,1518.0,1043.02,0.4072674168885835,2026-06
103370,2026-06-24,Mexico,North America,Smartwatch,Wearables,10,223.22,136.61,2232.2,1366.1,866.0999999999999,0.38800286712660154,2026-06
104888,2026-06-24,Canada,North America,Smartwatch,Wearables,6,208.84,141.62,1253.04,849.72,403.31999999999994,0.32187320436697947,2026-06
100465,2026-06-24,New Zealand,Australia & Oceania,Tablet,Electronics,8,456.52,311.04,3652.16,2488.32,1163.8399999999997,0.3186716901778673,2026-06
104473,2026-06-24,Spain,Europe,Phone,Electronics,9,611.17,423.73,5500.53,3813.57,1686.9599999999996,0.3066904461933668,2026-06
103907,2026-06-24,Singapore,Asia,Tablet,Electronics,6,439.56,293.38,2637.36,1760.28,877.0800000000002,0.3325598325598326,2026-06
101034,2026-06-24,UK,Europe,Headphones,Accessories,2,130.9,66.78,261.8,133.56,128.24,0.4898395721925134,2026-06
103740,2026-06-24,Japan,Asia,Headphones,Accessories,12,121.35,71.68,1456.2,860.16,596.0400000000001,0.4093119077049856,2026-06
102152,2026-06-24,UK,Europe,Laptop,Electronics,2,888.27,608.73,1776.54,1217.46,559.0799999999999,0.3147016109966564,2026-06
101608,2026-06-24,USA,North America,Monitor,Electronics,13,384.56,232.13,4999.28,3017.69,1981.5899999999997,0.39637507801123356,2026-06
101067,2026-06-24,Netherlands,Europe,Laptop,Electronics,12,996.4,684.88,11956.8,8218.56,3738.24,0.31264552388598954,2026-06
101983,2026-06-24,Japan,Asia,Monitor,Electronics,4,320.95,240.42,1283.8,961.68,322.12,0.2509113569091759,2026-06
100176,2026-06-24,Italy,Europe,Monitor,Electronics,1,387.47,221.53,387.47,221.53,165.94000000000003,0.42826541409657526,2026-06
104698,2026-06-25,Singapore,Asia,Mouse,Accessories,9,50.3,24.59,452.7,221.31,231.39,0.5111332007952286,2026-06
103730,2026-06-25,India,Asia,Keyboard,Accessories,4,74.87,36.22,299.48,144.88,154.60000000000002,0.5162281287565114,2026-06
101826,2026-06-25,Japan,Asia,Tablet,Electronics,7,410.71,299.43,2874.97,2096.01,778.9599999999996,0.270945435952375,2026-06
104422,2026-06-25,Australia,Australia & Oceania,Phone,Electronics,2,608.82,417.11,1217.64,834.22,383.4200000000001,0.3148878157747775,2026-06
101173,2026-06-25,Canada,North America,Keyboard,Accessories,13,74.78,38.32,972.14,498.16,473.97999999999996,0.4875635196576624,2026-06
103660,2026-06-25,Australia,Australia & Oceania,Keyboard,Accessories,6,76.83,36.51,460.98,219.06,241.92000000000002,0.5247950019523624,2026-06
102156,2026-06-25,France,Europe,Headphones,Accessories,12,115.95,71.19,1391.4,854.28,537.1200000000001,0.3860284605433377,2026-06
102581,2026-06-25,France,Europe,Phone,Electronics,2,704.68,411.13,1409.36,822.26,587.0999999999999,0.41657206107736844,2026-06
101126,2026-06-25,UAE,Asia,Smartwatch,Wearables,2,240.56,135.58,481.12,271.16,209.95999999999998,0.43639840372464245,2026-06
102276,2026-06-25,USA,North America,Keyboard,Accessories,1,64.52,40.24,64.52,40.24,24.279999999999994,0.37631742095474263,2026-06
100571,2026-06-25,Japan,Asia,Keyboard,Accessories,3,72.74,38.89,218.22,116.67,101.55,0.4653560626890294,2026-06
101149,2026-06-25,New Zealand,Australia & Oceania,Smartwatch,Wearables,9,231.76,132.22,2085.84,1189.98,895.8600000000001,0.42949603037625134,2026-06
102942,2026-06-25,USA,North America,Mouse,Accessories,1,48.68,24.49,48.68,24.49,24.19,0.49691865242399347,2026-06
102952,2026-06-25,Canada,North America,Headphones,Accessories,13,125.81,65.33,1635.53,849.29,786.24,0.48072490263095147,2026-06
102237,2026-06-25,Australia,Australia & Oceania,Monitor,Electronics,3,369.87,235.4,1109.61,706.2,403.40999999999985,0.3635601697893854,2026-06
102073,2026-06-25,Italy,Europe,Monitor,Electronics,4,365.83,237.83,1463.32,951.32,511.9999999999999,0.349889292840937,2026-06
102728,2026-06-25,France,Europe,Smartwatch,Wearables,5,232.82,141.88,1164.1,709.4,454.69999999999993,0.390602181943132,2026-06
100408,2026-06-25,Germany,Europe,Laptop,Electronics,5,924.88,686.87,4624.4,3434.35,1190.0499999999997,0.2573414929504368,2026-06
100665,2026-06-25,France,Europe,Headphones,Accessories,15,117.31,71.75,1759.65,1076.25,683.4000000000001,0.38837268775040495,2026-06
103762,2026-06-25,USA,North America,Monitor,Electronics,5,337.51,237.11,1687.55,1185.55,502.0,0.29747266747651924,2026-06
104283,2026-06-26,Spain,Europe,Phone,Electronics,15,675.31,465.7,10129.65,6985.5,3144.1499999999996,0.31039078349202587,2026-06
102069,2026-06-26,Netherlands,Europe,Laptop,Electronics,3,848.78,650.25,2546.34,1950.75,595.5900000000001,0.23390042178185164,2026-06
102699,2026-06-26,Canada,North America,Tablet,Electronics,7,501.56,315.57,3510.92,2208.99,1301.9300000000003,0.3708230321397241,2026-06
104581,2026-06-26,New Zealand,Australia & Oceania,Mouse,Accessories,6,44.96,21.81,269.76,130.86,138.89999999999998,0.5149021352313167,2026-06
100107,2026-06-26,UAE,Asia,Headphones,Accessories,7,131.46,66.06,920.22,462.42,457.8,0.49748973071656777,2026-06
103169,2026-06-26,Canada,North America,Mouse,Accessories,4,47.91,23.34,191.64,93.36,98.27999999999999,0.5128365685660613,2026-06
101635,2026-06-26,Australia,Australia & Oceania,Laptop,Electronics,12,972.23,625.34,11666.76,7504.08,4162.68,0.3567982884708351,2026-06
103695,2026-06-26,India,Asia,Headphones,Accessories,8,128.87,66.87,1030.96,534.96,496.0,0.48110498952432684,2026-06
103439,2026-06-26,New Zealand,Australia & Oceania,Phone,Electronics,5,653.52,428.11,3267.6,2140.55,1127.0499999999997,0.34491675847716974,2026-06
103415,2026-06-27,USA,North America,Headphones,Accessories,6,129.72,68.34,778.32,410.04,368.28000000000003,0.47317298797409807,2026-06
104105,2026-06-27,Germany,Europe,Monitor,Electronics,2,349.22,222.46,698.44,444.92,253.52000000000004,0.3629803562224386,2026-06
100413,2026-06-27,New Zealand,Australia & Oceania,Monitor,Electronics,11,371.71,242.43,4088.81,2666.73,1422.08,0.3477980145812596,2026-06
104444,2026-06-27,UAE,Asia,Phone,Electronics,7,646.22,427.44,4523.54,2992.08,1531.46,0.33855343381510944,2026-06
100032,2026-06-27,Netherlands,Europe,Monitor,Electronics,3,343.86,221.0,1031.58,663.0,368.5799999999999,0.35729657418716915,2026-06
104681,2026-06-27,Netherlands,Europe,Smartwatch,Wearables,1,203.47,139.51,203.47,139.51,63.96000000000001,0.31434609524745666,2026-06
101705,2026-06-27,Japan,Asia,Mouse,Accessories,6,41.38,22.16,248.28,132.96,115.32,0.4644755920734654,2026-06
104428,2026-06-27,Italy,Europe,Mouse,Accessories,7,46.16,24.4,323.12,170.8,152.32,0.47140381282495664,2026-06
103980,2026-06-27,Japan,Asia,Mouse,Accessories,9,49.09,23.72,441.81,213.48,228.33,0.5168058667753107,2026-06
104847,2026-06-27,Australia,Australia & Oceania,Headphones,Accessories,11,131.47,69.5,1446.17,764.5,681.6700000000001,0.47136228797444285,2026-06
104844,2026-06-27,Italy,Europe,Smartwatch,Wearables,12,244.29,133.64,2931.48,1603.68,1327.8,0.45294526996602397,2026-06
102901,2026-06-28,Germany,Europe,Monitor,Electronics,12,383.99,247.67,4607.88,2972.04,1635.8400000000001,0.35500924503242276,2026-06
103304,2026-06-28,India,Asia,Smartwatch,Wearables,1,233.01,130.37,233.01,130.37,102.63999999999999,0.44049611604652156,2026-06
103805,2026-06-28,Netherlands,Europe,Laptop,Electronics,5,865.92,654.96,4329.6,3274.8,1054.8000000000002,0.24362527716186255,2026-06
103556,2026-06-28,Canada,North America,Phone,Electronics,8,617.06,435.1,4936.48,3480.8,1455.6799999999994,0.29488218325608523,2026-06
100088,2026-06-28,Canada,North America,Tablet,Electronics,10,496.12,305.93,4961.2,3059.3,1901.8999999999996,0.3833548335080222,2026-06
102487,2026-06-28,South Korea,Asia,Smartwatch,Wearables,9,217.04,128.17,1953.36,1153.53,799.8299999999999,0.4094636933284187,2026-06
104553,2026-06-28,Spain,Europe,Phone,Electronics,3,645.85,441.74,1937.55,1325.22,612.3299999999999,0.31603313462878374,2026-06
104733,2026-06-28,USA,North America,Keyboard,Accessories,13,65.56,39.31,852.28,511.03,341.25,0.40039658328248934,2026-06
104506,2026-06-28,Spain,Europe,Laptop,Electronics,9,941.41,686.1,8472.69,6174.9,2297.790000000001,0.27119958360331853,2026-06
104701,2026-06-29,Italy,Europe,Laptop,Electronics,10,873.48,662.46,8734.8,6624.6,2110.199999999999,0.24158538260750093,2026-06
102619,2026-06-29,Canada,North America,Phone,Electronics,14,638.91,455.99,8944.74,6383.86,2560.88,0.2863001048661001,2026-06
103545,2026-06-29,Australia,Australia & Oceania,Laptop,Electronics,2,837.14,603.06,1674.28,1206.12,468.1600000000001,0.2796187017703133,2026-06
101866,2026-06-29,Australia,Australia & Oceania,Headphones,Accessories,9,112.93,65.12,1016.37,586.08,430.28999999999996,0.42335960329407596,2026-06
103282,2026-06-29,Netherlands,Europe,Mouse,Accessories,10,44.09,23.46,440.9,234.6,206.29999999999998,0.46790655477432525,2026-06
100560,2026-06-29,USA,North America,Smartwatch,Wearables,3,234.56,128.45,703.68,385.35,318.3299999999999,0.4523789222373806,2026-06
101889,2026-06-29,USA,North America,Headphones,Accessories,12,129.35,72.43,1552.2,869.16,683.0400000000001,0.440046385775029,2026-06
102222,2026-06-29,Japan,Asia,Phone,Electronics,6,653.54,453.19,3921.24,2719.14,1202.1,0.3065611898277076,2026-06
101407,2026-06-29,USA,North America,Phone,Electronics,6,662.78,412.98,3976.68,2477.88,1498.7999999999997,0.37689731132502485,2026-06
101488,2026-06-29,USA,North America,Phone,Electronics,8,618.96,412.18,4951.68,3297.44,1654.2400000000002,0.33407651544526307,2026-06
102159,2026-06-30,UAE,Asia,Phone,Electronics,7,639.15,425.82,4474.05,2980.74,1493.3100000000004,0.3337714151607605,2026-06
102911,2026-06-30,Italy,Europe,Monitor,Electronics,14,345.99,227.59,4843.86,3186.26,1657.5999999999995,0.3422064221509291,2026-06
103759,2026-06-30,South Korea,Asia,Headphones,Accessories,3,118.21,64.18,354.63,192.54,162.09,0.45706792995516454,2026-06
102879,2026-06-30,South Korea,Asia,Smartwatch,Wearables,9,222.99,138.48,2006.91,1246.32,760.5900000000001,0.3789856047356384,2026-06
104162,2026-06-30,UK,Europe,Monitor,Electronics,9,353.98,240.49,3185.82,2164.41,1021.4100000000003,0.3206113339736709,2026-06
100980,2026-06-30,Singapore,Asia,Headphones,Accessories,1,109.94,66.3,109.94,66.3,43.64,0.3969437875204657,2026-06
101426,2026-06-30,New Zealand,Australia & Oceania,Smartwatch,Wearables,14,204.15,132.73,2858.1,1858.22,999.8799999999999,0.34984080333088413,2026-06
100530,2026-06-30,Australia,Australia & Oceania,Tablet,Electronics,8,461.86,304.26,3694.88,2434.08,1260.8000000000002,0.34122894383579444,2026-06
